nation,nation_code,period,date,metric,value,unit,source
England,ENG,2018-04,2018-04-30,ae_4hr_pct,88.57248828216929,percent,NHS England
England,ENG,2018-05,2018-05-31,ae_4hr_pct,90.39011151983544,percent,NHS England
England,ENG,2018-06,2018-06-30,ae_4hr_pct,90.7629724223498,percent,NHS England
England,ENG,2018-07,2018-07-31,ae_4hr_pct,89.31949047110504,percent,NHS England
England,ENG,2018-08,2018-08-31,ae_4hr_pct,89.72702710007839,percent,NHS England
England,ENG,2018-09,2018-09-30,ae_4hr_pct,88.94368286304747,percent,NHS England
England,ENG,2018-10,2018-10-31,ae_4hr_pct,89.00933497219513,percent,NHS England
England,ENG,2018-11,2018-11-30,ae_4hr_pct,87.60446687116354,percent,NHS England
England,ENG,2018-12,2018-12-31,ae_4hr_pct,86.44632183941728,percent,NHS England
England,ENG,2019-01,2019-01-31,ae_4hr_pct,84.3525141560121,percent,NHS England
England,ENG,2019-02,2019-02-28,ae_4hr_pct,84.22525009629418,percent,NHS England
England,ENG,2019-03,2019-03-31,ae_4hr_pct,86.60931161481321,percent,NHS England
England,ENG,2019-04,2019-04-30,ae_4hr_pct,85.12516777808553,percent,NHS England
England,ENG,2019-05,2019-05-31,ae_4hr_pct,87.96204982859163,percent,NHS England
England,ENG,2019-06,2019-06-30,ae_4hr_pct,87.73322605879447,percent,NHS England
England,ENG,2019-07,2019-07-31,ae_4hr_pct,87.83625085538951,percent,NHS England
England,ENG,2019-08,2019-08-31,ae_4hr_pct,87.63876571148965,percent,NHS England
England,ENG,2019-09,2019-09-30,ae_4hr_pct,86.70979044856112,percent,NHS England
England,ENG,2019-10,2019-10-31,ae_4hr_pct,85.2583163087865,percent,NHS England
England,ENG,2019-11,2019-11-30,ae_4hr_pct,83.29241126099542,percent,NHS England
England,ENG,2019-12,2019-12-31,ae_4hr_pct,81.8302555746589,percent,NHS England
England,ENG,2020-01,2020-01-31,ae_4hr_pct,83.50713975303458,percent,NHS England
England,ENG,2020-02,2020-02-29,ae_4hr_pct,84.49975148386218,percent,NHS England
England,ENG,2020-03,2020-03-31,ae_4hr_pct,85.84666023850357,percent,NHS England
England,ENG,2020-04,2020-04-30,ae_4hr_pct,91.47532935111693,percent,NHS England
England,ENG,2020-05,2020-05-31,ae_4hr_pct,94.22579937028317,percent,NHS England
England,ENG,2020-06,2020-06-30,ae_4hr_pct,93.56934131668608,percent,NHS England
England,ENG,2020-07,2020-07-31,ae_4hr_pct,92.8679091800847,percent,NHS England
England,ENG,2020-08,2020-08-31,ae_4hr_pct,90.33748050468789,percent,NHS England
England,ENG,2020-09,2020-09-30,ae_4hr_pct,88.65952723923772,percent,NHS England
England,ENG,2020-10,2020-10-31,ae_4hr_pct,86.1817354207686,percent,NHS England
England,ENG,2020-11,2020-11-30,ae_4hr_pct,85.67489644324982,percent,NHS England
England,ENG,2020-12,2020-12-31,ae_4hr_pct,82.51450829132405,percent,NHS England
England,ENG,2021-01,2021-01-31,ae_4hr_pct,80.94218366409675,percent,NHS England
England,ENG,2021-02,2021-02-28,ae_4hr_pct,85.73380142728492,percent,NHS England
England,ENG,2021-03,2021-03-31,ae_4hr_pct,87.68218428387459,percent,NHS England
England,ENG,2021-04,2021-04-30,ae_4hr_pct,86.98334397866931,percent,NHS England
England,ENG,2021-05,2021-05-31,ae_4hr_pct,85.5021965346883,percent,NHS England
England,ENG,2021-06,2021-06-30,ae_4hr_pct,83.36504210219866,percent,NHS England
England,ENG,2021-07,2021-07-31,ae_4hr_pct,80.18622044619578,percent,NHS England
England,ENG,2021-08,2021-08-31,ae_4hr_pct,79.55384345620533,percent,NHS England
England,ENG,2021-09,2021-09-30,ae_4hr_pct,77.98941709398817,percent,NHS England
England,ENG,2021-10,2021-10-31,ae_4hr_pct,76.82734956822841,percent,NHS England
England,ENG,2021-11,2021-11-30,ae_4hr_pct,76.889578032881,percent,NHS England
England,ENG,2021-12,2021-12-31,ae_4hr_pct,76.35564550458167,percent,NHS England
England,ENG,2022-01,2022-01-31,ae_4hr_pct,77.19690998623082,percent,NHS England
England,ENG,2022-02,2022-02-28,ae_4hr_pct,76.23557615663296,percent,NHS England
England,ENG,2022-03,2022-03-31,ae_4hr_pct,74.72073268413894,percent,NHS England
England,ENG,2022-04,2022-04-30,ae_4hr_pct,75.17010088742289,percent,NHS England
England,ENG,2022-05,2022-05-31,ae_4hr_pct,75.7422237627141,percent,NHS England
England,ENG,2022-06,2022-06-30,ae_4hr_pct,75.0694326891884,percent,NHS England
England,ENG,2022-07,2022-07-31,ae_4hr_pct,74.17327670965392,percent,NHS England
England,ENG,2022-08,2022-08-31,ae_4hr_pct,74.7718946784528,percent,NHS England
England,ENG,2022-09,2022-09-30,ae_4hr_pct,74.16829268171247,percent,NHS England
England,ENG,2022-10,2022-10-31,ae_4hr_pct,72.79390391713451,percent,NHS England
England,ENG,2022-11,2022-11-30,ae_4hr_pct,72.36350768586803,percent,NHS England
England,ENG,2022-12,2022-12-31,ae_4hr_pct,68.96876698666436,percent,NHS England
England,ENG,2023-01,2023-01-31,ae_4hr_pct,75.45924531254286,percent,NHS England
England,ENG,2023-02,2023-02-28,ae_4hr_pct,74.59659746567769,percent,NHS England
England,ENG,2023-03,2023-03-31,ae_4hr_pct,74.58215813746479,percent,NHS England
England,ENG,2023-04,2023-04-30,ae_4hr_pct,77.34616821694755,percent,NHS England
England,ENG,2023-05,2023-05-31,ae_4hr_pct,76.83384841572648,percent,NHS England
England,ENG,2023-06,2023-06-30,ae_4hr_pct,73.38077553121992,percent,NHS England
England,ENG,2023-07,2023-07-31,ae_4hr_pct,74.03053113778743,percent,NHS England
England,ENG,2023-08,2023-08-31,ae_4hr_pct,73.03054561414235,percent,NHS England
England,ENG,2023-09,2023-09-30,ae_4hr_pct,71.69861837030183,percent,NHS England
England,ENG,2023-10,2023-10-31,ae_4hr_pct,70.31456804776292,percent,NHS England
England,ENG,2023-11,2023-11-30,ae_4hr_pct,69.81893204600145,percent,NHS England
England,ENG,2023-12,2023-12-31,ae_4hr_pct,69.50631556882226,percent,NHS England
England,ENG,2024-01,2024-01-31,ae_4hr_pct,70.36490984277117,percent,NHS England
England,ENG,2024-02,2024-02-29,ae_4hr_pct,70.99241735416545,percent,NHS England
England,ENG,2024-03,2024-03-31,ae_4hr_pct,74.34526147561768,percent,NHS England
England,ENG,2024-04,2024-04-30,ae_4hr_pct,74.48595686643448,percent,NHS England
England,ENG,2024-05,2024-05-31,ae_4hr_pct,73.96072163463687,percent,NHS England
England,ENG,2024-06,2024-06-30,ae_4hr_pct,74.58851427487888,percent,NHS England
England,ENG,2024-07,2024-07-31,ae_4hr_pct,75.21709095538947,percent,NHS England
England,ENG,2024-08,2024-08-31,ae_4hr_pct,76.33348158151344,percent,NHS England
England,ENG,2024-09,2024-09-30,ae_4hr_pct,74.21716119061502,percent,NHS England
England,ENG,2024-10,2024-10-31,ae_4hr_pct,73.08484174780642,percent,NHS England
England,ENG,2024-11,2024-11-30,ae_4hr_pct,72.18157423894102,percent,NHS England
England,ENG,2024-12,2024-12-31,ae_4hr_pct,71.12139557208344,percent,NHS England
England,ENG,2025-01,2025-01-31,ae_4hr_pct,73.00672187833896,percent,NHS England
England,ENG,2025-02,2025-02-28,ae_4hr_pct,73.46134302904451,percent,NHS England
England,ENG,2025-03,2025-03-31,ae_4hr_pct,74.97982473470782,percent,NHS England
England,ENG,2025-04,2025-04-30,ae_4hr_pct,74.78381193520909,percent,NHS England
England,ENG,2025-05,2025-05-31,ae_4hr_pct,75.40238303686839,percent,NHS England
England,ENG,2025-06,2025-06-30,ae_4hr_pct,75.55648731640542,percent,NHS England
England,ENG,2025-07,2025-07-31,ae_4hr_pct,76.40782011120585,percent,NHS England
England,ENG,2025-08,2025-08-31,ae_4hr_pct,75.87621535137501,percent,NHS England
England,ENG,2025-09,2025-09-30,ae_4hr_pct,75.05040641115876,percent,NHS England
England,ENG,2025-10,2025-10-31,ae_4hr_pct,74.18553379758845,percent,NHS England
England,ENG,2025-11,2025-11-30,ae_4hr_pct,74.21695186204276,percent,NHS England
England,ENG,2025-12,2025-12-31,ae_4hr_pct,73.84184694035912,percent,NHS England
England,ENG,2026-01,2026-01-31,ae_4hr_pct,72.4512093324871,percent,NHS England
England,ENG,2026-02,2026-02-28,ae_4hr_pct,74.05530236841484,percent,NHS England
England,ENG,2026-03,2026-03-31,ae_4hr_pct,77.11148259734108,percent,NHS England
England,ENG,2026-04,2026-04-30,ae_4hr_pct,76.90976404589719,percent,NHS England
England,ENG,2026-05,2026-05-31,ae_4hr_pct,75.69286700811183,percent,NHS England
England,ENG,2026-06,2026-06-30,ae_4hr_pct,75.02295002350378,percent,NHS England
England,ENG,2026-07,2026-07-31,ae_4hr_pct,75.37450051857628,percent,NHS England
Northern Ireland,NIR,2008-04,2008-04-30,ae_4hr_pct,91.37547090832985,percent,Department of Health (NI)
Northern Ireland,NIR,2008-05,2008-05-31,ae_4hr_pct,92.24733207784055,percent,Department of Health (NI)
Northern Ireland,NIR,2008-06,2008-06-30,ae_4hr_pct,91.61941502186602,percent,Department of Health (NI)
Northern Ireland,NIR,2008-07,2008-07-31,ae_4hr_pct,92.29904148932489,percent,Department of Health (NI)
Northern Ireland,NIR,2008-08,2008-08-31,ae_4hr_pct,92.74143796379532,percent,Department of Health (NI)
Northern Ireland,NIR,2008-09,2008-09-30,ae_4hr_pct,91.58808254749215,percent,Department of Health (NI)
Northern Ireland,NIR,2008-10,2008-10-31,ae_4hr_pct,90.12710254550478,percent,Department of Health (NI)
Northern Ireland,NIR,2008-11,2008-11-30,ae_4hr_pct,88.05602200864625,percent,Department of Health (NI)
Northern Ireland,NIR,2008-12,2008-12-31,ae_4hr_pct,82.98787709886435,percent,Department of Health (NI)
Northern Ireland,NIR,2009-01,2009-01-31,ae_4hr_pct,83.92887288278656,percent,Department of Health (NI)
Northern Ireland,NIR,2009-02,2009-02-28,ae_4hr_pct,84.05339484580915,percent,Department of Health (NI)
Northern Ireland,NIR,2009-03,2009-03-31,ae_4hr_pct,83.34670045875974,percent,Department of Health (NI)
Northern Ireland,NIR,2009-04,2009-04-30,ae_4hr_pct,83.65281068274822,percent,Department of Health (NI)
Northern Ireland,NIR,2009-05,2009-05-31,ae_4hr_pct,85.28949436730416,percent,Department of Health (NI)
Northern Ireland,NIR,2009-06,2009-06-30,ae_4hr_pct,88.6356968215159,percent,Department of Health (NI)
Northern Ireland,NIR,2009-07,2009-07-31,ae_4hr_pct,88.8436885736262,percent,Department of Health (NI)
Northern Ireland,NIR,2009-08,2009-08-31,ae_4hr_pct,87.9056151241535,percent,Department of Health (NI)
Northern Ireland,NIR,2009-09,2009-09-30,ae_4hr_pct,87.06816858972164,percent,Department of Health (NI)
Northern Ireland,NIR,2009-10,2009-10-31,ae_4hr_pct,85.13457770444467,percent,Department of Health (NI)
Northern Ireland,NIR,2009-11,2009-11-30,ae_4hr_pct,83.45511104680605,percent,Department of Health (NI)
Northern Ireland,NIR,2009-12,2009-12-31,ae_4hr_pct,80.69861493862066,percent,Department of Health (NI)
Northern Ireland,NIR,2010-01,2010-01-31,ae_4hr_pct,80.42557831040686,percent,Department of Health (NI)
Northern Ireland,NIR,2010-02,2010-02-28,ae_4hr_pct,82.1383869201283,percent,Department of Health (NI)
Northern Ireland,NIR,2010-03,2010-03-31,ae_4hr_pct,79.83387398014352,percent,Department of Health (NI)
Northern Ireland,NIR,2010-04,2010-04-30,ae_4hr_pct,82.5218395666249,percent,Department of Health (NI)
Northern Ireland,NIR,2010-05,2010-05-31,ae_4hr_pct,82.77355934339457,percent,Department of Health (NI)
Northern Ireland,NIR,2010-06,2010-06-30,ae_4hr_pct,85.6242925340814,percent,Department of Health (NI)
Northern Ireland,NIR,2010-07,2010-07-31,ae_4hr_pct,86.05204995973752,percent,Department of Health (NI)
Northern Ireland,NIR,2010-08,2010-08-31,ae_4hr_pct,84.71938817830423,percent,Department of Health (NI)
Northern Ireland,NIR,2010-09,2010-09-30,ae_4hr_pct,83.12952976333597,percent,Department of Health (NI)
Northern Ireland,NIR,2010-10,2010-10-31,ae_4hr_pct,82.30862068965517,percent,Department of Health (NI)
Northern Ireland,NIR,2010-11,2010-11-30,ae_4hr_pct,82.3195924038907,percent,Department of Health (NI)
Northern Ireland,NIR,2010-12,2010-12-31,ae_4hr_pct,77.76027836278729,percent,Department of Health (NI)
Northern Ireland,NIR,2011-01,2011-01-31,ae_4hr_pct,77.49446657813192,percent,Department of Health (NI)
Northern Ireland,NIR,2011-02,2011-02-28,ae_4hr_pct,76.35910130194063,percent,Department of Health (NI)
Northern Ireland,NIR,2011-03,2011-03-31,ae_4hr_pct,82.03903348765684,percent,Department of Health (NI)
Northern Ireland,NIR,2011-04,2011-04-30,ae_4hr_pct,83.62543815723585,percent,Department of Health (NI)
Northern Ireland,NIR,2011-05,2011-05-31,ae_4hr_pct,82.18232269648249,percent,Department of Health (NI)
Northern Ireland,NIR,2011-06,2011-06-30,ae_4hr_pct,82.51706242595156,percent,Department of Health (NI)
Northern Ireland,NIR,2011-07,2011-07-31,ae_4hr_pct,83.48872488026045,percent,Department of Health (NI)
Northern Ireland,NIR,2011-08,2011-08-31,ae_4hr_pct,82.6664192449138,percent,Department of Health (NI)
Northern Ireland,NIR,2011-09,2011-09-30,ae_4hr_pct,81.34639652271453,percent,Department of Health (NI)
Northern Ireland,NIR,2011-10,2011-10-31,ae_4hr_pct,80.13939117306275,percent,Department of Health (NI)
Northern Ireland,NIR,2011-11,2011-11-30,ae_4hr_pct,81.31839056564549,percent,Department of Health (NI)
Northern Ireland,NIR,2011-12,2011-12-31,ae_4hr_pct,77.63047937400289,percent,Department of Health (NI)
Northern Ireland,NIR,2012-01,2012-01-31,ae_4hr_pct,76.62068965517241,percent,Department of Health (NI)
Northern Ireland,NIR,2012-02,2012-02-29,ae_4hr_pct,73.24931767809059,percent,Department of Health (NI)
Northern Ireland,NIR,2012-03,2012-03-31,ae_4hr_pct,76.01927662625691,percent,Department of Health (NI)
Northern Ireland,NIR,2012-04,2012-04-30,ae_4hr_pct,78.78734091836915,percent,Department of Health (NI)
Northern Ireland,NIR,2012-05,2012-05-31,ae_4hr_pct,78.86494836978616,percent,Department of Health (NI)
Northern Ireland,NIR,2012-06,2012-06-30,ae_4hr_pct,80.82629895664027,percent,Department of Health (NI)
Northern Ireland,NIR,2012-07,2012-07-31,ae_4hr_pct,82.20438906780704,percent,Department of Health (NI)
Northern Ireland,NIR,2012-08,2012-08-31,ae_4hr_pct,82.57202617907024,percent,Department of Health (NI)
Northern Ireland,NIR,2012-09,2012-09-30,ae_4hr_pct,81.68820552067208,percent,Department of Health (NI)
Northern Ireland,NIR,2012-10,2012-10-31,ae_4hr_pct,80.74103393680733,percent,Department of Health (NI)
Northern Ireland,NIR,2012-11,2012-11-30,ae_4hr_pct,78.17645034503994,percent,Department of Health (NI)
Northern Ireland,NIR,2012-12,2012-12-31,ae_4hr_pct,75.3928139764861,percent,Department of Health (NI)
Northern Ireland,NIR,2013-01,2013-01-31,ae_4hr_pct,76.25874568365484,percent,Department of Health (NI)
Northern Ireland,NIR,2013-02,2013-02-28,ae_4hr_pct,74.92030557389418,percent,Department of Health (NI)
Northern Ireland,NIR,2013-03,2013-03-31,ae_4hr_pct,71.2601505851258,percent,Department of Health (NI)
Northern Ireland,NIR,2013-04,2013-04-30,ae_4hr_pct,72.12434183880113,percent,Department of Health (NI)
Northern Ireland,NIR,2013-05,2013-05-31,ae_4hr_pct,80.06238844312476,percent,Department of Health (NI)
Northern Ireland,NIR,2013-06,2013-06-30,ae_4hr_pct,81.504981736491,percent,Department of Health (NI)
Northern Ireland,NIR,2013-07,2013-07-31,ae_4hr_pct,80.13238664593784,percent,Department of Health (NI)
Northern Ireland,NIR,2013-08,2013-08-31,ae_4hr_pct,79.73769944031409,percent,Department of Health (NI)
Northern Ireland,NIR,2013-09,2013-09-30,ae_4hr_pct,80.31246773805017,percent,Department of Health (NI)
Northern Ireland,NIR,2013-10,2013-10-31,ae_4hr_pct,80.99197247706422,percent,Department of Health (NI)
Northern Ireland,NIR,2013-11,2013-11-30,ae_4hr_pct,80.13953741892112,percent,Department of Health (NI)
Northern Ireland,NIR,2013-12,2013-12-31,ae_4hr_pct,76.26459850700184,percent,Department of Health (NI)
Northern Ireland,NIR,2014-01,2014-01-31,ae_4hr_pct,75.63740913529348,percent,Department of Health (NI)
Northern Ireland,NIR,2014-02,2014-02-28,ae_4hr_pct,74.99178124576976,percent,Department of Health (NI)
Northern Ireland,NIR,2014-03,2014-03-31,ae_4hr_pct,74.83714839800435,percent,Department of Health (NI)
Northern Ireland,NIR,2014-04,2014-04-30,ae_4hr_pct,76.75230730855574,percent,Department of Health (NI)
Northern Ireland,NIR,2014-05,2014-05-31,ae_4hr_pct,77.06910880440627,percent,Department of Health (NI)
Northern Ireland,NIR,2014-06,2014-06-30,ae_4hr_pct,79.06628927985591,percent,Department of Health (NI)
Northern Ireland,NIR,2014-07,2014-07-31,ae_4hr_pct,82.05592790943783,percent,Department of Health (NI)
Northern Ireland,NIR,2014-08,2014-08-31,ae_4hr_pct,78.64298570312765,percent,Department of Health (NI)
Northern Ireland,NIR,2014-09,2014-09-30,ae_4hr_pct,79.49718390335482,percent,Department of Health (NI)
Northern Ireland,NIR,2014-10,2014-10-31,ae_4hr_pct,79.25423956254089,percent,Department of Health (NI)
Northern Ireland,NIR,2014-11,2014-11-30,ae_4hr_pct,80.48929994411091,percent,Department of Health (NI)
Northern Ireland,NIR,2014-12,2014-12-31,ae_4hr_pct,76.68561140920643,percent,Department of Health (NI)
Northern Ireland,NIR,2015-01,2015-01-31,ae_4hr_pct,74.81105101167385,percent,Department of Health (NI)
Northern Ireland,NIR,2015-02,2015-02-28,ae_4hr_pct,71.437015145918,percent,Department of Health (NI)
Northern Ireland,NIR,2015-03,2015-03-31,ae_4hr_pct,73.72495446265937,percent,Department of Health (NI)
Northern Ireland,NIR,2015-04,2015-04-30,ae_4hr_pct,74.29920427906363,percent,Department of Health (NI)
Northern Ireland,NIR,2015-05,2015-05-31,ae_4hr_pct,75.75629363232494,percent,Department of Health (NI)
Northern Ireland,NIR,2015-06,2015-06-30,ae_4hr_pct,78.11001365642963,percent,Department of Health (NI)
Northern Ireland,NIR,2015-07,2015-07-31,ae_4hr_pct,81.03570896941831,percent,Department of Health (NI)
Northern Ireland,NIR,2015-08,2015-08-31,ae_4hr_pct,76.83715939389998,percent,Department of Health (NI)
Northern Ireland,NIR,2015-09,2015-09-30,ae_4hr_pct,78.0784123910939,percent,Department of Health (NI)
Northern Ireland,NIR,2015-10,2015-10-31,ae_4hr_pct,76.92234833535922,percent,Department of Health (NI)
Northern Ireland,NIR,2015-11,2015-11-30,ae_4hr_pct,75.33270355822934,percent,Department of Health (NI)
Northern Ireland,NIR,2015-12,2015-12-31,ae_4hr_pct,74.98127085745419,percent,Department of Health (NI)
Northern Ireland,NIR,2016-01,2016-01-31,ae_4hr_pct,74.25658309077602,percent,Department of Health (NI)
Northern Ireland,NIR,2016-02,2016-02-29,ae_4hr_pct,73.99452621741598,percent,Department of Health (NI)
Northern Ireland,NIR,2016-03,2016-03-31,ae_4hr_pct,73.4142239308025,percent,Department of Health (NI)
Northern Ireland,NIR,2016-04,2016-04-30,ae_4hr_pct,74.16040412859772,percent,Department of Health (NI)
Northern Ireland,NIR,2016-05,2016-05-31,ae_4hr_pct,75.10614001698241,percent,Department of Health (NI)
Northern Ireland,NIR,2016-06,2016-06-30,ae_4hr_pct,75.5563955246447,percent,Department of Health (NI)
Northern Ireland,NIR,2016-07,2016-07-31,ae_4hr_pct,76.0570907604766,percent,Department of Health (NI)
Northern Ireland,NIR,2016-08,2016-08-31,ae_4hr_pct,76.00553730071803,percent,Department of Health (NI)
Northern Ireland,NIR,2016-09,2016-09-30,ae_4hr_pct,76.37857043975819,percent,Department of Health (NI)
Northern Ireland,NIR,2016-10,2016-10-31,ae_4hr_pct,74.20605000452393,percent,Department of Health (NI)
Northern Ireland,NIR,2016-11,2016-11-30,ae_4hr_pct,73.98405536958877,percent,Department of Health (NI)
Northern Ireland,NIR,2016-12,2016-12-31,ae_4hr_pct,69.87534626038781,percent,Department of Health (NI)
Northern Ireland,NIR,2017-01,2017-01-31,ae_4hr_pct,72.02181687541845,percent,Department of Health (NI)
Northern Ireland,NIR,2017-02,2017-02-28,ae_4hr_pct,74.7568415548196,percent,Department of Health (NI)
Northern Ireland,NIR,2017-03,2017-03-31,ae_4hr_pct,74.7782113678549,percent,Department of Health (NI)
Northern Ireland,NIR,2017-04,2017-04-30,ae_4hr_pct,74.50980392156863,percent,Department of Health (NI)
Northern Ireland,NIR,2017-05,2017-05-31,ae_4hr_pct,76.92520125377999,percent,Department of Health (NI)
Northern Ireland,NIR,2017-06,2017-06-30,ae_4hr_pct,81.21386000976058,percent,Department of Health (NI)
Northern Ireland,NIR,2017-07,2017-07-31,ae_4hr_pct,80.67455603506609,percent,Department of Health (NI)
Northern Ireland,NIR,2017-08,2017-08-31,ae_4hr_pct,78.44332099545605,percent,Department of Health (NI)
Northern Ireland,NIR,2017-09,2017-09-30,ae_4hr_pct,74.2677760507147,percent,Department of Health (NI)
Northern Ireland,NIR,2017-10,2017-10-31,ae_4hr_pct,73.7805329111864,percent,Department of Health (NI)
Northern Ireland,NIR,2017-11,2017-11-30,ae_4hr_pct,73.54859501849266,percent,Department of Health (NI)
Northern Ireland,NIR,2017-12,2017-12-31,ae_4hr_pct,67.67700032244691,percent,Department of Health (NI)
Northern Ireland,NIR,2018-01,2018-01-31,ae_4hr_pct,66.07622538950163,percent,Department of Health (NI)
Northern Ireland,NIR,2018-02,2018-02-28,ae_4hr_pct,66.87687188019966,percent,Department of Health (NI)
Northern Ireland,NIR,2018-03,2018-03-31,ae_4hr_pct,65.12151542003805,percent,Department of Health (NI)
Northern Ireland,NIR,2018-04,2018-04-30,ae_4hr_pct,71.57538387135776,percent,Department of Health (NI)
Northern Ireland,NIR,2018-05,2018-05-31,ae_4hr_pct,73.2005407344056,percent,Department of Health (NI)
Northern Ireland,NIR,2018-06,2018-06-30,ae_4hr_pct,72.80945558739255,percent,Department of Health (NI)
Scotland,SCO,2007-07,2007-07-31,ae_4hr_pct,96.63490623109497,percent,Public Health Scotland
Scotland,SCO,2007-08,2007-08-31,ae_4hr_pct,96.33861699141714,percent,Public Health Scotland
Scotland,SCO,2007-09,2007-09-30,ae_4hr_pct,96.7225271784835,percent,Public Health Scotland
Scotland,SCO,2007-10,2007-10-31,ae_4hr_pct,97.09227170601089,percent,Public Health Scotland
Scotland,SCO,2007-11,2007-11-30,ae_4hr_pct,97.61378845980146,percent,Public Health Scotland
Scotland,SCO,2007-12,2007-12-31,ae_4hr_pct,97.81322524760566,percent,Public Health Scotland
Scotland,SCO,2008-01,2008-01-31,ae_4hr_pct,97.4232356206605,percent,Public Health Scotland
Scotland,SCO,2008-02,2008-02-29,ae_4hr_pct,97.91800290314958,percent,Public Health Scotland
Scotland,SCO,2008-03,2008-03-31,ae_4hr_pct,97.46996044480932,percent,Public Health Scotland
Scotland,SCO,2008-04,2008-04-30,ae_4hr_pct,97.71038345405904,percent,Public Health Scotland
Scotland,SCO,2008-05,2008-05-31,ae_4hr_pct,98.11886434627398,percent,Public Health Scotland
Scotland,SCO,2008-06,2008-06-30,ae_4hr_pct,98.19451503834169,percent,Public Health Scotland
Scotland,SCO,2008-07,2008-07-31,ae_4hr_pct,98.52658744448446,percent,Public Health Scotland
Scotland,SCO,2008-08,2008-08-31,ae_4hr_pct,97.80500666481126,percent,Public Health Scotland
Scotland,SCO,2008-09,2008-09-30,ae_4hr_pct,98.16854527573946,percent,Public Health Scotland
Scotland,SCO,2008-10,2008-10-31,ae_4hr_pct,98.11503602322644,percent,Public Health Scotland
Scotland,SCO,2008-11,2008-11-30,ae_4hr_pct,97.67681693541296,percent,Public Health Scotland
Scotland,SCO,2008-12,2008-12-31,ae_4hr_pct,96.63364177337445,percent,Public Health Scotland
Scotland,SCO,2009-01,2009-01-31,ae_4hr_pct,96.48261857564184,percent,Public Health Scotland
Scotland,SCO,2009-02,2009-02-28,ae_4hr_pct,97.31215690273459,percent,Public Health Scotland
Scotland,SCO,2009-03,2009-03-31,ae_4hr_pct,97.71152216183876,percent,Public Health Scotland
Scotland,SCO,2009-04,2009-04-30,ae_4hr_pct,97.31174649899353,percent,Public Health Scotland
Scotland,SCO,2009-05,2009-05-31,ae_4hr_pct,97.82074721225908,percent,Public Health Scotland
Scotland,SCO,2009-06,2009-06-30,ae_4hr_pct,97.93346066342724,percent,Public Health Scotland
Scotland,SCO,2009-07,2009-07-31,ae_4hr_pct,98.21291493589882,percent,Public Health Scotland
Scotland,SCO,2009-08,2009-08-31,ae_4hr_pct,98.02526571950041,percent,Public Health Scotland
Scotland,SCO,2009-09,2009-09-30,ae_4hr_pct,97.96012102212663,percent,Public Health Scotland
Scotland,SCO,2009-10,2009-10-31,ae_4hr_pct,97.41563306915029,percent,Public Health Scotland
Scotland,SCO,2009-11,2009-11-30,ae_4hr_pct,97.40381655894122,percent,Public Health Scotland
Scotland,SCO,2009-12,2009-12-31,ae_4hr_pct,97.17570800216066,percent,Public Health Scotland
Scotland,SCO,2010-01,2010-01-31,ae_4hr_pct,95.99367254632315,percent,Public Health Scotland
Scotland,SCO,2010-02,2010-02-28,ae_4hr_pct,96.3919206479956,percent,Public Health Scotland
Scotland,SCO,2010-03,2010-03-31,ae_4hr_pct,96.49733105777261,percent,Public Health Scotland
Scotland,SCO,2010-04,2010-04-30,ae_4hr_pct,97.13998959729823,percent,Public Health Scotland
Scotland,SCO,2010-05,2010-05-31,ae_4hr_pct,97.2353373904902,percent,Public Health Scotland
Scotland,SCO,2010-06,2010-06-30,ae_4hr_pct,97.39824544220733,percent,Public Health Scotland
Scotland,SCO,2010-07,2010-07-31,ae_4hr_pct,97.86226984292105,percent,Public Health Scotland
Scotland,SCO,2010-08,2010-08-31,ae_4hr_pct,96.96022943755932,percent,Public Health Scotland
Scotland,SCO,2010-09,2010-09-30,ae_4hr_pct,97.11556759130498,percent,Public Health Scotland
Scotland,SCO,2010-10,2010-10-31,ae_4hr_pct,96.76262538192681,percent,Public Health Scotland
Scotland,SCO,2010-11,2010-11-30,ae_4hr_pct,96.13799494387047,percent,Public Health Scotland
Scotland,SCO,2010-12,2010-12-31,ae_4hr_pct,94.83223019692217,percent,Public Health Scotland
Scotland,SCO,2011-01,2011-01-31,ae_4hr_pct,93.65177910255738,percent,Public Health Scotland
Scotland,SCO,2011-02,2011-02-28,ae_4hr_pct,94.96485259823302,percent,Public Health Scotland
Scotland,SCO,2011-03,2011-03-31,ae_4hr_pct,95.34603956808463,percent,Public Health Scotland
Scotland,SCO,2011-04,2011-04-30,ae_4hr_pct,95.88285960378984,percent,Public Health Scotland
Scotland,SCO,2011-05,2011-05-31,ae_4hr_pct,95.94375828623264,percent,Public Health Scotland
Scotland,SCO,2011-06,2011-06-30,ae_4hr_pct,95.99498004421648,percent,Public Health Scotland
Scotland,SCO,2011-07,2011-07-31,ae_4hr_pct,97.13837571593837,percent,Public Health Scotland
Scotland,SCO,2011-08,2011-08-31,ae_4hr_pct,96.99022680382933,percent,Public Health Scotland
Scotland,SCO,2011-09,2011-09-30,ae_4hr_pct,95.96711917494822,percent,Public Health Scotland
Scotland,SCO,2011-10,2011-10-31,ae_4hr_pct,95.89217518182969,percent,Public Health Scotland
Scotland,SCO,2011-11,2011-11-30,ae_4hr_pct,96.26655362707926,percent,Public Health Scotland
Scotland,SCO,2011-12,2011-12-31,ae_4hr_pct,94.66355646137188,percent,Public Health Scotland
Scotland,SCO,2012-01,2012-01-31,ae_4hr_pct,94.33775091064093,percent,Public Health Scotland
Scotland,SCO,2012-02,2012-02-29,ae_4hr_pct,94.44147009731364,percent,Public Health Scotland
Scotland,SCO,2012-03,2012-03-31,ae_4hr_pct,95.37430167597766,percent,Public Health Scotland
Scotland,SCO,2012-04,2012-04-30,ae_4hr_pct,94.23826062896379,percent,Public Health Scotland
Scotland,SCO,2012-05,2012-05-31,ae_4hr_pct,94.66340864141696,percent,Public Health Scotland
Scotland,SCO,2012-06,2012-06-30,ae_4hr_pct,95.0875398808795,percent,Public Health Scotland
Scotland,SCO,2012-07,2012-07-31,ae_4hr_pct,96.19650645354115,percent,Public Health Scotland
Scotland,SCO,2012-08,2012-08-31,ae_4hr_pct,95.45658398592472,percent,Public Health Scotland
Scotland,SCO,2012-09,2012-09-30,ae_4hr_pct,94.97423513938898,percent,Public Health Scotland
Scotland,SCO,2012-10,2012-10-31,ae_4hr_pct,94.39156373665907,percent,Public Health Scotland
Scotland,SCO,2012-11,2012-11-30,ae_4hr_pct,93.4639708402131,percent,Public Health Scotland
Scotland,SCO,2012-12,2012-12-31,ae_4hr_pct,90.28334579058232,percent,Public Health Scotland
Scotland,SCO,2013-01,2013-01-31,ae_4hr_pct,89.66408885494239,percent,Public Health Scotland
Scotland,SCO,2013-02,2013-02-28,ae_4hr_pct,91.90176729387785,percent,Public Health Scotland
Scotland,SCO,2013-03,2013-03-31,ae_4hr_pct,91.8732350172576,percent,Public Health Scotland
Scotland,SCO,2013-04,2013-04-30,ae_4hr_pct,91.61662067846129,percent,Public Health Scotland
Scotland,SCO,2013-05,2013-05-31,ae_4hr_pct,94.5739872428505,percent,Public Health Scotland
Scotland,SCO,2013-06,2013-06-30,ae_4hr_pct,94.60193564066275,percent,Public Health Scotland
Scotland,SCO,2013-07,2013-07-31,ae_4hr_pct,95.87172693803117,percent,Public Health Scotland
Scotland,SCO,2013-08,2013-08-31,ae_4hr_pct,95.13906236988925,percent,Public Health Scotland
Scotland,SCO,2013-09,2013-09-30,ae_4hr_pct,94.82503768531663,percent,Public Health Scotland
Scotland,SCO,2013-10,2013-10-31,ae_4hr_pct,93.90685346459674,percent,Public Health Scotland
Scotland,SCO,2013-11,2013-11-30,ae_4hr_pct,94.73203144249187,percent,Public Health Scotland
Scotland,SCO,2013-12,2013-12-31,ae_4hr_pct,93.46404713268292,percent,Public Health Scotland
Scotland,SCO,2014-01,2014-01-31,ae_4hr_pct,92.21104942345771,percent,Public Health Scotland
Scotland,SCO,2014-02,2014-02-28,ae_4hr_pct,91.83475309246386,percent,Public Health Scotland
Scotland,SCO,2014-03,2014-03-31,ae_4hr_pct,93.34930758659571,percent,Public Health Scotland
Scotland,SCO,2014-04,2014-04-30,ae_4hr_pct,92.97606053991123,percent,Public Health Scotland
Scotland,SCO,2014-05,2014-05-31,ae_4hr_pct,92.74245781489688,percent,Public Health Scotland
Scotland,SCO,2014-06,2014-06-30,ae_4hr_pct,93.99635389332376,percent,Public Health Scotland
Scotland,SCO,2014-07,2014-07-31,ae_4hr_pct,94.55551625855576,percent,Public Health Scotland
Scotland,SCO,2014-08,2014-08-31,ae_4hr_pct,93.16295910173145,percent,Public Health Scotland
Scotland,SCO,2014-09,2014-09-30,ae_4hr_pct,93.50016135595124,percent,Public Health Scotland
Scotland,SCO,2014-10,2014-10-31,ae_4hr_pct,91.82619902145164,percent,Public Health Scotland
Scotland,SCO,2014-11,2014-11-30,ae_4hr_pct,91.7955415034252,percent,Public Health Scotland
Scotland,SCO,2014-12,2014-12-31,ae_4hr_pct,89.88278983404896,percent,Public Health Scotland
Scotland,SCO,2015-01,2015-01-31,ae_4hr_pct,87.13392359606217,percent,Public Health Scotland
Scotland,SCO,2015-02,2015-02-28,ae_4hr_pct,87.94847902631297,percent,Public Health Scotland
Scotland,SCO,2015-03,2015-03-31,ae_4hr_pct,92.17359697586508,percent,Public Health Scotland
Scotland,SCO,2015-04,2015-04-30,ae_4hr_pct,92.82320450192282,percent,Public Health Scotland
Scotland,SCO,2015-05,2015-05-31,ae_4hr_pct,93.48644851013283,percent,Public Health Scotland
Scotland,SCO,2015-06,2015-06-30,ae_4hr_pct,94.33064671743034,percent,Public Health Scotland
Scotland,SCO,2015-07,2015-07-31,ae_4hr_pct,95.83844999317779,percent,Public Health Scotland
Scotland,SCO,2015-08,2015-08-31,ae_4hr_pct,95.22505718810488,percent,Public Health Scotland
Scotland,SCO,2015-09,2015-09-30,ae_4hr_pct,95.4161103693814,percent,Public Health Scotland
Scotland,SCO,2015-10,2015-10-31,ae_4hr_pct,94.65849716197421,percent,Public Health Scotland
Scotland,SCO,2015-11,2015-11-30,ae_4hr_pct,94.89111768073211,percent,Public Health Scotland
Scotland,SCO,2015-12,2015-12-31,ae_4hr_pct,94.92715422217962,percent,Public Health Scotland
Scotland,SCO,2016-01,2016-01-31,ae_4hr_pct,91.80049413218036,percent,Public Health Scotland
Scotland,SCO,2016-02,2016-02-29,ae_4hr_pct,92.94823647231871,percent,Public Health Scotland
Scotland,SCO,2016-03,2016-03-31,ae_4hr_pct,93.07234735563652,percent,Public Health Scotland
Scotland,SCO,2016-04,2016-04-30,ae_4hr_pct,95.08466728905283,percent,Public Health Scotland
Scotland,SCO,2016-05,2016-05-31,ae_4hr_pct,94.47526832487173,percent,Public Health Scotland
Scotland,SCO,2016-06,2016-06-30,ae_4hr_pct,95.69156764906487,percent,Public Health Scotland
Scotland,SCO,2016-07,2016-07-31,ae_4hr_pct,95.75471350035052,percent,Public Health Scotland
Scotland,SCO,2016-08,2016-08-31,ae_4hr_pct,94.75370612638957,percent,Public Health Scotland
Scotland,SCO,2016-09,2016-09-30,ae_4hr_pct,94.85344143326908,percent,Public Health Scotland
Scotland,SCO,2016-10,2016-10-31,ae_4hr_pct,93.92359333635606,percent,Public Health Scotland
Scotland,SCO,2016-11,2016-11-30,ae_4hr_pct,93.56171697864998,percent,Public Health Scotland
Scotland,SCO,2016-12,2016-12-31,ae_4hr_pct,92.61300233877007,percent,Public Health Scotland
Scotland,SCO,2017-01,2017-01-31,ae_4hr_pct,91.85025108440477,percent,Public Health Scotland
Scotland,SCO,2017-02,2017-02-28,ae_4hr_pct,92.54074348440973,percent,Public Health Scotland
Scotland,SCO,2017-03,2017-03-31,ae_4hr_pct,93.80218576872925,percent,Public Health Scotland
Scotland,SCO,2017-04,2017-04-30,ae_4hr_pct,93.37781925878022,percent,Public Health Scotland
Scotland,SCO,2017-05,2017-05-31,ae_4hr_pct,93.95621563765216,percent,Public Health Scotland
Scotland,SCO,2017-06,2017-06-30,ae_4hr_pct,95.45176187491444,percent,Public Health Scotland
Scotland,SCO,2017-07,2017-07-31,ae_4hr_pct,95.74281022481217,percent,Public Health Scotland
Scotland,SCO,2017-08,2017-08-31,ae_4hr_pct,95.0440061127462,percent,Public Health Scotland
Scotland,SCO,2017-09,2017-09-30,ae_4hr_pct,93.49061624152978,percent,Public Health Scotland
Scotland,SCO,2017-10,2017-10-31,ae_4hr_pct,94.43078016963048,percent,Public Health Scotland
Scotland,SCO,2017-11,2017-11-30,ae_4hr_pct,93.28053973512438,percent,Public Health Scotland
Scotland,SCO,2017-12,2017-12-31,ae_4hr_pct,85.05603020207498,percent,Public Health Scotland
Scotland,SCO,2018-01,2018-01-31,ae_4hr_pct,87.15989491711936,percent,Public Health Scotland
Scotland,SCO,2018-02,2018-02-28,ae_4hr_pct,90.34718569174119,percent,Public Health Scotland
Scotland,SCO,2018-03,2018-03-31,ae_4hr_pct,87.94810020028446,percent,Public Health Scotland
Scotland,SCO,2018-04,2018-04-30,ae_4hr_pct,89.98932950066418,percent,Public Health Scotland
Scotland,SCO,2018-05,2018-05-31,ae_4hr_pct,93.05409483744113,percent,Public Health Scotland
Scotland,SCO,2018-06,2018-06-30,ae_4hr_pct,92.80750687061423,percent,Public Health Scotland
Scotland,SCO,2018-07,2018-07-31,ae_4hr_pct,93.01158327668719,percent,Public Health Scotland
Scotland,SCO,2018-08,2018-08-31,ae_4hr_pct,91.98290975855548,percent,Public Health Scotland
Scotland,SCO,2018-09,2018-09-30,ae_4hr_pct,90.90372414577939,percent,Public Health Scotland
Scotland,SCO,2018-10,2018-10-31,ae_4hr_pct,92.2245141678428,percent,Public Health Scotland
Scotland,SCO,2018-11,2018-11-30,ae_4hr_pct,91.26481775545626,percent,Public Health Scotland
Scotland,SCO,2018-12,2018-12-31,ae_4hr_pct,89.56829584368009,percent,Public Health Scotland
Scotland,SCO,2019-01,2019-01-31,ae_4hr_pct,88.75832523310653,percent,Public Health Scotland
Scotland,SCO,2019-02,2019-02-28,ae_4hr_pct,89.32232192976386,percent,Public Health Scotland
Scotland,SCO,2019-03,2019-03-31,ae_4hr_pct,91.3270247087795,percent,Public Health Scotland
Scotland,SCO,2019-04,2019-04-30,ae_4hr_pct,89.92500344020917,percent,Public Health Scotland
Scotland,SCO,2019-05,2019-05-31,ae_4hr_pct,90.70358427219767,percent,Public Health Scotland
Scotland,SCO,2019-06,2019-06-30,ae_4hr_pct,90.32832747397156,percent,Public Health Scotland
Scotland,SCO,2019-07,2019-07-31,ae_4hr_pct,91.20642862356587,percent,Public Health Scotland
Scotland,SCO,2019-08,2019-08-31,ae_4hr_pct,90.57660280367705,percent,Public Health Scotland
Scotland,SCO,2019-09,2019-09-30,ae_4hr_pct,89.27359715853368,percent,Public Health Scotland
Scotland,SCO,2019-10,2019-10-31,ae_4hr_pct,87.7296875427883,percent,Public Health Scotland
Scotland,SCO,2019-11,2019-11-30,ae_4hr_pct,85.53175603811992,percent,Public Health Scotland
Scotland,SCO,2019-12,2019-12-31,ae_4hr_pct,83.82737699585626,percent,Public Health Scotland
Scotland,SCO,2020-01,2020-01-31,ae_4hr_pct,86.09911695801046,percent,Public Health Scotland
Scotland,SCO,2020-02,2020-02-29,ae_4hr_pct,87.06414941445057,percent,Public Health Scotland
Scotland,SCO,2020-03,2020-03-31,ae_4hr_pct,89.24573968881205,percent,Public Health Scotland
Scotland,SCO,2020-04,2020-04-30,ae_4hr_pct,94.86923537632262,percent,Public Health Scotland
Scotland,SCO,2020-05,2020-05-31,ae_4hr_pct,95.71850949059967,percent,Public Health Scotland
Scotland,SCO,2020-06,2020-06-30,ae_4hr_pct,95.59917416601634,percent,Public Health Scotland
Scotland,SCO,2020-07,2020-07-31,ae_4hr_pct,95.10184070954227,percent,Public Health Scotland
Scotland,SCO,2020-08,2020-08-31,ae_4hr_pct,92.94693704630075,percent,Public Health Scotland
Scotland,SCO,2020-09,2020-09-30,ae_4hr_pct,92.12079497547964,percent,Public Health Scotland
Scotland,SCO,2020-10,2020-10-31,ae_4hr_pct,89.58531180753403,percent,Public Health Scotland
Scotland,SCO,2020-11,2020-11-30,ae_4hr_pct,89.805331951861,percent,Public Health Scotland
Scotland,SCO,2020-12,2020-12-31,ae_4hr_pct,86.48194794290512,percent,Public Health Scotland
Scotland,SCO,2021-01,2021-01-31,ae_4hr_pct,86.22064283924463,percent,Public Health Scotland
Scotland,SCO,2021-02,2021-02-28,ae_4hr_pct,86.34744660418414,percent,Public Health Scotland
Scotland,SCO,2021-03,2021-03-31,ae_4hr_pct,88.64726333939491,percent,Public Health Scotland
Scotland,SCO,2021-04,2021-04-30,ae_4hr_pct,88.8503363940253,percent,Public Health Scotland
Scotland,SCO,2021-05,2021-05-31,ae_4hr_pct,87.27665214921416,percent,Public Health Scotland
Scotland,SCO,2021-06,2021-06-30,ae_4hr_pct,85.23853480168016,percent,Public Health Scotland
Scotland,SCO,2021-07,2021-07-31,ae_4hr_pct,81.78111936660808,percent,Public Health Scotland
Scotland,SCO,2021-08,2021-08-31,ae_4hr_pct,78.1392575135974,percent,Public Health Scotland
Scotland,SCO,2021-09,2021-09-30,ae_4hr_pct,76.44910795463014,percent,Public Health Scotland
Scotland,SCO,2021-10,2021-10-31,ae_4hr_pct,73.80272130319486,percent,Public Health Scotland
Scotland,SCO,2021-11,2021-11-30,ae_4hr_pct,76.22183708838821,percent,Public Health Scotland
Scotland,SCO,2021-12,2021-12-31,ae_4hr_pct,75.96562353710132,percent,Public Health Scotland
Scotland,SCO,2022-01,2022-01-31,ae_4hr_pct,76.33107282610621,percent,Public Health Scotland
Scotland,SCO,2022-02,2022-02-28,ae_4hr_pct,74.53976272211452,percent,Public Health Scotland
Scotland,SCO,2022-03,2022-03-31,ae_4hr_pct,71.88829225617665,percent,Public Health Scotland
Scotland,SCO,2022-04,2022-04-30,ae_4hr_pct,72.46329370623788,percent,Public Health Scotland
Scotland,SCO,2022-05,2022-05-31,ae_4hr_pct,73.30421322703081,percent,Public Health Scotland
Scotland,SCO,2022-06,2022-06-30,ae_4hr_pct,71.59118062343869,percent,Public Health Scotland
Scotland,SCO,2022-07,2022-07-31,ae_4hr_pct,70.31592070055947,percent,Public Health Scotland
Scotland,SCO,2022-08,2022-08-31,ae_4hr_pct,69.87473554878625,percent,Public Health Scotland
Scotland,SCO,2022-09,2022-09-30,ae_4hr_pct,69.25851342009558,percent,Public Health Scotland
Scotland,SCO,2022-10,2022-10-31,ae_4hr_pct,67.82813249389069,percent,Public Health Scotland
Scotland,SCO,2022-11,2022-11-30,ae_4hr_pct,67.75900751244909,percent,Public Health Scotland
Scotland,SCO,2022-12,2022-12-31,ae_4hr_pct,62.41084165477889,percent,Public Health Scotland
Scotland,SCO,2023-01,2023-01-31,ae_4hr_pct,69.02554905020996,percent,Public Health Scotland
Scotland,SCO,2023-02,2023-02-28,ae_4hr_pct,69.92020733666469,percent,Public Health Scotland
Scotland,SCO,2023-03,2023-03-31,ae_4hr_pct,68.268458224613,percent,Public Health Scotland
Scotland,SCO,2023-04,2023-04-30,ae_4hr_pct,69.5730924611956,percent,Public Health Scotland
Scotland,SCO,2023-05,2023-05-31,ae_4hr_pct,71.10491039731902,percent,Public Health Scotland
Scotland,SCO,2023-06,2023-06-30,ae_4hr_pct,72.85671226191673,percent,Public Health Scotland
Scotland,SCO,2023-07,2023-07-31,ae_4hr_pct,73.12778328028247,percent,Public Health Scotland
Scotland,SCO,2023-08,2023-08-31,ae_4hr_pct,71.72886650379361,percent,Public Health Scotland
Scotland,SCO,2023-09,2023-09-30,ae_4hr_pct,70.48585079015068,percent,Public Health Scotland
Scotland,SCO,2023-10,2023-10-31,ae_4hr_pct,68.82060482583509,percent,Public Health Scotland
Scotland,SCO,2023-11,2023-11-30,ae_4hr_pct,67.75879602986275,percent,Public Health Scotland
Scotland,SCO,2023-12,2023-12-31,ae_4hr_pct,66.46142786819918,percent,Public Health Scotland
Scotland,SCO,2024-01,2024-01-31,ae_4hr_pct,65.96465596294627,percent,Public Health Scotland
Scotland,SCO,2024-02,2024-02-29,ae_4hr_pct,67.57856496977965,percent,Public Health Scotland
Scotland,SCO,2024-03,2024-03-31,ae_4hr_pct,67.95706505708591,percent,Public Health Scotland
Scotland,SCO,2024-04,2024-04-30,ae_4hr_pct,67.9809047033784,percent,Public Health Scotland
Scotland,SCO,2024-05,2024-05-31,ae_4hr_pct,71.7217300747011,percent,Public Health Scotland
Scotland,SCO,2024-06,2024-06-30,ae_4hr_pct,69.88221620625629,percent,Public Health Scotland
Scotland,SCO,2024-07,2024-07-31,ae_4hr_pct,70.51656848844517,percent,Public Health Scotland
Scotland,SCO,2024-08,2024-08-31,ae_4hr_pct,70.40363573705523,percent,Public Health Scotland
Scotland,SCO,2024-09,2024-09-30,ae_4hr_pct,70.33179808794323,percent,Public Health Scotland
Scotland,SCO,2024-10,2024-10-31,ae_4hr_pct,67.46835166276756,percent,Public Health Scotland
Scotland,SCO,2024-11,2024-11-30,ae_4hr_pct,67.10693478669423,percent,Public Health Scotland
Scotland,SCO,2024-12,2024-12-31,ae_4hr_pct,63.3850480924699,percent,Public Health Scotland
Scotland,SCO,2025-01,2025-01-31,ae_4hr_pct,66.28431815838113,percent,Public Health Scotland
Scotland,SCO,2025-02,2025-02-28,ae_4hr_pct,67.70558299531072,percent,Public Health Scotland
Scotland,SCO,2025-03,2025-03-31,ae_4hr_pct,70.61314219470127,percent,Public Health Scotland
Scotland,SCO,2025-04,2025-04-30,ae_4hr_pct,71.06222094195593,percent,Public Health Scotland
Scotland,SCO,2025-05,2025-05-31,ae_4hr_pct,71.85878720762442,percent,Public Health Scotland
Scotland,SCO,2025-06,2025-06-30,ae_4hr_pct,70.81427588798832,percent,Public Health Scotland
Scotland,SCO,2025-07,2025-07-31,ae_4hr_pct,71.16675417559493,percent,Public Health Scotland
Scotland,SCO,2025-08,2025-08-31,ae_4hr_pct,68.85229160425914,percent,Public Health Scotland
Scotland,SCO,2025-09,2025-09-30,ae_4hr_pct,67.79853216695544,percent,Public Health Scotland
Scotland,SCO,2025-10,2025-10-31,ae_4hr_pct,66.71650131723142,percent,Public Health Scotland
Scotland,SCO,2025-11,2025-11-30,ae_4hr_pct,66.59897664330269,percent,Public Health Scotland
Scotland,SCO,2025-12,2025-12-31,ae_4hr_pct,66.94838906703313,percent,Public Health Scotland
Scotland,SCO,2026-01,2026-01-31,ae_4hr_pct,65.0483323826964,percent,Public Health Scotland
Scotland,SCO,2026-02,2026-02-28,ae_4hr_pct,66.39676113360325,percent,Public Health Scotland
Scotland,SCO,2026-03,2026-03-31,ae_4hr_pct,67.47687259592186,percent,Public Health Scotland
Scotland,SCO,2026-04,2026-04-30,ae_4hr_pct,67.96044411124201,percent,Public Health Scotland
Scotland,SCO,2026-05,2026-05-31,ae_4hr_pct,67.6271601182485,percent,Public Health Scotland
Scotland,SCO,2026-06,2026-06-30,ae_4hr_pct,67.9292109605345,percent,Public Health Scotland
Wales,WAL,2009-10,2009-10-31,ae_4hr_pct,91.7,percent,StatsWales (Welsh Government)
Wales,WAL,2009-11,2009-11-30,ae_4hr_pct,90.9,percent,StatsWales (Welsh Government)
Wales,WAL,2009-12,2009-12-31,ae_4hr_pct,88.6,percent,StatsWales (Welsh Government)
Wales,WAL,2010-01,2010-01-31,ae_4hr_pct,85.6,percent,StatsWales (Welsh Government)
Wales,WAL,2010-02,2010-02-28,ae_4hr_pct,87.1,percent,StatsWales (Welsh Government)
Wales,WAL,2010-03,2010-03-31,ae_4hr_pct,87.7,percent,StatsWales (Welsh Government)
Wales,WAL,2010-04,2010-04-30,ae_4hr_pct,87.8,percent,StatsWales (Welsh Government)
Wales,WAL,2010-05,2010-05-31,ae_4hr_pct,89.4,percent,StatsWales (Welsh Government)
Wales,WAL,2010-06,2010-06-30,ae_4hr_pct,89.8,percent,StatsWales (Welsh Government)
Wales,WAL,2010-07,2010-07-31,ae_4hr_pct,90.4,percent,StatsWales (Welsh Government)
Wales,WAL,2010-08,2010-08-31,ae_4hr_pct,89.7,percent,StatsWales (Welsh Government)
Wales,WAL,2010-09,2010-09-30,ae_4hr_pct,88.4,percent,StatsWales (Welsh Government)
Wales,WAL,2010-10,2010-10-31,ae_4hr_pct,89.2,percent,StatsWales (Welsh Government)
Wales,WAL,2010-11,2010-11-30,ae_4hr_pct,89.0,percent,StatsWales (Welsh Government)
Wales,WAL,2010-12,2010-12-31,ae_4hr_pct,83.6,percent,StatsWales (Welsh Government)
Wales,WAL,2011-01,2011-01-31,ae_4hr_pct,85.9,percent,StatsWales (Welsh Government)
Wales,WAL,2011-02,2011-02-28,ae_4hr_pct,85.9,percent,StatsWales (Welsh Government)
Wales,WAL,2011-03,2011-03-31,ae_4hr_pct,87.0,percent,StatsWales (Welsh Government)
Wales,WAL,2011-04,2011-04-30,ae_4hr_pct,88.0,percent,StatsWales (Welsh Government)
Wales,WAL,2011-05,2011-05-31,ae_4hr_pct,89.3,percent,StatsWales (Welsh Government)
Wales,WAL,2011-06,2011-06-30,ae_4hr_pct,89.3,percent,StatsWales (Welsh Government)
Wales,WAL,2011-07,2011-07-31,ae_4hr_pct,89.2,percent,StatsWales (Welsh Government)
Wales,WAL,2011-08,2011-08-31,ae_4hr_pct,91.2,percent,StatsWales (Welsh Government)
Wales,WAL,2011-09,2011-09-30,ae_4hr_pct,89.9,percent,StatsWales (Welsh Government)
Wales,WAL,2011-10,2011-10-31,ae_4hr_pct,89.3,percent,StatsWales (Welsh Government)
Wales,WAL,2011-11,2011-11-30,ae_4hr_pct,89.1,percent,StatsWales (Welsh Government)
Wales,WAL,2011-12,2011-12-31,ae_4hr_pct,89.2,percent,StatsWales (Welsh Government)
Wales,WAL,2012-01,2012-01-31,ae_4hr_pct,89.4,percent,StatsWales (Welsh Government)
Wales,WAL,2012-02,2012-02-29,ae_4hr_pct,86.7,percent,StatsWales (Welsh Government)
Wales,WAL,2012-03,2012-03-31,ae_4hr_pct,87.8,percent,StatsWales (Welsh Government)
Wales,WAL,2012-04,2012-04-30,ae_4hr_pct,87.5,percent,StatsWales (Welsh Government)
Wales,WAL,2012-05,2012-05-31,ae_4hr_pct,87.6,percent,StatsWales (Welsh Government)
Wales,WAL,2012-06,2012-06-30,ae_4hr_pct,88.8,percent,StatsWales (Welsh Government)
Wales,WAL,2012-07,2012-07-31,ae_4hr_pct,88.7,percent,StatsWales (Welsh Government)
Wales,WAL,2012-08,2012-08-31,ae_4hr_pct,88.9,percent,StatsWales (Welsh Government)
Wales,WAL,2012-09,2012-09-30,ae_4hr_pct,89.4,percent,StatsWales (Welsh Government)
Wales,WAL,2012-10,2012-10-31,ae_4hr_pct,88.6,percent,StatsWales (Welsh Government)
Wales,WAL,2012-11,2012-11-30,ae_4hr_pct,88.0,percent,StatsWales (Welsh Government)
Wales,WAL,2012-12,2012-12-31,ae_4hr_pct,87.6,percent,StatsWales (Welsh Government)
Wales,WAL,2013-01,2013-01-31,ae_4hr_pct,86.7,percent,StatsWales (Welsh Government)
Wales,WAL,2013-02,2013-02-28,ae_4hr_pct,86.0,percent,StatsWales (Welsh Government)
Wales,WAL,2013-03,2013-03-31,ae_4hr_pct,84.3,percent,StatsWales (Welsh Government)
Wales,WAL,2013-04,2013-04-30,ae_4hr_pct,86.0,percent,StatsWales (Welsh Government)
Wales,WAL,2013-05,2013-05-31,ae_4hr_pct,91.3,percent,StatsWales (Welsh Government)
Wales,WAL,2013-06,2013-06-30,ae_4hr_pct,92.9,percent,StatsWales (Welsh Government)
Wales,WAL,2013-07,2013-07-31,ae_4hr_pct,92.3,percent,StatsWales (Welsh Government)
Wales,WAL,2013-08,2013-08-31,ae_4hr_pct,91.8,percent,StatsWales (Welsh Government)
Wales,WAL,2013-09,2013-09-30,ae_4hr_pct,90.7,percent,StatsWales (Welsh Government)
Wales,WAL,2013-10,2013-10-31,ae_4hr_pct,90.5,percent,StatsWales (Welsh Government)
Wales,WAL,2013-11,2013-11-30,ae_4hr_pct,89.7,percent,StatsWales (Welsh Government)
Wales,WAL,2013-12,2013-12-31,ae_4hr_pct,89.5,percent,StatsWales (Welsh Government)
Wales,WAL,2014-01,2014-01-31,ae_4hr_pct,88.9,percent,StatsWales (Welsh Government)
Wales,WAL,2014-02,2014-02-28,ae_4hr_pct,86.6,percent,StatsWales (Welsh Government)
Wales,WAL,2014-03,2014-03-31,ae_4hr_pct,87.8,percent,StatsWales (Welsh Government)
Wales,WAL,2014-04,2014-04-30,ae_4hr_pct,88.1,percent,StatsWales (Welsh Government)
Wales,WAL,2014-05,2014-05-31,ae_4hr_pct,87.7,percent,StatsWales (Welsh Government)
Wales,WAL,2014-06,2014-06-30,ae_4hr_pct,88.0,percent,StatsWales (Welsh Government)
Wales,WAL,2014-07,2014-07-31,ae_4hr_pct,87.7,percent,StatsWales (Welsh Government)
Wales,WAL,2014-08,2014-08-31,ae_4hr_pct,86.8,percent,StatsWales (Welsh Government)
Wales,WAL,2014-09,2014-09-30,ae_4hr_pct,86.3,percent,StatsWales (Welsh Government)
Wales,WAL,2014-10,2014-10-31,ae_4hr_pct,84.8,percent,StatsWales (Welsh Government)
Wales,WAL,2014-11,2014-11-30,ae_4hr_pct,83.8,percent,StatsWales (Welsh Government)
Wales,WAL,2014-12,2014-12-31,ae_4hr_pct,81.1,percent,StatsWales (Welsh Government)
Wales,WAL,2015-01,2015-01-31,ae_4hr_pct,82.4,percent,StatsWales (Welsh Government)
Wales,WAL,2015-02,2015-02-28,ae_4hr_pct,83.7,percent,StatsWales (Welsh Government)
Wales,WAL,2015-03,2015-03-31,ae_4hr_pct,82.3,percent,StatsWales (Welsh Government)
Wales,WAL,2015-04,2015-04-30,ae_4hr_pct,83.1,percent,StatsWales (Welsh Government)
Wales,WAL,2015-05,2015-05-31,ae_4hr_pct,84.4,percent,StatsWales (Welsh Government)
Wales,WAL,2015-06,2015-06-30,ae_4hr_pct,85.0,percent,StatsWales (Welsh Government)
Wales,WAL,2015-07,2015-07-31,ae_4hr_pct,85.6,percent,StatsWales (Welsh Government)
Wales,WAL,2015-08,2015-08-31,ae_4hr_pct,83.7,percent,StatsWales (Welsh Government)
Wales,WAL,2015-09,2015-09-30,ae_4hr_pct,84.0,percent,StatsWales (Welsh Government)
Wales,WAL,2015-10,2015-10-31,ae_4hr_pct,83.7,percent,StatsWales (Welsh Government)
Wales,WAL,2015-11,2015-11-30,ae_4hr_pct,81.5,percent,StatsWales (Welsh Government)
Wales,WAL,2015-12,2015-12-31,ae_4hr_pct,81.5,percent,StatsWales (Welsh Government)
Wales,WAL,2016-01,2016-01-31,ae_4hr_pct,78.5,percent,StatsWales (Welsh Government)
Wales,WAL,2016-02,2016-02-29,ae_4hr_pct,77.2,percent,StatsWales (Welsh Government)
Wales,WAL,2016-03,2016-03-31,ae_4hr_pct,76.5,percent,StatsWales (Welsh Government)
Wales,WAL,2016-04,2016-04-30,ae_4hr_pct,80.3,percent,StatsWales (Welsh Government)
Wales,WAL,2016-05,2016-05-31,ae_4hr_pct,82.6,percent,StatsWales (Welsh Government)
Wales,WAL,2016-06,2016-06-30,ae_4hr_pct,83.3,percent,StatsWales (Welsh Government)
Wales,WAL,2016-07,2016-07-31,ae_4hr_pct,83.2,percent,StatsWales (Welsh Government)
Wales,WAL,2016-08,2016-08-31,ae_4hr_pct,84.4,percent,StatsWales (Welsh Government)
Wales,WAL,2016-09,2016-09-30,ae_4hr_pct,82.9,percent,StatsWales (Welsh Government)
Wales,WAL,2016-10,2016-10-31,ae_4hr_pct,82.4,percent,StatsWales (Welsh Government)
Wales,WAL,2016-11,2016-11-30,ae_4hr_pct,82.1,percent,StatsWales (Welsh Government)
Wales,WAL,2016-12,2016-12-31,ae_4hr_pct,80.4,percent,StatsWales (Welsh Government)
Wales,WAL,2017-01,2017-01-31,ae_4hr_pct,79.0,percent,StatsWales (Welsh Government)
Wales,WAL,2017-02,2017-02-28,ae_4hr_pct,80.9,percent,StatsWales (Welsh Government)
Wales,WAL,2017-03,2017-03-31,ae_4hr_pct,81.0,percent,StatsWales (Welsh Government)
Wales,WAL,2017-04,2017-04-30,ae_4hr_pct,82.9,percent,StatsWales (Welsh Government)
Wales,WAL,2017-05,2017-05-31,ae_4hr_pct,83.2,percent,StatsWales (Welsh Government)
Wales,WAL,2017-06,2017-06-30,ae_4hr_pct,84.0,percent,StatsWales (Welsh Government)
Wales,WAL,2017-07,2017-07-31,ae_4hr_pct,83.8,percent,StatsWales (Welsh Government)
Wales,WAL,2017-08,2017-08-31,ae_4hr_pct,84.7,percent,StatsWales (Welsh Government)
Wales,WAL,2017-09,2017-09-30,ae_4hr_pct,84.5,percent,StatsWales (Welsh Government)
Wales,WAL,2017-10,2017-10-31,ae_4hr_pct,83.5,percent,StatsWales (Welsh Government)
Wales,WAL,2017-11,2017-11-30,ae_4hr_pct,82.9,percent,StatsWales (Welsh Government)
Wales,WAL,2017-12,2017-12-31,ae_4hr_pct,79.0,percent,StatsWales (Welsh Government)
Wales,WAL,2018-01,2018-01-31,ae_4hr_pct,78.0,percent,StatsWales (Welsh Government)
Wales,WAL,2018-02,2018-02-28,ae_4hr_pct,76.0,percent,StatsWales (Welsh Government)
Wales,WAL,2018-03,2018-03-31,ae_4hr_pct,75.7,percent,StatsWales (Welsh Government)
Wales,WAL,2018-04,2018-04-30,ae_4hr_pct,80.0,percent,StatsWales (Welsh Government)
Wales,WAL,2018-05,2018-05-31,ae_4hr_pct,82.0,percent,StatsWales (Welsh Government)
Wales,WAL,2018-06,2018-06-30,ae_4hr_pct,83.3,percent,StatsWales (Welsh Government)
Wales,WAL,2018-07,2018-07-31,ae_4hr_pct,81.4,percent,StatsWales (Welsh Government)
Wales,WAL,2018-08,2018-08-31,ae_4hr_pct,80.0,percent,StatsWales (Welsh Government)
Wales,WAL,2018-09,2018-09-30,ae_4hr_pct,80.3,percent,StatsWales (Welsh Government)
Wales,WAL,2018-10,2018-10-31,ae_4hr_pct,80.0,percent,StatsWales (Welsh Government)
Wales,WAL,2018-11,2018-11-30,ae_4hr_pct,80.1,percent,StatsWales (Welsh Government)
Wales,WAL,2018-12,2018-12-31,ae_4hr_pct,77.8,percent,StatsWales (Welsh Government)
Wales,WAL,2019-01,2019-01-31,ae_4hr_pct,77.2,percent,StatsWales (Welsh Government)
Wales,WAL,2019-02,2019-02-28,ae_4hr_pct,79.0,percent,StatsWales (Welsh Government)
Wales,WAL,2019-03,2019-03-31,ae_4hr_pct,78.7,percent,StatsWales (Welsh Government)
Wales,WAL,2019-04,2019-04-30,ae_4hr_pct,76.6,percent,StatsWales (Welsh Government)
Wales,WAL,2019-05,2019-05-31,ae_4hr_pct,78.4,percent,StatsWales (Welsh Government)
Wales,WAL,2019-06,2019-06-30,ae_4hr_pct,78.0,percent,StatsWales (Welsh Government)
Wales,WAL,2019-07,2019-07-31,ae_4hr_pct,77.7,percent,StatsWales (Welsh Government)
Wales,WAL,2019-08,2019-08-31,ae_4hr_pct,77.5,percent,StatsWales (Welsh Government)
Wales,WAL,2019-09,2019-09-30,ae_4hr_pct,75.3,percent,StatsWales (Welsh Government)
Wales,WAL,2019-10,2019-10-31,ae_4hr_pct,75.3,percent,StatsWales (Welsh Government)
Wales,WAL,2019-11,2019-11-30,ae_4hr_pct,74.1,percent,StatsWales (Welsh Government)
Wales,WAL,2019-12,2019-12-31,ae_4hr_pct,71.3,percent,StatsWales (Welsh Government)
Wales,WAL,2020-01,2020-01-31,ae_4hr_pct,73.6,percent,StatsWales (Welsh Government)
Wales,WAL,2020-02,2020-02-29,ae_4hr_pct,74.6,percent,StatsWales (Welsh Government)
Wales,WAL,2020-03,2020-03-31,ae_4hr_pct,77.9,percent,StatsWales (Welsh Government)
Wales,WAL,2020-04,2020-04-30,ae_4hr_pct,87.0,percent,StatsWales (Welsh Government)
Wales,WAL,2020-05,2020-05-31,ae_4hr_pct,87.7,percent,StatsWales (Welsh Government)
Wales,WAL,2020-06,2020-06-30,ae_4hr_pct,86.1,percent,StatsWales (Welsh Government)
Wales,WAL,2020-07,2020-07-31,ae_4hr_pct,82.1,percent,StatsWales (Welsh Government)
Wales,WAL,2020-08,2020-08-31,ae_4hr_pct,80.0,percent,StatsWales (Welsh Government)
Wales,WAL,2020-09,2020-09-30,ae_4hr_pct,78.5,percent,StatsWales (Welsh Government)
Wales,WAL,2020-10,2020-10-31,ae_4hr_pct,77.3,percent,StatsWales (Welsh Government)
Wales,WAL,2020-11,2020-11-30,ae_4hr_pct,75.7,percent,StatsWales (Welsh Government)
Wales,WAL,2020-12,2020-12-31,ae_4hr_pct,70.8,percent,StatsWales (Welsh Government)
Wales,WAL,2021-01,2021-01-31,ae_4hr_pct,75.0,percent,StatsWales (Welsh Government)
Wales,WAL,2021-02,2021-02-28,ae_4hr_pct,75.0,percent,StatsWales (Welsh Government)
Wales,WAL,2021-03,2021-03-31,ae_4hr_pct,75.8,percent,StatsWales (Welsh Government)
Wales,WAL,2021-04,2021-04-30,ae_4hr_pct,75.3,percent,StatsWales (Welsh Government)
Wales,WAL,2021-05,2021-05-31,ae_4hr_pct,72.2,percent,StatsWales (Welsh Government)
Wales,WAL,2021-06,2021-06-30,ae_4hr_pct,71.7,percent,StatsWales (Welsh Government)
Wales,WAL,2021-07,2021-07-31,ae_4hr_pct,71.0,percent,StatsWales (Welsh Government)
Wales,WAL,2021-08,2021-08-31,ae_4hr_pct,69.7,percent,StatsWales (Welsh Government)
Wales,WAL,2021-09,2021-09-30,ae_4hr_pct,67.5,percent,StatsWales (Welsh Government)
Wales,WAL,2021-10,2021-10-31,ae_4hr_pct,65.6,percent,StatsWales (Welsh Government)
Wales,WAL,2021-11,2021-11-30,ae_4hr_pct,67.5,percent,StatsWales (Welsh Government)
Wales,WAL,2021-12,2021-12-31,ae_4hr_pct,66.2,percent,StatsWales (Welsh Government)
Wales,WAL,2022-01,2022-01-31,ae_4hr_pct,67.8,percent,StatsWales (Welsh Government)
Wales,WAL,2022-02,2022-02-28,ae_4hr_pct,66.3,percent,StatsWales (Welsh Government)
Wales,WAL,2022-03,2022-03-31,ae_4hr_pct,65.0,percent,StatsWales (Welsh Government)
Wales,WAL,2022-04,2022-04-30,ae_4hr_pct,65.8,percent,StatsWales (Welsh Government)
Wales,WAL,2022-05,2022-05-31,ae_4hr_pct,66.6,percent,StatsWales (Welsh Government)
Wales,WAL,2022-06,2022-06-30,ae_4hr_pct,66.4,percent,StatsWales (Welsh Government)
Wales,WAL,2022-07,2022-07-31,ae_4hr_pct,65.9,percent,StatsWales (Welsh Government)
Wales,WAL,2022-08,2022-08-31,ae_4hr_pct,67.1,percent,StatsWales (Welsh Government)
Wales,WAL,2022-09,2022-09-30,ae_4hr_pct,67.9,percent,StatsWales (Welsh Government)
Wales,WAL,2022-10,2022-10-31,ae_4hr_pct,66.6,percent,StatsWales (Welsh Government)
Wales,WAL,2022-11,2022-11-30,ae_4hr_pct,67.3,percent,StatsWales (Welsh Government)
Wales,WAL,2022-12,2022-12-31,ae_4hr_pct,63.5,percent,StatsWales (Welsh Government)
Wales,WAL,2023-01,2023-01-31,ae_4hr_pct,69.9,percent,StatsWales (Welsh Government)
Wales,WAL,2023-02,2023-02-28,ae_4hr_pct,71.5,percent,StatsWales (Welsh Government)
Wales,WAL,2023-03,2023-03-31,ae_4hr_pct,69.5,percent,StatsWales (Welsh Government)
Wales,WAL,2023-04,2023-04-30,ae_4hr_pct,70.0,percent,StatsWales (Welsh Government)
Wales,WAL,2023-05,2023-05-31,ae_4hr_pct,71.7,percent,StatsWales (Welsh Government)
Wales,WAL,2023-06,2023-06-30,ae_4hr_pct,72.2,percent,StatsWales (Welsh Government)
Wales,WAL,2023-07,2023-07-31,ae_4hr_pct,70.4,percent,StatsWales (Welsh Government)
Wales,WAL,2023-08,2023-08-31,ae_4hr_pct,68.7,percent,StatsWales (Welsh Government)
Wales,WAL,2023-09,2023-09-30,ae_4hr_pct,69.6,percent,StatsWales (Welsh Government)
Wales,WAL,2023-10,2023-10-31,ae_4hr_pct,68.5,percent,StatsWales (Welsh Government)
Wales,WAL,2023-11,2023-11-30,ae_4hr_pct,69.1,percent,StatsWales (Welsh Government)
Wales,WAL,2023-12,2023-12-31,ae_4hr_pct,66.4,percent,StatsWales (Welsh Government)
Wales,WAL,2024-01,2024-01-31,ae_4hr_pct,68.1,percent,StatsWales (Welsh Government)
Wales,WAL,2024-02,2024-02-29,ae_4hr_pct,67.6,percent,StatsWales (Welsh Government)
Wales,WAL,2024-03,2024-03-31,ae_4hr_pct,67.5,percent,StatsWales (Welsh Government)
Wales,WAL,2024-04,2024-04-30,ae_4hr_pct,69.9,percent,StatsWales (Welsh Government)
Wales,WAL,2024-05,2024-05-31,ae_4hr_pct,69.4,percent,StatsWales (Welsh Government)
Wales,WAL,2024-06,2024-06-30,ae_4hr_pct,68.5,percent,StatsWales (Welsh Government)
Wales,WAL,2024-07,2024-07-31,ae_4hr_pct,68.9,percent,StatsWales (Welsh Government)
Wales,WAL,2024-08,2024-08-31,ae_4hr_pct,68.9,percent,StatsWales (Welsh Government)
Wales,WAL,2024-09,2024-09-30,ae_4hr_pct,68.4,percent,StatsWales (Welsh Government)
Wales,WAL,2024-10,2024-10-31,ae_4hr_pct,68.0,percent,StatsWales (Welsh Government)
Wales,WAL,2024-11,2024-11-30,ae_4hr_pct,67.6,percent,StatsWales (Welsh Government)
Wales,WAL,2024-12,2024-12-31,ae_4hr_pct,64.8,percent,StatsWales (Welsh Government)
Wales,WAL,2025-01,2025-01-31,ae_4hr_pct,67.6,percent,StatsWales (Welsh Government)
Wales,WAL,2025-02,2025-02-28,ae_4hr_pct,67.8,percent,StatsWales (Welsh Government)
Wales,WAL,2025-03,2025-03-31,ae_4hr_pct,66.9,percent,StatsWales (Welsh Government)
Wales,WAL,2025-04,2025-04-30,ae_4hr_pct,68.4,percent,StatsWales (Welsh Government)
Wales,WAL,2025-05,2025-05-31,ae_4hr_pct,68.0,percent,StatsWales (Welsh Government)
Wales,WAL,2025-06,2025-06-30,ae_4hr_pct,67.0,percent,StatsWales (Welsh Government)
Wales,WAL,2025-07,2025-07-31,ae_4hr_pct,68.2,percent,StatsWales (Welsh Government)
Wales,WAL,2025-08,2025-08-31,ae_4hr_pct,66.5,percent,StatsWales (Welsh Government)
Wales,WAL,2025-09,2025-09-30,ae_4hr_pct,66.7,percent,StatsWales (Welsh Government)
Wales,WAL,2025-10,2025-10-31,ae_4hr_pct,66.0,percent,StatsWales (Welsh Government)
Wales,WAL,2025-11,2025-11-30,ae_4hr_pct,65.0,percent,StatsWales (Welsh Government)
Wales,WAL,2025-12,2025-12-31,ae_4hr_pct,64.3,percent,StatsWales (Welsh Government)
Wales,WAL,2026-01,2026-01-31,ae_4hr_pct,64.5,percent,StatsWales (Welsh Government)
Wales,WAL,2026-02,2026-02-28,ae_4hr_pct,64.9,percent,StatsWales (Welsh Government)
Wales,WAL,2026-03,2026-03-31,ae_4hr_pct,65.3,percent,StatsWales (Welsh Government)
Wales,WAL,2026-04,2026-04-30,ae_4hr_pct,65.9,percent,StatsWales (Welsh Government)
Wales,WAL,2026-05,2026-05-31,ae_4hr_pct,64.4,percent,StatsWales (Welsh Government)
Wales,WAL,2026-06,2026-06-30,ae_4hr_pct,63.0,percent,StatsWales (Welsh Government)
England,ENG,2022-04,2022-04-30,cancer_62day_pct,69.04407614551799,percent,NHS England
England,ENG,2022-05,2022-05-31,cancer_62day_pct,65.46968628833275,percent,NHS England
England,ENG,2022-06,2022-06-30,cancer_62day_pct,64.05658591975777,percent,NHS England
England,ENG,2022-07,2022-07-31,cancer_62day_pct,65.66771572173423,percent,NHS England
England,ENG,2022-08,2022-08-31,cancer_62day_pct,65.28084918177798,percent,NHS England
England,ENG,2022-09,2022-09-30,cancer_62day_pct,64.18207295574742,percent,NHS England
England,ENG,2022-10,2022-10-31,cancer_62day_pct,64.04991948470209,percent,NHS England
England,ENG,2022-11,2022-11-30,cancer_62day_pct,65.07240380637154,percent,NHS England
England,ENG,2022-12,2022-12-31,cancer_62day_pct,66.34800153727902,percent,NHS England
England,ENG,2023-01,2023-01-31,cancer_62day_pct,59.326855742296914,percent,NHS England
England,ENG,2023-02,2023-02-28,cancer_62day_pct,62.47502141021981,percent,NHS England
England,ENG,2023-03,2023-03-31,cancer_62day_pct,67.5188843695526,percent,NHS England
England,ENG,2023-04,2023-04-30,cancer_62day_pct,64.9488139825218,percent,NHS England
England,ENG,2023-05,2023-05-31,cancer_62day_pct,62.7283177928216,percent,NHS England
England,ENG,2023-06,2023-06-30,cancer_62day_pct,63.092578803673405,percent,NHS England
England,ENG,2023-07,2023-07-31,cancer_62day_pct,65.5946180555556,percent,NHS England
England,ENG,2023-08,2023-08-31,cancer_62day_pct,65.8998533417138,percent,NHS England
England,ENG,2023-09,2023-09-30,cancer_62day_pct,63.538943502214494,percent,NHS England
England,ENG,2023-10,2023-10-31,cancer_62day_pct,63.20828253352791,percent,NHS England
England,ENG,2023-11,2023-11-30,cancer_62day_pct,65.49983295593749,percent,NHS England
England,ENG,2023-12,2023-12-31,cancer_62day_pct,66.2415669205658,percent,NHS England
England,ENG,2024-01,2024-01-31,cancer_62day_pct,62.6816913815886,percent,NHS England
England,ENG,2024-02,2024-02-29,cancer_62day_pct,64.20741662131701,percent,NHS England
England,ENG,2024-03,2024-03-31,cancer_62day_pct,68.8946714307907,percent,NHS England
England,ENG,2024-04,2024-04-30,cancer_62day_pct,67.0465825949483,percent,NHS England
England,ENG,2024-05,2024-05-31,cancer_62day_pct,66.19387027797579,percent,NHS England
England,ENG,2024-06,2024-06-30,cancer_62day_pct,67.8532414208762,percent,NHS England
England,ENG,2024-07,2024-07-31,cancer_62day_pct,68.0423740141692,percent,NHS England
England,ENG,2024-08,2024-08-31,cancer_62day_pct,69.4837236706437,percent,NHS England
England,ENG,2024-09,2024-09-30,cancer_62day_pct,67.4198988195616,percent,NHS England
England,ENG,2024-10,2024-10-31,cancer_62day_pct,68.4838160136286,percent,NHS England
England,ENG,2024-11,2024-11-30,cancer_62day_pct,69.80284775465499,percent,NHS England
England,ENG,2024-12,2024-12-31,cancer_62day_pct,71.7127367135003,percent,NHS England
England,ENG,2025-01,2025-01-31,cancer_62day_pct,67.6229932677369,percent,NHS England
England,ENG,2025-02,2025-02-28,cancer_62day_pct,67.1540629045769,percent,NHS England
England,ENG,2025-03,2025-03-31,cancer_62day_pct,71.4280526554698,percent,NHS England
England,ENG,2025-04,2025-04-30,cancer_62day_pct,70.1415885017297,percent,NHS England
England,ENG,2025-05,2025-05-31,cancer_62day_pct,68.1143426720302,percent,NHS England
England,ENG,2025-06,2025-06-30,cancer_62day_pct,67.322674615541,percent,NHS England
England,ENG,2025-07,2025-07-31,cancer_62day_pct,69.49616220356741,percent,NHS England
England,ENG,2025-08,2025-08-31,cancer_62day_pct,69.334979842371,percent,NHS England
England,ENG,2025-09,2025-09-30,cancer_62day_pct,68.0149591575632,percent,NHS England
England,ENG,2025-10,2025-10-31,cancer_62day_pct,68.7932384806161,percent,NHS England
England,ENG,2025-11,2025-11-30,cancer_62day_pct,70.1648745519713,percent,NHS England
England,ENG,2025-12,2025-12-31,cancer_62day_pct,71.87218721872189,percent,NHS England
England,ENG,2026-01,2026-01-31,cancer_62day_pct,68.39120450908081,percent,NHS England
England,ENG,2026-02,2026-02-28,cancer_62day_pct,68.6358436958046,percent,NHS England
England,ENG,2026-03,2026-03-31,cancer_62day_pct,72.77448807436569,percent,NHS England
England,ENG,2026-04,2026-04-30,cancer_62day_pct,69.95454708135,percent,NHS England
Northern Ireland,NIR,2008-04,2008-04-30,cancer_62day_pct,83.51063829787235,percent,Department of Health (NI)
Northern Ireland,NIR,2008-05,2008-05-31,cancer_62day_pct,86.93181818181817,percent,Department of Health (NI)
Northern Ireland,NIR,2008-06,2008-06-30,cancer_62day_pct,92.38095238095238,percent,Department of Health (NI)
Northern Ireland,NIR,2008-07,2008-07-31,cancer_62day_pct,88.88888888888889,percent,Department of Health (NI)
Northern Ireland,NIR,2008-08,2008-08-31,cancer_62day_pct,83.03030303030303,percent,Department of Health (NI)
Northern Ireland,NIR,2008-09,2008-09-30,cancer_62day_pct,86.8421052631579,percent,Department of Health (NI)
Northern Ireland,NIR,2008-10,2008-10-31,cancer_62day_pct,87.64044943820225,percent,Department of Health (NI)
Northern Ireland,NIR,2008-11,2008-11-30,cancer_62day_pct,91.61676646706587,percent,Department of Health (NI)
Northern Ireland,NIR,2008-12,2008-12-31,cancer_62day_pct,92.65536723163842,percent,Department of Health (NI)
Northern Ireland,NIR,2009-01,2009-01-31,cancer_62day_pct,85.14285714285714,percent,Department of Health (NI)
Northern Ireland,NIR,2009-02,2009-02-28,cancer_62day_pct,84.4559585492228,percent,Department of Health (NI)
Northern Ireland,NIR,2009-03,2009-03-31,cancer_62day_pct,92.55813953488372,percent,Department of Health (NI)
Northern Ireland,NIR,2009-04,2009-04-30,cancer_62day_pct,89.41798941798942,percent,Department of Health (NI)
Northern Ireland,NIR,2009-05,2009-05-31,cancer_62day_pct,86.70886075949366,percent,Department of Health (NI)
Northern Ireland,NIR,2009-06,2009-06-30,cancer_62day_pct,88.33333333333333,percent,Department of Health (NI)
Northern Ireland,NIR,2009-07,2009-07-31,cancer_62day_pct,87.73584905660378,percent,Department of Health (NI)
Northern Ireland,NIR,2009-08,2009-08-31,cancer_62day_pct,89.60396039603961,percent,Department of Health (NI)
Northern Ireland,NIR,2009-09,2009-09-30,cancer_62day_pct,83.9506172839506,percent,Department of Health (NI)
Northern Ireland,NIR,2009-10,2009-10-31,cancer_62day_pct,90.15544041450777,percent,Department of Health (NI)
Northern Ireland,NIR,2009-11,2009-11-30,cancer_62day_pct,88.38383838383838,percent,Department of Health (NI)
Northern Ireland,NIR,2009-12,2009-12-31,cancer_62day_pct,90.1639344262295,percent,Department of Health (NI)
Northern Ireland,NIR,2010-01,2010-01-31,cancer_62day_pct,89.74358974358975,percent,Department of Health (NI)
Northern Ireland,NIR,2010-02,2010-02-28,cancer_62day_pct,88.88888888888889,percent,Department of Health (NI)
Northern Ireland,NIR,2010-03,2010-03-31,cancer_62day_pct,92.3076923076923,percent,Department of Health (NI)
Northern Ireland,NIR,2010-04,2010-04-30,cancer_62day_pct,88.23529411764706,percent,Department of Health (NI)
Northern Ireland,NIR,2010-05,2010-05-31,cancer_62day_pct,86.0576923076923,percent,Department of Health (NI)
Northern Ireland,NIR,2010-06,2010-06-30,cancer_62day_pct,86.19246861924687,percent,Department of Health (NI)
Northern Ireland,NIR,2010-07,2010-07-31,cancer_62day_pct,91.54929577464789,percent,Department of Health (NI)
Northern Ireland,NIR,2010-08,2010-08-31,cancer_62day_pct,81.31313131313132,percent,Department of Health (NI)
Northern Ireland,NIR,2010-09,2010-09-30,cancer_62day_pct,85.66176470588235,percent,Department of Health (NI)
Northern Ireland,NIR,2010-10,2010-10-31,cancer_62day_pct,85.64593301435407,percent,Department of Health (NI)
Northern Ireland,NIR,2010-11,2010-11-30,cancer_62day_pct,82.85714285714286,percent,Department of Health (NI)
Northern Ireland,NIR,2010-12,2010-12-31,cancer_62day_pct,81.81818181818183,percent,Department of Health (NI)
Northern Ireland,NIR,2011-01,2011-01-31,cancer_62day_pct,85.8974358974359,percent,Department of Health (NI)
Northern Ireland,NIR,2011-02,2011-02-28,cancer_62day_pct,76.9607843137255,percent,Department of Health (NI)
Northern Ireland,NIR,2011-03,2011-03-31,cancer_62day_pct,81.66666666666667,percent,Department of Health (NI)
Northern Ireland,NIR,2011-04,2011-04-30,cancer_62day_pct,81.90954773869346,percent,Department of Health (NI)
Northern Ireland,NIR,2011-05,2011-05-31,cancer_62day_pct,79.62962962962963,percent,Department of Health (NI)
Northern Ireland,NIR,2011-06,2011-06-30,cancer_62day_pct,82.63888888888889,percent,Department of Health (NI)
Northern Ireland,NIR,2011-07,2011-07-31,cancer_62day_pct,78.89908256880734,percent,Department of Health (NI)
Northern Ireland,NIR,2011-08,2011-08-31,cancer_62day_pct,82.93650793650794,percent,Department of Health (NI)
Northern Ireland,NIR,2011-09,2011-09-30,cancer_62day_pct,83.01886792452831,percent,Department of Health (NI)
Northern Ireland,NIR,2011-10,2011-10-31,cancer_62day_pct,80.4,percent,Department of Health (NI)
Northern Ireland,NIR,2011-11,2011-11-30,cancer_62day_pct,84.28571428571429,percent,Department of Health (NI)
Northern Ireland,NIR,2011-12,2011-12-31,cancer_62day_pct,83.33333333333334,percent,Department of Health (NI)
Northern Ireland,NIR,2012-01,2012-01-31,cancer_62day_pct,81.22605363984674,percent,Department of Health (NI)
Northern Ireland,NIR,2012-02,2012-02-29,cancer_62day_pct,73.62204724409449,percent,Department of Health (NI)
Northern Ireland,NIR,2012-03,2012-03-31,cancer_62day_pct,84.45229681978799,percent,Department of Health (NI)
Northern Ireland,NIR,2012-04,2012-04-30,cancer_62day_pct,79.48717948717949,percent,Department of Health (NI)
Northern Ireland,NIR,2012-05,2012-05-31,cancer_62day_pct,80.95238095238095,percent,Department of Health (NI)
Northern Ireland,NIR,2012-06,2012-06-30,cancer_62day_pct,81.93832599118943,percent,Department of Health (NI)
Northern Ireland,NIR,2012-07,2012-07-31,cancer_62day_pct,80.62015503875969,percent,Department of Health (NI)
Northern Ireland,NIR,2012-08,2012-08-31,cancer_62day_pct,79.296875,percent,Department of Health (NI)
Northern Ireland,NIR,2012-09,2012-09-30,cancer_62day_pct,80.0,percent,Department of Health (NI)
Northern Ireland,NIR,2012-10,2012-10-31,cancer_62day_pct,80.32786885245902,percent,Department of Health (NI)
Northern Ireland,NIR,2012-11,2012-11-30,cancer_62day_pct,81.00358422939068,percent,Department of Health (NI)
Northern Ireland,NIR,2012-12,2012-12-31,cancer_62day_pct,87.1111111111111,percent,Department of Health (NI)
Northern Ireland,NIR,2013-01,2013-01-31,cancer_62day_pct,83.72093023255815,percent,Department of Health (NI)
Northern Ireland,NIR,2013-02,2013-02-28,cancer_62day_pct,79.69924812030075,percent,Department of Health (NI)
Northern Ireland,NIR,2013-03,2013-03-31,cancer_62day_pct,86.94029850746269,percent,Department of Health (NI)
Northern Ireland,NIR,2013-04,2013-04-30,cancer_62day_pct,81.05726872246696,percent,Department of Health (NI)
Northern Ireland,NIR,2013-05,2013-05-31,cancer_62day_pct,85.66037735849056,percent,Department of Health (NI)
Northern Ireland,NIR,2013-06,2013-06-30,cancer_62day_pct,82.31046931407943,percent,Department of Health (NI)
Northern Ireland,NIR,2013-07,2013-07-31,cancer_62day_pct,84.6938775510204,percent,Department of Health (NI)
Northern Ireland,NIR,2013-08,2013-08-31,cancer_62day_pct,83.03886925795054,percent,Department of Health (NI)
Northern Ireland,NIR,2013-09,2013-09-30,cancer_62day_pct,82.23684210526315,percent,Department of Health (NI)
Northern Ireland,NIR,2013-10,2013-10-31,cancer_62day_pct,77.52161383285303,percent,Department of Health (NI)
Northern Ireland,NIR,2013-11,2013-11-30,cancer_62day_pct,85.71428571428571,percent,Department of Health (NI)
Northern Ireland,NIR,2013-12,2013-12-31,cancer_62day_pct,81.72043010752688,percent,Department of Health (NI)
Northern Ireland,NIR,2014-01,2014-01-31,cancer_62day_pct,78.47682119205298,percent,Department of Health (NI)
Northern Ireland,NIR,2014-02,2014-02-28,cancer_62day_pct,79.06976744186046,percent,Department of Health (NI)
Northern Ireland,NIR,2014-03,2014-03-31,cancer_62day_pct,79.06137184115524,percent,Department of Health (NI)
Northern Ireland,NIR,2014-04,2014-04-30,cancer_62day_pct,77.04918032786885,percent,Department of Health (NI)
Northern Ireland,NIR,2014-05,2014-05-31,cancer_62day_pct,73.37662337662337,percent,Department of Health (NI)
Northern Ireland,NIR,2014-06,2014-06-30,cancer_62day_pct,77.03180212014135,percent,Department of Health (NI)
Northern Ireland,NIR,2014-07,2014-07-31,cancer_62day_pct,72.55520504731862,percent,Department of Health (NI)
Northern Ireland,NIR,2014-08,2014-08-31,cancer_62day_pct,73.97260273972603,percent,Department of Health (NI)
Northern Ireland,NIR,2014-09,2014-09-30,cancer_62day_pct,64.54545454545455,percent,Department of Health (NI)
Northern Ireland,NIR,2014-10,2014-10-31,cancer_62day_pct,70.09345794392523,percent,Department of Health (NI)
Northern Ireland,NIR,2014-11,2014-11-30,cancer_62day_pct,74.08637873754152,percent,Department of Health (NI)
Northern Ireland,NIR,2014-12,2014-12-31,cancer_62day_pct,74.68354430379746,percent,Department of Health (NI)
Northern Ireland,NIR,2015-01,2015-01-31,cancer_62day_pct,71.83544303797468,percent,Department of Health (NI)
Northern Ireland,NIR,2015-02,2015-02-28,cancer_62day_pct,70.29702970297029,percent,Department of Health (NI)
Northern Ireland,NIR,2015-03,2015-03-31,cancer_62day_pct,72.28464419475655,percent,Department of Health (NI)
Northern Ireland,NIR,2015-04,2015-04-30,cancer_62day_pct,77.63157894736842,percent,Department of Health (NI)
Northern Ireland,NIR,2015-05,2015-05-31,cancer_62day_pct,73.50993377483444,percent,Department of Health (NI)
Northern Ireland,NIR,2015-06,2015-06-30,cancer_62day_pct,69.45244956772333,percent,Department of Health (NI)
Northern Ireland,NIR,2015-07,2015-07-31,cancer_62day_pct,72.28915662650603,percent,Department of Health (NI)
Northern Ireland,NIR,2015-08,2015-08-31,cancer_62day_pct,65.56291390728477,percent,Department of Health (NI)
Northern Ireland,NIR,2015-09,2015-09-30,cancer_62day_pct,69.55307262569832,percent,Department of Health (NI)
Northern Ireland,NIR,2015-10,2015-10-31,cancer_62day_pct,64.26229508196721,percent,Department of Health (NI)
Northern Ireland,NIR,2015-11,2015-11-30,cancer_62day_pct,74.28571428571429,percent,Department of Health (NI)
Northern Ireland,NIR,2015-12,2015-12-31,cancer_62day_pct,72.16216216216216,percent,Department of Health (NI)
Northern Ireland,NIR,2016-01,2016-01-31,cancer_62day_pct,66.2420382165605,percent,Department of Health (NI)
Northern Ireland,NIR,2016-02,2016-02-29,cancer_62day_pct,71.8562874251497,percent,Department of Health (NI)
Northern Ireland,NIR,2016-03,2016-03-31,cancer_62day_pct,71.64179104477611,percent,Department of Health (NI)
Northern Ireland,NIR,2016-04,2016-04-30,cancer_62day_pct,68.50152905198776,percent,Department of Health (NI)
Northern Ireland,NIR,2016-05,2016-05-31,cancer_62day_pct,69.34523809523809,percent,Department of Health (NI)
Northern Ireland,NIR,2016-06,2016-06-30,cancer_62day_pct,71.94805194805195,percent,Department of Health (NI)
Northern Ireland,NIR,2016-07,2016-07-31,cancer_62day_pct,70.6070287539936,percent,Department of Health (NI)
Northern Ireland,NIR,2016-08,2016-08-31,cancer_62day_pct,67.38544474393531,percent,Department of Health (NI)
Northern Ireland,NIR,2016-09,2016-09-30,cancer_62day_pct,63.24324324324324,percent,Department of Health (NI)
Northern Ireland,NIR,2016-10,2016-10-31,cancer_62day_pct,65.42857142857143,percent,Department of Health (NI)
Northern Ireland,NIR,2016-11,2016-11-30,cancer_62day_pct,67.01570680628272,percent,Department of Health (NI)
Northern Ireland,NIR,2016-12,2016-12-31,cancer_62day_pct,68.73156342182891,percent,Department of Health (NI)
Northern Ireland,NIR,2017-01,2017-01-31,cancer_62day_pct,67.10875331564988,percent,Department of Health (NI)
Northern Ireland,NIR,2017-02,2017-02-28,cancer_62day_pct,69.72222222222221,percent,Department of Health (NI)
Northern Ireland,NIR,2017-03,2017-03-31,cancer_62day_pct,69.02654867256636,percent,Department of Health (NI)
Northern Ireland,NIR,2017-04,2017-04-30,cancer_62day_pct,69.1131498470948,percent,Department of Health (NI)
Northern Ireland,NIR,2017-05,2017-05-31,cancer_62day_pct,67.68447837150127,percent,Department of Health (NI)
Northern Ireland,NIR,2017-06,2017-06-30,cancer_62day_pct,69.0537084398977,percent,Department of Health (NI)
Northern Ireland,NIR,2017-07,2017-07-31,cancer_62day_pct,64.19753086419753,percent,Department of Health (NI)
Northern Ireland,NIR,2017-08,2017-08-31,cancer_62day_pct,63.85542168674698,percent,Department of Health (NI)
Northern Ireland,NIR,2017-09,2017-09-30,cancer_62day_pct,62.365591397849464,percent,Department of Health (NI)
Northern Ireland,NIR,2017-10,2017-10-31,cancer_62day_pct,67.73255813953489,percent,Department of Health (NI)
Northern Ireland,NIR,2017-11,2017-11-30,cancer_62day_pct,65.96244131455398,percent,Department of Health (NI)
Northern Ireland,NIR,2017-12,2017-12-31,cancer_62day_pct,66.76136363636364,percent,Department of Health (NI)
Northern Ireland,NIR,2018-01,2018-01-31,cancer_62day_pct,66.93989071038251,percent,Department of Health (NI)
Northern Ireland,NIR,2018-02,2018-02-28,cancer_62day_pct,67.56756756756756,percent,Department of Health (NI)
Northern Ireland,NIR,2018-03,2018-03-31,cancer_62day_pct,75.36231884057972,percent,Department of Health (NI)
Northern Ireland,NIR,2018-04,2018-04-30,cancer_62day_pct,68.22157434402332,percent,Department of Health (NI)
Northern Ireland,NIR,2018-05,2018-05-31,cancer_62day_pct,67.3913043478261,percent,Department of Health (NI)
Northern Ireland,NIR,2018-06,2018-06-30,cancer_62day_pct,70.84468664850137,percent,Department of Health (NI)
Northern Ireland,NIR,2018-07,2018-07-31,cancer_62day_pct,62.43243243243243,percent,Department of Health (NI)
Northern Ireland,NIR,2018-08,2018-08-31,cancer_62day_pct,66.50124069478908,percent,Department of Health (NI)
Northern Ireland,NIR,2018-09,2018-09-30,cancer_62day_pct,62.06896551724138,percent,Department of Health (NI)
Northern Ireland,NIR,2018-10,2018-10-31,cancer_62day_pct,58.85057471264368,percent,Department of Health (NI)
Northern Ireland,NIR,2018-11,2018-11-30,cancer_62day_pct,57.43589743589743,percent,Department of Health (NI)
Northern Ireland,NIR,2018-12,2018-12-31,cancer_62day_pct,60.37735849056604,percent,Department of Health (NI)
Northern Ireland,NIR,2019-01,2019-01-31,cancer_62day_pct,58.160919540229884,percent,Department of Health (NI)
Northern Ireland,NIR,2019-02,2019-02-28,cancer_62day_pct,60.23738872403561,percent,Department of Health (NI)
Northern Ireland,NIR,2019-03,2019-03-31,cancer_62day_pct,61.78343949044586,percent,Department of Health (NI)
Northern Ireland,NIR,2019-04,2019-04-30,cancer_62day_pct,57.74647887323944,percent,Department of Health (NI)
Northern Ireland,NIR,2019-05,2019-05-31,cancer_62day_pct,48.888888888888886,percent,Department of Health (NI)
Northern Ireland,NIR,2019-06,2019-06-30,cancer_62day_pct,55.38461538461539,percent,Department of Health (NI)
Northern Ireland,NIR,2019-07,2019-07-31,cancer_62day_pct,52.42966751918159,percent,Department of Health (NI)
Northern Ireland,NIR,2019-08,2019-08-31,cancer_62day_pct,56.811594202898554,percent,Department of Health (NI)
Northern Ireland,NIR,2019-09,2019-09-30,cancer_62day_pct,48.205128205128204,percent,Department of Health (NI)
Northern Ireland,NIR,2019-10,2019-10-31,cancer_62day_pct,49.645390070921984,percent,Department of Health (NI)
Northern Ireland,NIR,2019-11,2019-11-30,cancer_62day_pct,51.89873417721519,percent,Department of Health (NI)
Northern Ireland,NIR,2019-12,2019-12-31,cancer_62day_pct,49.85754985754986,percent,Department of Health (NI)
Northern Ireland,NIR,2020-01,2020-01-31,cancer_62day_pct,44.47174447174447,percent,Department of Health (NI)
Northern Ireland,NIR,2020-02,2020-02-29,cancer_62day_pct,48.57142857142857,percent,Department of Health (NI)
Northern Ireland,NIR,2020-03,2020-03-31,cancer_62day_pct,53.86363636363637,percent,Department of Health (NI)
Northern Ireland,NIR,2020-04,2020-04-30,cancer_62day_pct,50.0,percent,Department of Health (NI)
Northern Ireland,NIR,2020-05,2020-05-31,cancer_62day_pct,49.10394265232975,percent,Department of Health (NI)
Northern Ireland,NIR,2020-06,2020-06-30,cancer_62day_pct,56.17283950617284,percent,Department of Health (NI)
Northern Ireland,NIR,2020-07,2020-07-31,cancer_62day_pct,61.69014084507042,percent,Department of Health (NI)
Northern Ireland,NIR,2020-08,2020-08-31,cancer_62day_pct,57.95454545454546,percent,Department of Health (NI)
Northern Ireland,NIR,2020-09,2020-09-30,cancer_62day_pct,60.32608695652174,percent,Department of Health (NI)
Northern Ireland,NIR,2020-10,2020-10-31,cancer_62day_pct,59.41644562334217,percent,Department of Health (NI)
Northern Ireland,NIR,2020-11,2020-11-30,cancer_62day_pct,53.229974160206716,percent,Department of Health (NI)
Northern Ireland,NIR,2020-12,2020-12-31,cancer_62day_pct,55.25525525525525,percent,Department of Health (NI)
Northern Ireland,NIR,2021-01,2021-01-31,cancer_62day_pct,44.6524064171123,percent,Department of Health (NI)
Northern Ireland,NIR,2021-02,2021-02-28,cancer_62day_pct,45.08196721311475,percent,Department of Health (NI)
Northern Ireland,NIR,2021-03,2021-03-31,cancer_62day_pct,49.202733485193626,percent,Department of Health (NI)
Northern Ireland,NIR,2021-04,2021-04-30,cancer_62day_pct,54.871794871794876,percent,Department of Health (NI)
Northern Ireland,NIR,2021-05,2021-05-31,cancer_62day_pct,50.123456790123456,percent,Department of Health (NI)
Northern Ireland,NIR,2021-06,2021-06-30,cancer_62day_pct,54.24107142857143,percent,Department of Health (NI)
Northern Ireland,NIR,2021-07,2021-07-31,cancer_62day_pct,52.44565217391305,percent,Department of Health (NI)
Northern Ireland,NIR,2021-08,2021-08-31,cancer_62day_pct,43.94366197183099,percent,Department of Health (NI)
Northern Ireland,NIR,2021-09,2021-09-30,cancer_62day_pct,42.459396751740144,percent,Department of Health (NI)
Northern Ireland,NIR,2021-10,2021-10-31,cancer_62day_pct,45.14563106796117,percent,Department of Health (NI)
Northern Ireland,NIR,2021-11,2021-11-30,cancer_62day_pct,41.5929203539823,percent,Department of Health (NI)
Northern Ireland,NIR,2021-12,2021-12-31,cancer_62day_pct,43.04812834224599,percent,Department of Health (NI)
Northern Ireland,NIR,2022-01,2022-01-31,cancer_62day_pct,33.80952380952381,percent,Department of Health (NI)
Northern Ireland,NIR,2022-02,2022-02-28,cancer_62day_pct,41.17647058823529,percent,Department of Health (NI)
Northern Ireland,NIR,2022-03,2022-03-31,cancer_62day_pct,48.06763285024155,percent,Department of Health (NI)
Northern Ireland,NIR,2022-04,2022-04-30,cancer_62day_pct,39.44723618090452,percent,Department of Health (NI)
Northern Ireland,NIR,2022-05,2022-05-31,cancer_62day_pct,35.16949152542373,percent,Department of Health (NI)
Northern Ireland,NIR,2022-06,2022-06-30,cancer_62day_pct,38.902147971360385,percent,Department of Health (NI)
Northern Ireland,NIR,2022-07,2022-07-31,cancer_62day_pct,42.8235294117647,percent,Department of Health (NI)
Northern Ireland,NIR,2022-08,2022-08-31,cancer_62day_pct,38.22222222222222,percent,Department of Health (NI)
Northern Ireland,NIR,2022-09,2022-09-30,cancer_62day_pct,37.77292576419214,percent,Department of Health (NI)
Northern Ireland,NIR,2022-10,2022-10-31,cancer_62day_pct,35.72778827977316,percent,Department of Health (NI)
Northern Ireland,NIR,2022-11,2022-11-30,cancer_62day_pct,36.907216494845365,percent,Department of Health (NI)
Northern Ireland,NIR,2022-12,2022-12-31,cancer_62day_pct,36.99731903485255,percent,Department of Health (NI)
Northern Ireland,NIR,2023-01,2023-01-31,cancer_62day_pct,33.679833679833685,percent,Department of Health (NI)
Northern Ireland,NIR,2023-02,2023-02-28,cancer_62day_pct,29.772727272727273,percent,Department of Health (NI)
Northern Ireland,NIR,2023-03,2023-03-31,cancer_62day_pct,40.70021881838075,percent,Department of Health (NI)
Northern Ireland,NIR,2023-04,2023-04-30,cancer_62day_pct,40.625,percent,Department of Health (NI)
Northern Ireland,NIR,2023-05,2023-05-31,cancer_62day_pct,33.46938775510204,percent,Department of Health (NI)
Northern Ireland,NIR,2023-06,2023-06-30,cancer_62day_pct,37.204301075268816,percent,Department of Health (NI)
Northern Ireland,NIR,2023-07,2023-07-31,cancer_62day_pct,35.881104033970274,percent,Department of Health (NI)
Northern Ireland,NIR,2023-08,2023-08-31,cancer_62day_pct,32.42677824267782,percent,Department of Health (NI)
Northern Ireland,NIR,2023-09,2023-09-30,cancer_62day_pct,33.57843137254902,percent,Department of Health (NI)
Northern Ireland,NIR,2023-10,2023-10-31,cancer_62day_pct,28.290766208251473,percent,Department of Health (NI)
Northern Ireland,NIR,2023-11,2023-11-30,cancer_62day_pct,30.785123966942145,percent,Department of Health (NI)
Northern Ireland,NIR,2023-12,2023-12-31,cancer_62day_pct,31.1614730878187,percent,Department of Health (NI)
Northern Ireland,NIR,2024-01,2024-01-31,cancer_62day_pct,32.142857142857146,percent,Department of Health (NI)
Northern Ireland,NIR,2024-02,2024-02-29,cancer_62day_pct,29.912663755458514,percent,Department of Health (NI)
Northern Ireland,NIR,2024-03,2024-03-31,cancer_62day_pct,32.08430913348946,percent,Department of Health (NI)
Northern Ireland,NIR,2024-04,2024-04-30,cancer_62day_pct,40.67796610169492,percent,Department of Health (NI)
Northern Ireland,NIR,2024-05,2024-05-31,cancer_62day_pct,39.29961089494164,percent,Department of Health (NI)
Northern Ireland,NIR,2024-06,2024-06-30,cancer_62day_pct,36.94915254237288,percent,Department of Health (NI)
Northern Ireland,NIR,2024-07,2024-07-31,cancer_62day_pct,36.86440677966102,percent,Department of Health (NI)
Northern Ireland,NIR,2024-08,2024-08-31,cancer_62day_pct,34.66042154566745,percent,Department of Health (NI)
Northern Ireland,NIR,2024-09,2024-09-30,cancer_62day_pct,27.479338842975203,percent,Department of Health (NI)
Northern Ireland,NIR,2024-10,2024-10-31,cancer_62day_pct,31.800766283524908,percent,Department of Health (NI)
Northern Ireland,NIR,2024-11,2024-11-30,cancer_62day_pct,37.99212598425197,percent,Department of Health (NI)
Northern Ireland,NIR,2024-12,2024-12-31,cancer_62day_pct,32.53012048192771,percent,Department of Health (NI)
Northern Ireland,NIR,2025-01,2025-01-31,cancer_62day_pct,29.48453608247423,percent,Department of Health (NI)
Northern Ireland,NIR,2025-02,2025-02-28,cancer_62day_pct,36.71875,percent,Department of Health (NI)
Northern Ireland,NIR,2025-03,2025-03-31,cancer_62day_pct,36.734693877551024,percent,Department of Health (NI)
Scotland,SCO,2012-Q1,2012-03-31,cancer_62day_pct,94.81306837318962,percent,Public Health Scotland
Scotland,SCO,2012-Q2,2012-06-30,cancer_62day_pct,95.27156549520767,percent,Public Health Scotland
Scotland,SCO,2012-Q3,2012-09-30,cancer_62day_pct,93.98373983739837,percent,Public Health Scotland
Scotland,SCO,2012-Q4,2012-12-31,cancer_62day_pct,95.83333333333334,percent,Public Health Scotland
Scotland,SCO,2013-Q1,2013-03-31,cancer_62day_pct,94.48275862068965,percent,Public Health Scotland
Scotland,SCO,2013-Q2,2013-06-30,cancer_62day_pct,94.48897795591182,percent,Public Health Scotland
Scotland,SCO,2013-Q3,2013-09-30,cancer_62day_pct,94.49660084169635,percent,Public Health Scotland
Scotland,SCO,2013-Q4,2013-12-31,cancer_62day_pct,94.62956971853768,percent,Public Health Scotland
Scotland,SCO,2014-Q1,2014-03-31,cancer_62day_pct,91.53294639808809,percent,Public Health Scotland
Scotland,SCO,2014-Q2,2014-06-30,cancer_62day_pct,92.92866082603254,percent,Public Health Scotland
Scotland,SCO,2014-Q3,2014-09-30,cancer_62day_pct,93.5064935064935,percent,Public Health Scotland
Scotland,SCO,2014-Q4,2014-12-31,cancer_62day_pct,94.16034312108215,percent,Public Health Scotland
Scotland,SCO,2015-Q1,2015-03-31,cancer_62day_pct,91.91419141914191,percent,Public Health Scotland
Scotland,SCO,2015-Q2,2015-06-30,cancer_62day_pct,92.08840486867392,percent,Public Health Scotland
Scotland,SCO,2015-Q3,2015-09-30,cancer_62day_pct,90.20472440944883,percent,Public Health Scotland
Scotland,SCO,2015-Q4,2015-12-31,cancer_62day_pct,90.84041548630783,percent,Public Health Scotland
Scotland,SCO,2016-Q1,2016-03-31,cancer_62day_pct,90.22630370613317,percent,Public Health Scotland
Scotland,SCO,2016-Q2,2016-06-30,cancer_62day_pct,89.83700862895493,percent,Public Health Scotland
Scotland,SCO,2016-Q3,2016-09-30,cancer_62day_pct,87.12994702399502,percent,Public Health Scotland
Scotland,SCO,2016-Q4,2016-12-31,cancer_62day_pct,87.46158574062693,percent,Public Health Scotland
Scotland,SCO,2017-Q1,2017-03-31,cancer_62day_pct,88.11338006705273,percent,Public Health Scotland
Scotland,SCO,2017-Q2,2017-06-30,cancer_62day_pct,86.85567010309279,percent,Public Health Scotland
Scotland,SCO,2017-Q3,2017-09-30,cancer_62day_pct,87.19008264462809,percent,Public Health Scotland
Scotland,SCO,2017-Q4,2017-12-31,cancer_62day_pct,87.09106984969054,percent,Public Health Scotland
Scotland,SCO,2018-Q1,2018-03-31,cancer_62day_pct,85.00881834215167,percent,Public Health Scotland
Scotland,SCO,2018-Q2,2018-06-30,cancer_62day_pct,84.58390177353343,percent,Public Health Scotland
Scotland,SCO,2018-Q3,2018-09-30,cancer_62day_pct,81.37566137566138,percent,Public Health Scotland
Scotland,SCO,2018-Q4,2018-12-31,cancer_62day_pct,82.6603325415677,percent,Public Health Scotland
Scotland,SCO,2019-Q1,2019-03-31,cancer_62day_pct,81.40037848067045,percent,Public Health Scotland
Scotland,SCO,2019-Q2,2019-06-30,cancer_62day_pct,82.39508700102354,percent,Public Health Scotland
Scotland,SCO,2019-Q3,2019-09-30,cancer_62day_pct,83.34606569900687,percent,Public Health Scotland
Scotland,SCO,2019-Q4,2019-12-31,cancer_62day_pct,83.66908407198495,percent,Public Health Scotland
Scotland,SCO,2020-Q1,2020-03-31,cancer_62day_pct,84.65553235908142,percent,Public Health Scotland
Scotland,SCO,2020-Q2,2020-06-30,cancer_62day_pct,84.0812315754995,percent,Public Health Scotland
Scotland,SCO,2020-Q3,2020-09-30,cancer_62day_pct,87.32394366197182,percent,Public Health Scotland
Scotland,SCO,2020-Q4,2020-12-31,cancer_62day_pct,86.15077098800685,percent,Public Health Scotland
Scotland,SCO,2021-Q1,2021-03-31,cancer_62day_pct,82.97575926441905,percent,Public Health Scotland
Scotland,SCO,2021-Q2,2021-06-30,cancer_62day_pct,84.08803440424994,percent,Public Health Scotland
Scotland,SCO,2021-Q3,2021-09-30,cancer_62day_pct,83.26683291770574,percent,Public Health Scotland
Scotland,SCO,2021-Q4,2021-12-31,cancer_62day_pct,79.14554670528602,percent,Public Health Scotland
Scotland,SCO,2022-Q1,2022-03-31,cancer_62day_pct,76.87127687127688,percent,Public Health Scotland
Scotland,SCO,2022-Q2,2022-06-30,cancer_62day_pct,76.3015717092338,percent,Public Health Scotland
Scotland,SCO,2022-Q3,2022-09-30,cancer_62day_pct,75.10801728276523,percent,Public Health Scotland
Scotland,SCO,2022-Q4,2022-12-31,cancer_62day_pct,71.70342562177382,percent,Public Health Scotland
Scotland,SCO,2023-Q1,2023-03-31,cancer_62day_pct,69.45626477541371,percent,Public Health Scotland
Scotland,SCO,2023-Q2,2023-06-30,cancer_62day_pct,73.7148173993952,percent,Public Health Scotland
Scotland,SCO,2023-Q3,2023-09-30,cancer_62day_pct,71.94462470257409,percent,Public Health Scotland
Scotland,SCO,2023-Q4,2023-12-31,cancer_62day_pct,71.05026929982047,percent,Public Health Scotland
Scotland,SCO,2024-Q1,2024-03-31,cancer_62day_pct,70.45401629802095,percent,Public Health Scotland
Scotland,SCO,2024-Q2,2024-06-30,cancer_62day_pct,73.17456751291844,percent,Public Health Scotland
Scotland,SCO,2024-Q3,2024-09-30,cancer_62day_pct,72.10477941176471,percent,Public Health Scotland
Scotland,SCO,2024-Q4,2024-12-31,cancer_62day_pct,73.49117920148561,percent,Public Health Scotland
Scotland,SCO,2025-Q1,2025-03-31,cancer_62day_pct,68.90006860278984,percent,Public Health Scotland
Scotland,SCO,2025-Q2,2025-06-30,cancer_62day_pct,69.86497545008183,percent,Public Health Scotland
Scotland,SCO,2025-Q3,2025-09-30,cancer_62day_pct,70.73881373569199,percent,Public Health Scotland
Scotland,SCO,2025-Q4,2025-12-31,cancer_62day_pct,72.57762033757032,percent,Public Health Scotland
Scotland,SCO,2026-Q1,2026-03-31,cancer_62day_pct,72.23650385604114,percent,Public Health Scotland
Wales,WAL,2009-10,2009-10-31,cancer_62day_pct,88.1,percent,StatsWales (Welsh Government)
Wales,WAL,2009-11,2009-11-30,cancer_62day_pct,94.4,percent,StatsWales (Welsh Government)
Wales,WAL,2009-12,2009-12-31,cancer_62day_pct,93.2,percent,StatsWales (Welsh Government)
Wales,WAL,2010-01,2010-01-31,cancer_62day_pct,91.7,percent,StatsWales (Welsh Government)
Wales,WAL,2010-02,2010-02-28,cancer_62day_pct,89.3,percent,StatsWales (Welsh Government)
Wales,WAL,2010-03,2010-03-31,cancer_62day_pct,91.7,percent,StatsWales (Welsh Government)
Wales,WAL,2010-04,2010-04-30,cancer_62day_pct,90.1,percent,StatsWales (Welsh Government)
Wales,WAL,2010-05,2010-05-31,cancer_62day_pct,90.6,percent,StatsWales (Welsh Government)
Wales,WAL,2010-06,2010-06-30,cancer_62day_pct,91.3,percent,StatsWales (Welsh Government)
Wales,WAL,2010-07,2010-07-31,cancer_62day_pct,96.1,percent,StatsWales (Welsh Government)
Wales,WAL,2010-08,2010-08-31,cancer_62day_pct,95.4,percent,StatsWales (Welsh Government)
Wales,WAL,2010-09,2010-09-30,cancer_62day_pct,89.3,percent,StatsWales (Welsh Government)
Wales,WAL,2010-10,2010-10-31,cancer_62day_pct,94.5,percent,StatsWales (Welsh Government)
Wales,WAL,2010-11,2010-11-30,cancer_62day_pct,92.6,percent,StatsWales (Welsh Government)
Wales,WAL,2010-12,2010-12-31,cancer_62day_pct,93.2,percent,StatsWales (Welsh Government)
Wales,WAL,2011-01,2011-01-31,cancer_62day_pct,91.8,percent,StatsWales (Welsh Government)
Wales,WAL,2011-02,2011-02-28,cancer_62day_pct,90.8,percent,StatsWales (Welsh Government)
Wales,WAL,2011-03,2011-03-31,cancer_62day_pct,90.0,percent,StatsWales (Welsh Government)
Wales,WAL,2011-04,2011-04-30,cancer_62day_pct,89.7,percent,StatsWales (Welsh Government)
Wales,WAL,2011-05,2011-05-31,cancer_62day_pct,86.1,percent,StatsWales (Welsh Government)
Wales,WAL,2011-06,2011-06-30,cancer_62day_pct,85.6,percent,StatsWales (Welsh Government)
Wales,WAL,2011-07,2011-07-31,cancer_62day_pct,88.7,percent,StatsWales (Welsh Government)
Wales,WAL,2011-08,2011-08-31,cancer_62day_pct,91.3,percent,StatsWales (Welsh Government)
Wales,WAL,2011-09,2011-09-30,cancer_62day_pct,88.3,percent,StatsWales (Welsh Government)
Wales,WAL,2011-10,2011-10-31,cancer_62day_pct,88.2,percent,StatsWales (Welsh Government)
Wales,WAL,2011-11,2011-11-30,cancer_62day_pct,90.5,percent,StatsWales (Welsh Government)
Wales,WAL,2011-12,2011-12-31,cancer_62day_pct,92.1,percent,StatsWales (Welsh Government)
Wales,WAL,2012-01,2012-01-31,cancer_62day_pct,90.3,percent,StatsWales (Welsh Government)
Wales,WAL,2012-02,2012-02-29,cancer_62day_pct,88.3,percent,StatsWales (Welsh Government)
Wales,WAL,2012-03,2012-03-31,cancer_62day_pct,90.8,percent,StatsWales (Welsh Government)
Wales,WAL,2012-04,2012-04-30,cancer_62day_pct,87.1,percent,StatsWales (Welsh Government)
Wales,WAL,2012-05,2012-05-31,cancer_62day_pct,87.6,percent,StatsWales (Welsh Government)
Wales,WAL,2012-06,2012-06-30,cancer_62day_pct,89.3,percent,StatsWales (Welsh Government)
Wales,WAL,2012-07,2012-07-31,cancer_62day_pct,86.8,percent,StatsWales (Welsh Government)
Wales,WAL,2012-08,2012-08-31,cancer_62day_pct,85.3,percent,StatsWales (Welsh Government)
Wales,WAL,2012-09,2012-09-30,cancer_62day_pct,85.8,percent,StatsWales (Welsh Government)
Wales,WAL,2012-10,2012-10-31,cancer_62day_pct,87.0,percent,StatsWales (Welsh Government)
Wales,WAL,2012-11,2012-11-30,cancer_62day_pct,85.3,percent,StatsWales (Welsh Government)
Wales,WAL,2012-12,2012-12-31,cancer_62day_pct,84.7,percent,StatsWales (Welsh Government)
Wales,WAL,2013-01,2013-01-31,cancer_62day_pct,82.6,percent,StatsWales (Welsh Government)
Wales,WAL,2013-02,2013-02-28,cancer_62day_pct,82.1,percent,StatsWales (Welsh Government)
Wales,WAL,2013-03,2013-03-31,cancer_62day_pct,86.1,percent,StatsWales (Welsh Government)
Wales,WAL,2013-04,2013-04-30,cancer_62day_pct,80.5,percent,StatsWales (Welsh Government)
Wales,WAL,2013-05,2013-05-31,cancer_62day_pct,83.7,percent,StatsWales (Welsh Government)
Wales,WAL,2013-06,2013-06-30,cancer_62day_pct,81.3,percent,StatsWales (Welsh Government)
Wales,WAL,2013-07,2013-07-31,cancer_62day_pct,84.5,percent,StatsWales (Welsh Government)
Wales,WAL,2013-08,2013-08-31,cancer_62day_pct,88.6,percent,StatsWales (Welsh Government)
Wales,WAL,2013-09,2013-09-30,cancer_62day_pct,86.8,percent,StatsWales (Welsh Government)
Wales,WAL,2013-10,2013-10-31,cancer_62day_pct,92.4,percent,StatsWales (Welsh Government)
Wales,WAL,2013-11,2013-11-30,cancer_62day_pct,92.0,percent,StatsWales (Welsh Government)
Wales,WAL,2013-12,2013-12-31,cancer_62day_pct,92.0,percent,StatsWales (Welsh Government)
Wales,WAL,2014-01,2014-01-31,cancer_62day_pct,90.6,percent,StatsWales (Welsh Government)
Wales,WAL,2014-02,2014-02-28,cancer_62day_pct,90.5,percent,StatsWales (Welsh Government)
Wales,WAL,2014-03,2014-03-31,cancer_62day_pct,87.8,percent,StatsWales (Welsh Government)
Wales,WAL,2014-04,2014-04-30,cancer_62day_pct,89.8,percent,StatsWales (Welsh Government)
Wales,WAL,2014-05,2014-05-31,cancer_62day_pct,88.5,percent,StatsWales (Welsh Government)
Wales,WAL,2014-06,2014-06-30,cancer_62day_pct,84.3,percent,StatsWales (Welsh Government)
Wales,WAL,2014-07,2014-07-31,cancer_62day_pct,85.8,percent,StatsWales (Welsh Government)
Wales,WAL,2014-08,2014-08-31,cancer_62day_pct,85.2,percent,StatsWales (Welsh Government)
Wales,WAL,2014-09,2014-09-30,cancer_62day_pct,84.3,percent,StatsWales (Welsh Government)
Wales,WAL,2014-10,2014-10-31,cancer_62day_pct,86.9,percent,StatsWales (Welsh Government)
Wales,WAL,2014-11,2014-11-30,cancer_62day_pct,89.4,percent,StatsWales (Welsh Government)
Wales,WAL,2014-12,2014-12-31,cancer_62day_pct,87.7,percent,StatsWales (Welsh Government)
Wales,WAL,2015-01,2015-01-31,cancer_62day_pct,82.5,percent,StatsWales (Welsh Government)
Wales,WAL,2015-02,2015-02-28,cancer_62day_pct,82.7,percent,StatsWales (Welsh Government)
Wales,WAL,2015-03,2015-03-31,cancer_62day_pct,86.3,percent,StatsWales (Welsh Government)
Wales,WAL,2015-04,2015-04-30,cancer_62day_pct,85.5,percent,StatsWales (Welsh Government)
Wales,WAL,2015-05,2015-05-31,cancer_62day_pct,84.7,percent,StatsWales (Welsh Government)
Wales,WAL,2015-06,2015-06-30,cancer_62day_pct,83.1,percent,StatsWales (Welsh Government)
Wales,WAL,2015-07,2015-07-31,cancer_62day_pct,87.2,percent,StatsWales (Welsh Government)
Wales,WAL,2015-08,2015-08-31,cancer_62day_pct,83.5,percent,StatsWales (Welsh Government)
Wales,WAL,2015-09,2015-09-30,cancer_62day_pct,85.9,percent,StatsWales (Welsh Government)
Wales,WAL,2015-10,2015-10-31,cancer_62day_pct,80.8,percent,StatsWales (Welsh Government)
Wales,WAL,2015-11,2015-11-30,cancer_62day_pct,84.3,percent,StatsWales (Welsh Government)
Wales,WAL,2015-12,2015-12-31,cancer_62day_pct,86.2,percent,StatsWales (Welsh Government)
Wales,WAL,2016-01,2016-01-31,cancer_62day_pct,86.5,percent,StatsWales (Welsh Government)
Wales,WAL,2016-02,2016-02-29,cancer_62day_pct,86.8,percent,StatsWales (Welsh Government)
Wales,WAL,2016-03,2016-03-31,cancer_62day_pct,85.7,percent,StatsWales (Welsh Government)
Wales,WAL,2016-04,2016-04-30,cancer_62day_pct,86.7,percent,StatsWales (Welsh Government)
Wales,WAL,2016-05,2016-05-31,cancer_62day_pct,88.6,percent,StatsWales (Welsh Government)
Wales,WAL,2016-06,2016-06-30,cancer_62day_pct,86.5,percent,StatsWales (Welsh Government)
Wales,WAL,2016-07,2016-07-31,cancer_62day_pct,85.7,percent,StatsWales (Welsh Government)
Wales,WAL,2016-08,2016-08-31,cancer_62day_pct,85.6,percent,StatsWales (Welsh Government)
Wales,WAL,2016-09,2016-09-30,cancer_62day_pct,83.8,percent,StatsWales (Welsh Government)
Wales,WAL,2016-10,2016-10-31,cancer_62day_pct,85.7,percent,StatsWales (Welsh Government)
Wales,WAL,2016-11,2016-11-30,cancer_62day_pct,86.6,percent,StatsWales (Welsh Government)
Wales,WAL,2016-12,2016-12-31,cancer_62day_pct,86.0,percent,StatsWales (Welsh Government)
Wales,WAL,2017-01,2017-01-31,cancer_62day_pct,87.0,percent,StatsWales (Welsh Government)
Wales,WAL,2017-02,2017-02-28,cancer_62day_pct,86.8,percent,StatsWales (Welsh Government)
Wales,WAL,2017-03,2017-03-31,cancer_62day_pct,89.3,percent,StatsWales (Welsh Government)
Wales,WAL,2017-04,2017-04-30,cancer_62day_pct,89.3,percent,StatsWales (Welsh Government)
Wales,WAL,2017-05,2017-05-31,cancer_62day_pct,85.8,percent,StatsWales (Welsh Government)
Wales,WAL,2017-06,2017-06-30,cancer_62day_pct,83.8,percent,StatsWales (Welsh Government)
Wales,WAL,2017-07,2017-07-31,cancer_62day_pct,88.4,percent,StatsWales (Welsh Government)
Wales,WAL,2017-08,2017-08-31,cancer_62day_pct,87.4,percent,StatsWales (Welsh Government)
Wales,WAL,2017-09,2017-09-30,cancer_62day_pct,85.5,percent,StatsWales (Welsh Government)
Wales,WAL,2017-10,2017-10-31,cancer_62day_pct,87.4,percent,StatsWales (Welsh Government)
Wales,WAL,2017-11,2017-11-30,cancer_62day_pct,90.2,percent,StatsWales (Welsh Government)
Wales,WAL,2017-12,2017-12-31,cancer_62day_pct,87.2,percent,StatsWales (Welsh Government)
Wales,WAL,2018-01,2018-01-31,cancer_62day_pct,85.3,percent,StatsWales (Welsh Government)
Wales,WAL,2018-02,2018-02-28,cancer_62day_pct,87.0,percent,StatsWales (Welsh Government)
Wales,WAL,2018-03,2018-03-31,cancer_62day_pct,88.7,percent,StatsWales (Welsh Government)
Wales,WAL,2018-04,2018-04-30,cancer_62day_pct,85.5,percent,StatsWales (Welsh Government)
Wales,WAL,2018-05,2018-05-31,cancer_62day_pct,84.0,percent,StatsWales (Welsh Government)
Wales,WAL,2018-06,2018-06-30,cancer_62day_pct,85.9,percent,StatsWales (Welsh Government)
Wales,WAL,2018-07,2018-07-31,cancer_62day_pct,85.5,percent,StatsWales (Welsh Government)
Wales,WAL,2018-08,2018-08-31,cancer_62day_pct,87.0,percent,StatsWales (Welsh Government)
Wales,WAL,2018-09,2018-09-30,cancer_62day_pct,84.2,percent,StatsWales (Welsh Government)
Wales,WAL,2018-10,2018-10-31,cancer_62day_pct,86.6,percent,StatsWales (Welsh Government)
Wales,WAL,2018-11,2018-11-30,cancer_62day_pct,85.3,percent,StatsWales (Welsh Government)
Wales,WAL,2018-12,2018-12-31,cancer_62day_pct,87.9,percent,StatsWales (Welsh Government)
Wales,WAL,2019-01,2019-01-31,cancer_62day_pct,85.4,percent,StatsWales (Welsh Government)
Wales,WAL,2019-02,2019-02-28,cancer_62day_pct,85.2,percent,StatsWales (Welsh Government)
Wales,WAL,2019-03,2019-03-31,cancer_62day_pct,86.0,percent,StatsWales (Welsh Government)
Wales,WAL,2019-04,2019-04-30,cancer_62day_pct,84.9,percent,StatsWales (Welsh Government)
Wales,WAL,2019-05,2019-05-31,cancer_62day_pct,79.6,percent,StatsWales (Welsh Government)
Wales,WAL,2019-06,2019-06-30,cancer_62day_pct,62.6,percent,StatsWales (Welsh Government)
Wales,WAL,2019-07,2019-07-31,cancer_62day_pct,61.4,percent,StatsWales (Welsh Government)
Wales,WAL,2019-08,2019-08-31,cancer_62day_pct,62.2,percent,StatsWales (Welsh Government)
Wales,WAL,2019-09,2019-09-30,cancer_62day_pct,60.3,percent,StatsWales (Welsh Government)
Wales,WAL,2019-10,2019-10-31,cancer_62day_pct,59.6,percent,StatsWales (Welsh Government)
Wales,WAL,2019-11,2019-11-30,cancer_62day_pct,59.7,percent,StatsWales (Welsh Government)
Wales,WAL,2019-12,2019-12-31,cancer_62day_pct,63.2,percent,StatsWales (Welsh Government)
Wales,WAL,2020-01,2020-01-31,cancer_62day_pct,58.8,percent,StatsWales (Welsh Government)
Wales,WAL,2020-02,2020-02-29,cancer_62day_pct,56.7,percent,StatsWales (Welsh Government)
Wales,WAL,2020-03,2020-03-31,cancer_62day_pct,61.9,percent,StatsWales (Welsh Government)
Wales,WAL,2020-04,2020-04-30,cancer_62day_pct,61.9,percent,StatsWales (Welsh Government)
Wales,WAL,2020-05,2020-05-31,cancer_62day_pct,62.6,percent,StatsWales (Welsh Government)
Wales,WAL,2020-06,2020-06-30,cancer_62day_pct,69.2,percent,StatsWales (Welsh Government)
Wales,WAL,2020-07,2020-07-31,cancer_62day_pct,71.1,percent,StatsWales (Welsh Government)
Wales,WAL,2020-08,2020-08-31,cancer_62day_pct,69.9,percent,StatsWales (Welsh Government)
Wales,WAL,2020-09,2020-09-30,cancer_62day_pct,65.2,percent,StatsWales (Welsh Government)
Wales,WAL,2020-10,2020-10-31,cancer_62day_pct,64.7,percent,StatsWales (Welsh Government)
Wales,WAL,2020-11,2020-11-30,cancer_62day_pct,63.3,percent,StatsWales (Welsh Government)
Wales,WAL,2020-12,2020-12-31,cancer_62day_pct,66.9,percent,StatsWales (Welsh Government)
Wales,WAL,2021-01,2021-01-31,cancer_62day_pct,61.9,percent,StatsWales (Welsh Government)
Wales,WAL,2021-02,2021-02-28,cancer_62day_pct,60.2,percent,StatsWales (Welsh Government)
Wales,WAL,2021-03,2021-03-31,cancer_62day_pct,67.7,percent,StatsWales (Welsh Government)
Wales,WAL,2021-04,2021-04-30,cancer_62day_pct,66.8,percent,StatsWales (Welsh Government)
Wales,WAL,2021-05,2021-05-31,cancer_62day_pct,68.6,percent,StatsWales (Welsh Government)
Wales,WAL,2021-06,2021-06-30,cancer_62day_pct,68.1,percent,StatsWales (Welsh Government)
Wales,WAL,2021-07,2021-07-31,cancer_62day_pct,63.4,percent,StatsWales (Welsh Government)
Wales,WAL,2021-08,2021-08-31,cancer_62day_pct,64.2,percent,StatsWales (Welsh Government)
Wales,WAL,2021-09,2021-09-30,cancer_62day_pct,60.5,percent,StatsWales (Welsh Government)
Wales,WAL,2021-10,2021-10-31,cancer_62day_pct,60.2,percent,StatsWales (Welsh Government)
Wales,WAL,2021-11,2021-11-30,cancer_62day_pct,58.9,percent,StatsWales (Welsh Government)
Wales,WAL,2021-12,2021-12-31,cancer_62day_pct,59.6,percent,StatsWales (Welsh Government)
Wales,WAL,2022-01,2022-01-31,cancer_62day_pct,53.7,percent,StatsWales (Welsh Government)
Wales,WAL,2022-02,2022-02-28,cancer_62day_pct,60.5,percent,StatsWales (Welsh Government)
Wales,WAL,2022-03,2022-03-31,cancer_62day_pct,60.8,percent,StatsWales (Welsh Government)
Wales,WAL,2022-04,2022-04-30,cancer_62day_pct,58.5,percent,StatsWales (Welsh Government)
Wales,WAL,2022-05,2022-05-31,cancer_62day_pct,54.8,percent,StatsWales (Welsh Government)
Wales,WAL,2022-06,2022-06-30,cancer_62day_pct,56.1,percent,StatsWales (Welsh Government)
Wales,WAL,2022-07,2022-07-31,cancer_62day_pct,55.7,percent,StatsWales (Welsh Government)
Wales,WAL,2022-08,2022-08-31,cancer_62day_pct,54.4,percent,StatsWales (Welsh Government)
Wales,WAL,2022-09,2022-09-30,cancer_62day_pct,55.3,percent,StatsWales (Welsh Government)
Wales,WAL,2022-10,2022-10-31,cancer_62day_pct,54.0,percent,StatsWales (Welsh Government)
Wales,WAL,2022-11,2022-11-30,cancer_62day_pct,56.0,percent,StatsWales (Welsh Government)
Wales,WAL,2022-12,2022-12-31,cancer_62day_pct,55.3,percent,StatsWales (Welsh Government)
Wales,WAL,2023-01,2023-01-31,cancer_62day_pct,51.9,percent,StatsWales (Welsh Government)
Wales,WAL,2023-02,2023-02-28,cancer_62day_pct,54.1,percent,StatsWales (Welsh Government)
Wales,WAL,2023-03,2023-03-31,cancer_62day_pct,58.2,percent,StatsWales (Welsh Government)
Wales,WAL,2023-04,2023-04-30,cancer_62day_pct,57.4,percent,StatsWales (Welsh Government)
Wales,WAL,2023-05,2023-05-31,cancer_62day_pct,55.7,percent,StatsWales (Welsh Government)
Wales,WAL,2023-06,2023-06-30,cancer_62day_pct,54.8,percent,StatsWales (Welsh Government)
Wales,WAL,2023-07,2023-07-31,cancer_62day_pct,58.2,percent,StatsWales (Welsh Government)
Wales,WAL,2023-08,2023-08-31,cancer_62day_pct,58.3,percent,StatsWales (Welsh Government)
Wales,WAL,2023-09,2023-09-30,cancer_62day_pct,53.7,percent,StatsWales (Welsh Government)
Wales,WAL,2023-10,2023-10-31,cancer_62day_pct,57.6,percent,StatsWales (Welsh Government)
Wales,WAL,2023-11,2023-11-30,cancer_62day_pct,56.1,percent,StatsWales (Welsh Government)
Wales,WAL,2023-12,2023-12-31,cancer_62day_pct,58.6,percent,StatsWales (Welsh Government)
Wales,WAL,2024-01,2024-01-31,cancer_62day_pct,55.4,percent,StatsWales (Welsh Government)
Wales,WAL,2024-02,2024-02-29,cancer_62day_pct,53.9,percent,StatsWales (Welsh Government)
Wales,WAL,2024-03,2024-03-31,cancer_62day_pct,60.7,percent,StatsWales (Welsh Government)
Wales,WAL,2024-04,2024-04-30,cancer_62day_pct,55.3,percent,StatsWales (Welsh Government)
Wales,WAL,2024-05,2024-05-31,cancer_62day_pct,56.9,percent,StatsWales (Welsh Government)
Wales,WAL,2024-06,2024-06-30,cancer_62day_pct,58.1,percent,StatsWales (Welsh Government)
Wales,WAL,2024-07,2024-07-31,cancer_62day_pct,56.5,percent,StatsWales (Welsh Government)
Wales,WAL,2024-08,2024-08-31,cancer_62day_pct,58.7,percent,StatsWales (Welsh Government)
Wales,WAL,2024-09,2024-09-30,cancer_62day_pct,56.5,percent,StatsWales (Welsh Government)
Wales,WAL,2024-10,2024-10-31,cancer_62day_pct,58.7,percent,StatsWales (Welsh Government)
Wales,WAL,2024-11,2024-11-30,cancer_62day_pct,61.0,percent,StatsWales (Welsh Government)
Wales,WAL,2024-12,2024-12-31,cancer_62day_pct,62.8,percent,StatsWales (Welsh Government)
Wales,WAL,2025-01,2025-01-31,cancer_62day_pct,58.6,percent,StatsWales (Welsh Government)
Wales,WAL,2025-02,2025-02-28,cancer_62day_pct,60.9,percent,StatsWales (Welsh Government)
Wales,WAL,2025-03,2025-03-31,cancer_62day_pct,64.2,percent,StatsWales (Welsh Government)
Wales,WAL,2025-04,2025-04-30,cancer_62day_pct,61.1,percent,StatsWales (Welsh Government)
Wales,WAL,2025-05,2025-05-31,cancer_62day_pct,62.2,percent,StatsWales (Welsh Government)
Wales,WAL,2025-06,2025-06-30,cancer_62day_pct,60.6,percent,StatsWales (Welsh Government)
Wales,WAL,2025-07,2025-07-31,cancer_62day_pct,62.5,percent,StatsWales (Welsh Government)
Wales,WAL,2025-08,2025-08-31,cancer_62day_pct,62.1,percent,StatsWales (Welsh Government)
Wales,WAL,2025-09,2025-09-30,cancer_62day_pct,59.4,percent,StatsWales (Welsh Government)
Wales,WAL,2025-10,2025-10-31,cancer_62day_pct,60.3,percent,StatsWales (Welsh Government)
Wales,WAL,2025-11,2025-11-30,cancer_62day_pct,58.7,percent,StatsWales (Welsh Government)
Wales,WAL,2025-12,2025-12-31,cancer_62day_pct,60.7,percent,StatsWales (Welsh Government)
Wales,WAL,2026-01,2026-01-31,cancer_62day_pct,57.0,percent,StatsWales (Welsh Government)
Wales,WAL,2026-02,2026-02-28,cancer_62day_pct,57.0,percent,StatsWales (Welsh Government)
Wales,WAL,2026-03,2026-03-31,cancer_62day_pct,60.2,percent,StatsWales (Welsh Government)
Wales,WAL,2026-04,2026-04-30,cancer_62day_pct,56.7,percent,StatsWales (Welsh Government)
Wales,WAL,2026-05,2026-05-31,cancer_62day_pct,57.1,percent,StatsWales (Welsh Government)
England,ENG,2012-06,2012-06-30,diagnostics_6week_breach_pct,1.2743774684246167,percent,NHS England
England,ENG,2012-07,2012-07-31,diagnostics_6week_breach_pct,0.9335082969287244,percent,NHS England
England,ENG,2012-08,2012-08-31,diagnostics_6week_breach_pct,1.0550790550758613,percent,NHS England
England,ENG,2012-10,2012-10-31,diagnostics_6week_breach_pct,0.6052003863820057,percent,NHS England
England,ENG,2012-11,2012-11-30,diagnostics_6week_breach_pct,0.7272788171100067,percent,NHS England
England,ENG,2012-12,2012-12-31,diagnostics_6week_breach_pct,1.108826458426662,percent,NHS England
England,ENG,2013-01,2013-01-31,diagnostics_6week_breach_pct,1.3282105501642563,percent,NHS England
England,ENG,2013-02,2013-02-28,diagnostics_6week_breach_pct,0.891020523353823,percent,NHS England
England,ENG,2013-03,2013-03-31,diagnostics_6week_breach_pct,1.1052086318248948,percent,NHS England
England,ENG,2013-04,2013-04-30,diagnostics_6week_breach_pct,1.1579869069026714,percent,NHS England
England,ENG,2013-05,2013-05-31,diagnostics_6week_breach_pct,0.9971169076840678,percent,NHS England
England,ENG,2013-06,2013-06-30,diagnostics_6week_breach_pct,0.9128813196415602,percent,NHS England
England,ENG,2013-07,2013-07-31,diagnostics_6week_breach_pct,0.9126648999679665,percent,NHS England
England,ENG,2013-08,2013-08-31,diagnostics_6week_breach_pct,1.1073384942731677,percent,NHS England
England,ENG,2013-09,2013-09-30,diagnostics_6week_breach_pct,0.8679337224858882,percent,NHS England
England,ENG,2013-10,2013-10-31,diagnostics_6week_breach_pct,0.7437675684121182,percent,NHS England
England,ENG,2013-11,2013-11-30,diagnostics_6week_breach_pct,0.7746570484978955,percent,NHS England
England,ENG,2014-01,2014-01-31,diagnostics_6week_breach_pct,1.8032024919747431,percent,NHS England
England,ENG,2014-02,2014-02-28,diagnostics_6week_breach_pct,1.280148423005566,percent,NHS England
England,ENG,2014-03,2014-03-31,diagnostics_6week_breach_pct,1.3421593976707482,percent,NHS England
England,ENG,2014-04,2014-04-30,diagnostics_6week_breach_pct,2.1970215635504444,percent,NHS England
England,ENG,2014-05,2014-05-31,diagnostics_6week_breach_pct,2.361274496907467,percent,NHS England
England,ENG,2014-06,2014-06-30,diagnostics_6week_breach_pct,1.9653064010833907,percent,NHS England
England,ENG,2014-07,2014-07-31,diagnostics_6week_breach_pct,1.7088163608061608,percent,NHS England
England,ENG,2014-08,2014-08-31,diagnostics_6week_breach_pct,1.9676738334611188,percent,NHS England
England,ENG,2014-09,2014-09-30,diagnostics_6week_breach_pct,1.5019759741441263,percent,NHS England
England,ENG,2014-10,2014-10-31,diagnostics_6week_breach_pct,1.3278676727724004,percent,NHS England
England,ENG,2014-11,2014-11-30,diagnostics_6week_breach_pct,1.2660769182508314,percent,NHS England
England,ENG,2014-12,2014-12-31,diagnostics_6week_breach_pct,2.0928915543167927,percent,NHS England
England,ENG,2015-01,2015-01-31,diagnostics_6week_breach_pct,2.496293822864872,percent,NHS England
England,ENG,2015-02,2015-02-28,diagnostics_6week_breach_pct,1.526226622419692,percent,NHS England
England,ENG,2015-03,2015-03-31,diagnostics_6week_breach_pct,1.5492781154116386,percent,NHS England
England,ENG,2015-04,2015-04-30,diagnostics_6week_breach_pct,2.0031823470526255,percent,NHS England
England,ENG,2015-05,2015-05-31,diagnostics_6week_breach_pct,1.8204390042622003,percent,NHS England
England,ENG,2015-06,2015-06-30,diagnostics_6week_breach_pct,1.8416182458036883,percent,NHS England
England,ENG,2015-07,2015-07-31,diagnostics_6week_breach_pct,1.8392231240528454,percent,NHS England
England,ENG,2015-08,2015-08-31,diagnostics_6week_breach_pct,2.2485710645677197,percent,NHS England
England,ENG,2015-09,2015-09-30,diagnostics_6week_breach_pct,1.9514300155446838,percent,NHS England
England,ENG,2015-10,2015-10-31,diagnostics_6week_breach_pct,1.697802210666548,percent,NHS England
England,ENG,2015-11,2015-11-30,diagnostics_6week_breach_pct,1.5847098360071723,percent,NHS England
England,ENG,2015-12,2015-12-31,diagnostics_6week_breach_pct,2.1772758866325184,percent,NHS England
England,ENG,2016-01,2016-01-31,diagnostics_6week_breach_pct,2.1336562273725717,percent,NHS England
England,ENG,2016-03,2016-03-31,diagnostics_6week_breach_pct,1.7420843248742028,percent,NHS England
England,ENG,2016-04,2016-04-30,diagnostics_6week_breach_pct,1.8155506005238686,percent,NHS England
England,ENG,2016-05,2016-05-31,diagnostics_6week_breach_pct,1.429991571278297,percent,NHS England
England,ENG,2016-06,2016-06-30,diagnostics_6week_breach_pct,1.4822107364563677,percent,NHS England
England,ENG,2016-07,2016-07-31,diagnostics_6week_breach_pct,1.3669937410941362,percent,NHS England
England,ENG,2016-08,2016-08-31,diagnostics_6week_breach_pct,1.689543934416526,percent,NHS England
England,ENG,2016-09,2016-09-30,diagnostics_6week_breach_pct,1.487247656813266,percent,NHS England
England,ENG,2016-10,2016-10-31,diagnostics_6week_breach_pct,1.1112697020981588,percent,NHS England
England,ENG,2016-11,2016-11-30,diagnostics_6week_breach_pct,1.0957740210523477,percent,NHS England
England,ENG,2016-12,2016-12-31,diagnostics_6week_breach_pct,1.6853640187557073,percent,NHS England
England,ENG,2017-01,2017-01-31,diagnostics_6week_breach_pct,1.7427880377680467,percent,NHS England
England,ENG,2017-02,2017-02-28,diagnostics_6week_breach_pct,1.05262448304105,percent,NHS England
England,ENG,2017-03,2017-03-31,diagnostics_6week_breach_pct,1.0646660359588767,percent,NHS England
England,ENG,2017-04,2017-04-30,diagnostics_6week_breach_pct,1.7869255342574282,percent,NHS England
England,ENG,2017-05,2017-05-31,diagnostics_6week_breach_pct,1.8792901207750456,percent,NHS England
England,ENG,2017-06,2017-06-30,diagnostics_6week_breach_pct,1.877393685042038,percent,NHS England
England,ENG,2017-07,2017-07-31,diagnostics_6week_breach_pct,1.8389909821655048,percent,NHS England
England,ENG,2017-08,2017-08-31,diagnostics_6week_breach_pct,2.2103643781862736,percent,NHS England
England,ENG,2017-09,2017-09-30,diagnostics_6week_breach_pct,1.9963678212914857,percent,NHS England
England,ENG,2017-10,2017-10-31,diagnostics_6week_breach_pct,1.7428273326811003,percent,NHS England
England,ENG,2017-11,2017-11-30,diagnostics_6week_breach_pct,1.7447721650666315,percent,NHS England
England,ENG,2017-12,2017-12-31,diagnostics_6week_breach_pct,2.1849121074349673,percent,NHS England
England,ENG,2018-01,2018-01-31,diagnostics_6week_breach_pct,2.3372320756468605,percent,NHS England
England,ENG,2018-02,2018-02-28,diagnostics_6week_breach_pct,1.5849635564046265,percent,NHS England
England,ENG,2018-03,2018-03-31,diagnostics_6week_breach_pct,2.071077247040991,percent,NHS England
England,ENG,2018-04,2018-04-30,diagnostics_6week_breach_pct,2.4771474147623262,percent,NHS England
England,ENG,2018-05,2018-05-31,diagnostics_6week_breach_pct,2.722961885727173,percent,NHS England
England,ENG,2018-06,2018-06-30,diagnostics_6week_breach_pct,2.870657219066796,percent,NHS England
England,ENG,2018-07,2018-07-31,diagnostics_6week_breach_pct,2.824888738306169,percent,NHS England
England,ENG,2018-08,2018-08-31,diagnostics_6week_breach_pct,3.0638996776022753,percent,NHS England
England,ENG,2018-09,2018-09-30,diagnostics_6week_breach_pct,2.668504937375147,percent,NHS England
England,ENG,2018-10,2018-10-31,diagnostics_6week_breach_pct,2.3363721553959627,percent,NHS England
England,ENG,2018-11,2018-11-30,diagnostics_6week_breach_pct,2.407243705455556,percent,NHS England
England,ENG,2018-12,2018-12-31,diagnostics_6week_breach_pct,3.290767235609103,percent,NHS England
England,ENG,2019-01,2019-01-31,diagnostics_6week_breach_pct,3.5888738264199285,percent,NHS England
England,ENG,2019-02,2019-02-28,diagnostics_6week_breach_pct,2.304652889197538,percent,NHS England
England,ENG,2019-03,2019-03-31,diagnostics_6week_breach_pct,2.4746799958718144,percent,NHS England
England,ENG,2019-04,2019-04-30,diagnostics_6week_breach_pct,3.5829156085671556,percent,NHS England
England,ENG,2019-05,2019-05-31,diagnostics_6week_breach_pct,4.078819606485315,percent,NHS England
England,ENG,2019-06,2019-06-30,diagnostics_6week_breach_pct,3.7571857403519786,percent,NHS England
England,ENG,2019-07,2019-07-31,diagnostics_6week_breach_pct,3.5188468248380538,percent,NHS England
England,ENG,2019-08,2019-08-31,diagnostics_6week_breach_pct,4.319812242050224,percent,NHS England
England,ENG,2019-09,2019-09-30,diagnostics_6week_breach_pct,3.807637884593645,percent,NHS England
England,ENG,2019-10,2019-10-31,diagnostics_6week_breach_pct,3.254324484082391,percent,NHS England
England,ENG,2019-11,2019-11-30,diagnostics_6week_breach_pct,2.9776142374240697,percent,NHS England
England,ENG,2019-12,2019-12-31,diagnostics_6week_breach_pct,4.209396980286409,percent,NHS England
England,ENG,2020-01,2020-01-31,diagnostics_6week_breach_pct,4.444247308135497,percent,NHS England
England,ENG,2020-02,2020-02-29,diagnostics_6week_breach_pct,2.7785508774322687,percent,NHS England
England,ENG,2020-03,2020-03-31,diagnostics_6week_breach_pct,10.196191766673458,percent,NHS England
England,ENG,2020-04,2020-04-30,diagnostics_6week_breach_pct,55.62284493454746,percent,NHS England
England,ENG,2020-05,2020-05-31,diagnostics_6week_breach_pct,58.40041360382807,percent,NHS England
England,ENG,2020-06,2020-06-30,diagnostics_6week_breach_pct,47.744898561630976,percent,NHS England
England,ENG,2020-07,2020-07-31,diagnostics_6week_breach_pct,39.60109103307194,percent,NHS England
England,ENG,2020-08,2020-08-31,diagnostics_6week_breach_pct,38.03393595894089,percent,NHS England
England,ENG,2020-09,2020-09-30,diagnostics_6week_breach_pct,32.99428447068531,percent,NHS England
England,ENG,2020-10,2020-10-31,diagnostics_6week_breach_pct,29.178761169865393,percent,NHS England
England,ENG,2020-11,2020-11-30,diagnostics_6week_breach_pct,27.522295675922166,percent,NHS England
England,ENG,2020-12,2020-12-31,diagnostics_6week_breach_pct,29.223740065104913,percent,NHS England
England,ENG,2021-01,2021-01-31,diagnostics_6week_breach_pct,33.35866161156447,percent,NHS England
England,ENG,2021-02,2021-02-28,diagnostics_6week_breach_pct,28.482072864517267,percent,NHS England
England,ENG,2021-03,2021-03-31,diagnostics_6week_breach_pct,24.31418152742203,percent,NHS England
England,ENG,2021-04,2021-04-30,diagnostics_6week_breach_pct,24.054031992262225,percent,NHS England
England,ENG,2021-05,2021-05-31,diagnostics_6week_breach_pct,22.33179369032639,percent,NHS England
England,ENG,2021-06,2021-06-30,diagnostics_6week_breach_pct,22.415468013585706,percent,NHS England
England,ENG,2021-07,2021-07-31,diagnostics_6week_breach_pct,23.549848594752053,percent,NHS England
England,ENG,2021-08,2021-08-31,diagnostics_6week_breach_pct,27.158482900729396,percent,NHS England
England,ENG,2021-09,2021-09-30,diagnostics_6week_breach_pct,26.14733075446094,percent,NHS England
England,ENG,2021-10,2021-10-31,diagnostics_6week_breach_pct,25.02025098675634,percent,NHS England
England,ENG,2021-11,2021-11-30,diagnostics_6week_breach_pct,25.110670366731686,percent,NHS England
England,ENG,2021-12,2021-12-31,diagnostics_6week_breach_pct,29.118265416690186,percent,NHS England
England,ENG,2022-01,2022-01-31,diagnostics_6week_breach_pct,29.951228402911774,percent,NHS England
England,ENG,2022-02,2022-02-28,diagnostics_6week_breach_pct,24.0754805203039,percent,NHS England
England,ENG,2022-03,2022-03-31,diagnostics_6week_breach_pct,24.887948475984967,percent,NHS England
England,ENG,2022-04,2022-04-30,diagnostics_6week_breach_pct,28.452827178174694,percent,NHS England
England,ENG,2022-05,2022-05-31,diagnostics_6week_breach_pct,26.06059296477941,percent,NHS England
England,ENG,2022-06,2022-06-30,diagnostics_6week_breach_pct,27.552466844310647,percent,NHS England
England,ENG,2022-07,2022-07-31,diagnostics_6week_breach_pct,28.059031967445108,percent,NHS England
England,ENG,2022-08,2022-08-31,diagnostics_6week_breach_pct,30.553430380233117,percent,NHS England
England,ENG,2022-09,2022-09-30,diagnostics_6week_breach_pct,29.840613781652557,percent,NHS England
England,ENG,2022-10,2022-10-31,diagnostics_6week_breach_pct,27.48218647848856,percent,NHS England
England,ENG,2022-11,2022-11-30,diagnostics_6week_breach_pct,26.865204192880505,percent,NHS England
England,ENG,2022-12,2022-12-31,diagnostics_6week_breach_pct,31.271186002435662,percent,NHS England
England,ENG,2023-01,2023-01-31,diagnostics_6week_breach_pct,30.747654420593822,percent,NHS England
England,ENG,2023-02,2023-02-28,diagnostics_6week_breach_pct,25.103633662079318,percent,NHS England
England,ENG,2023-11,2023-11-30,diagnostics_6week_breach_pct,23.30826043451986,percent,NHS England
England,ENG,2023-12,2023-12-31,diagnostics_6week_breach_pct,26.810557861504194,percent,NHS England
England,ENG,2024-01,2024-01-31,diagnostics_6week_breach_pct,26.327330142347837,percent,NHS England
England,ENG,2024-02,2024-02-29,diagnostics_6week_breach_pct,20.819907353004844,percent,NHS England
England,ENG,2024-03,2024-03-31,diagnostics_6week_breach_pct,21.850351828841813,percent,NHS England
England,ENG,2024-04,2024-04-30,diagnostics_6week_breach_pct,23.00009717700792,percent,NHS England
England,ENG,2024-05,2024-05-31,diagnostics_6week_breach_pct,22.05086736017059,percent,NHS England
England,ENG,2024-06,2024-06-30,diagnostics_6week_breach_pct,22.88679067762916,percent,NHS England
England,ENG,2024-07,2024-07-31,diagnostics_6week_breach_pct,22.36401490395305,percent,NHS England
England,ENG,2024-08,2024-08-31,diagnostics_6week_breach_pct,23.964673550657825,percent,NHS England
England,ENG,2024-09,2024-09-30,diagnostics_6week_breach_pct,22.68458255392442,percent,NHS England
England,ENG,2024-10,2024-10-31,diagnostics_6week_breach_pct,20.69940308868606,percent,NHS England
England,ENG,2024-11,2024-11-30,diagnostics_6week_breach_pct,19.92375483087615,percent,NHS England
England,ENG,2024-12,2024-12-31,diagnostics_6week_breach_pct,22.765849345397125,percent,NHS England
England,ENG,2025-01,2025-01-31,diagnostics_6week_breach_pct,22.431149972819327,percent,NHS England
England,ENG,2025-02,2025-02-28,diagnostics_6week_breach_pct,17.460471942408244,percent,NHS England
England,ENG,2025-03,2025-03-31,diagnostics_6week_breach_pct,18.36864828183318,percent,NHS England
England,ENG,2025-04,2025-04-30,diagnostics_6week_breach_pct,21.25494686160531,percent,NHS England
England,ENG,2025-05,2025-05-31,diagnostics_6week_breach_pct,22.049332899750222,percent,NHS England
England,ENG,2025-06,2025-06-30,diagnostics_6week_breach_pct,21.323519265531786,percent,NHS England
England,ENG,2025-07,2025-07-31,diagnostics_6week_breach_pct,21.86951327648097,percent,NHS England
England,ENG,2025-08,2025-08-31,diagnostics_6week_breach_pct,24.03982060181061,percent,NHS England
England,ENG,2025-09,2025-09-30,diagnostics_6week_breach_pct,22.523853571971575,percent,NHS England
England,ENG,2025-10,2025-10-31,diagnostics_6week_breach_pct,21.292187102561012,percent,NHS England
England,ENG,2025-11,2025-11-30,diagnostics_6week_breach_pct,21.721901323842644,percent,NHS England
England,ENG,2025-12,2025-12-31,diagnostics_6week_breach_pct,24.799087228055726,percent,NHS England
England,ENG,2026-01,2026-01-31,diagnostics_6week_breach_pct,24.678501941509783,percent,NHS England
England,ENG,2026-02,2026-02-28,diagnostics_6week_breach_pct,20.228108805171107,percent,NHS England
England,ENG,2026-03,2026-03-31,diagnostics_6week_breach_pct,21.19434336631235,percent,NHS England
England,ENG,2026-04,2026-04-30,diagnostics_6week_breach_pct,24.87865147350318,percent,NHS England
England,ENG,2026-05,2026-05-31,diagnostics_6week_breach_pct,23.941833222078245,percent,NHS England
England,ENG,2026-06,2026-06-30,diagnostics_6week_breach_pct,23.295808569319814,percent,NHS England
Northern Ireland,NIR,2008-Q1,2008-03-31,diagnostics_6week_breach_pct,36.09939951450109,percent,Department of Health (NI)
Northern Ireland,NIR,2008-Q2,2008-06-30,diagnostics_6week_breach_pct,29.021365023702838,percent,Department of Health (NI)
Northern Ireland,NIR,2008-Q3,2008-09-30,diagnostics_6week_breach_pct,31.30690161527166,percent,Department of Health (NI)
Northern Ireland,NIR,2008-Q4,2008-12-31,diagnostics_6week_breach_pct,31.09551608495839,percent,Department of Health (NI)
Northern Ireland,NIR,2009-Q1,2009-03-31,diagnostics_6week_breach_pct,20.22570761156448,percent,Department of Health (NI)
Northern Ireland,NIR,2009-Q2,2009-06-30,diagnostics_6week_breach_pct,21.798515253450876,percent,Department of Health (NI)
Northern Ireland,NIR,2009-Q3,2009-09-30,diagnostics_6week_breach_pct,24.727327058120423,percent,Department of Health (NI)
Northern Ireland,NIR,2009-Q4,2009-12-31,diagnostics_6week_breach_pct,31.603812006190434,percent,Department of Health (NI)
Northern Ireland,NIR,2010-Q1,2010-03-31,diagnostics_6week_breach_pct,23.95857021769242,percent,Department of Health (NI)
Northern Ireland,NIR,2010-Q2,2010-06-30,diagnostics_6week_breach_pct,34.58665547629039,percent,Department of Health (NI)
Northern Ireland,NIR,2010-Q3,2010-09-30,diagnostics_6week_breach_pct,41.08478907813104,percent,Department of Health (NI)
Northern Ireland,NIR,2010-Q4,2010-12-31,diagnostics_6week_breach_pct,45.570232738181645,percent,Department of Health (NI)
Northern Ireland,NIR,2011-Q1,2011-03-31,diagnostics_6week_breach_pct,38.312535222606876,percent,Department of Health (NI)
Northern Ireland,NIR,2011-Q2,2011-06-30,diagnostics_6week_breach_pct,39.68137446310035,percent,Department of Health (NI)
Northern Ireland,NIR,2011-Q3,2011-09-30,diagnostics_6week_breach_pct,40.5015442028053,percent,Department of Health (NI)
Northern Ireland,NIR,2011-Q4,2011-12-31,diagnostics_6week_breach_pct,43.02450229709035,percent,Department of Health (NI)
Northern Ireland,NIR,2012-Q1,2012-03-31,diagnostics_6week_breach_pct,32.21688491149569,percent,Department of Health (NI)
Northern Ireland,NIR,2012-Q2,2012-06-30,diagnostics_6week_breach_pct,36.13495799870765,percent,Department of Health (NI)
Northern Ireland,NIR,2012-Q3,2012-09-30,diagnostics_6week_breach_pct,35.005968011458584,percent,Department of Health (NI)
Northern Ireland,NIR,2012-Q4,2012-12-31,diagnostics_6week_breach_pct,39.01024047513356,percent,Department of Health (NI)
Northern Ireland,NIR,2013-Q1,2013-03-31,diagnostics_6week_breach_pct,32.91918870128491,percent,Department of Health (NI)
Northern Ireland,NIR,2013-Q2,2013-06-30,diagnostics_6week_breach_pct,32.63475255533495,percent,Department of Health (NI)
Northern Ireland,NIR,2013-Q3,2013-09-30,diagnostics_6week_breach_pct,29.65733903355357,percent,Department of Health (NI)
Northern Ireland,NIR,2013-Q4,2013-12-31,diagnostics_6week_breach_pct,34.002683499527336,percent,Department of Health (NI)
Northern Ireland,NIR,2014-Q1,2014-03-31,diagnostics_6week_breach_pct,34.10387879841256,percent,Department of Health (NI)
Northern Ireland,NIR,2014-Q2,2014-06-30,diagnostics_6week_breach_pct,35.87792538970921,percent,Department of Health (NI)
Northern Ireland,NIR,2014-Q3,2014-09-30,diagnostics_6week_breach_pct,38.73929427886262,percent,Department of Health (NI)
Northern Ireland,NIR,2014-Q4,2014-12-31,diagnostics_6week_breach_pct,48.49793327428403,percent,Department of Health (NI)
Northern Ireland,NIR,2015-Q1,2015-03-31,diagnostics_6week_breach_pct,43.500365809803704,percent,Department of Health (NI)
Northern Ireland,NIR,2015-Q2,2015-06-30,diagnostics_6week_breach_pct,47.58044733849207,percent,Department of Health (NI)
Northern Ireland,NIR,2015-Q3,2015-09-30,diagnostics_6week_breach_pct,48.10741039021215,percent,Department of Health (NI)
Northern Ireland,NIR,2015-Q4,2015-12-31,diagnostics_6week_breach_pct,51.79545527046139,percent,Department of Health (NI)
Northern Ireland,NIR,2016-Q1,2016-03-31,diagnostics_6week_breach_pct,47.30837904010435,percent,Department of Health (NI)
Northern Ireland,NIR,2016-Q2,2016-06-30,diagnostics_6week_breach_pct,48.30165832033495,percent,Department of Health (NI)
Northern Ireland,NIR,2016-Q3,2016-09-30,diagnostics_6week_breach_pct,52.59599651188995,percent,Department of Health (NI)
Northern Ireland,NIR,2016-Q4,2016-12-31,diagnostics_6week_breach_pct,57.87544396117833,percent,Department of Health (NI)
Northern Ireland,NIR,2017-Q1,2017-03-31,diagnostics_6week_breach_pct,49.94860855231262,percent,Department of Health (NI)
Northern Ireland,NIR,2017-Q2,2017-06-30,diagnostics_6week_breach_pct,55.31943643701355,percent,Department of Health (NI)
Northern Ireland,NIR,2017-Q3,2017-09-30,diagnostics_6week_breach_pct,59.90237777325823,percent,Department of Health (NI)
Northern Ireland,NIR,2017-Q4,2017-12-31,diagnostics_6week_breach_pct,60.505902192242836,percent,Department of Health (NI)
Northern Ireland,NIR,2018-Q1,2018-03-31,diagnostics_6week_breach_pct,52.357995047647634,percent,Department of Health (NI)
Northern Ireland,NIR,2018-Q2,2018-06-30,diagnostics_6week_breach_pct,56.482623038219316,percent,Department of Health (NI)
Northern Ireland,NIR,2018-Q3,2018-09-30,diagnostics_6week_breach_pct,60.75726997148389,percent,Department of Health (NI)
Northern Ireland,NIR,2018-Q4,2018-12-31,diagnostics_6week_breach_pct,62.721715444064365,percent,Department of Health (NI)
Northern Ireland,NIR,2019-Q1,2019-03-31,diagnostics_6week_breach_pct,60.41272056624464,percent,Department of Health (NI)
Northern Ireland,NIR,2019-Q2,2019-06-30,diagnostics_6week_breach_pct,62.151362813475956,percent,Department of Health (NI)
Northern Ireland,NIR,2019-Q3,2019-09-30,diagnostics_6week_breach_pct,65.6652666557328,percent,Department of Health (NI)
Northern Ireland,NIR,2019-Q4,2019-12-31,diagnostics_6week_breach_pct,67.99411073516713,percent,Department of Health (NI)
Northern Ireland,NIR,2020-Q1,2020-03-31,diagnostics_6week_breach_pct,67.14590964590964,percent,Department of Health (NI)
Northern Ireland,NIR,2020-Q2,2020-06-30,diagnostics_6week_breach_pct,78.65498438737941,percent,Department of Health (NI)
Northern Ireland,NIR,2020-Q3,2020-09-30,diagnostics_6week_breach_pct,72.2287229407591,percent,Department of Health (NI)
Northern Ireland,NIR,2020-Q4,2020-12-31,diagnostics_6week_breach_pct,70.59743964329482,percent,Department of Health (NI)
Northern Ireland,NIR,2021-Q1,2021-03-31,diagnostics_6week_breach_pct,63.78766349692134,percent,Department of Health (NI)
Northern Ireland,NIR,2021-Q2,2021-06-30,diagnostics_6week_breach_pct,60.89084039339028,percent,Department of Health (NI)
Northern Ireland,NIR,2021-Q3,2021-09-30,diagnostics_6week_breach_pct,63.29883491592282,percent,Department of Health (NI)
Northern Ireland,NIR,2021-Q4,2021-12-31,diagnostics_6week_breach_pct,66.80371657717849,percent,Department of Health (NI)
Northern Ireland,NIR,2022-Q1,2022-03-31,diagnostics_6week_breach_pct,60.23932936584118,percent,Department of Health (NI)
Northern Ireland,NIR,2022-Q2,2022-06-30,diagnostics_6week_breach_pct,62.74262364040622,percent,Department of Health (NI)
Northern Ireland,NIR,2022-Q3,2022-09-30,diagnostics_6week_breach_pct,62.164964803767276,percent,Department of Health (NI)
Northern Ireland,NIR,2022-Q4,2022-12-31,diagnostics_6week_breach_pct,65.52134454610471,percent,Department of Health (NI)
Northern Ireland,NIR,2023-Q1,2023-03-31,diagnostics_6week_breach_pct,61.82738596876046,percent,Department of Health (NI)
Northern Ireland,NIR,2023-Q2,2023-06-30,diagnostics_6week_breach_pct,64.74182157019499,percent,Department of Health (NI)
Northern Ireland,NIR,2023-Q3,2023-09-30,diagnostics_6week_breach_pct,68.63542494042892,percent,Department of Health (NI)
Northern Ireland,NIR,2023-Q4,2023-12-31,diagnostics_6week_breach_pct,71.48075014579346,percent,Department of Health (NI)
Northern Ireland,NIR,2024-Q1,2024-03-31,diagnostics_6week_breach_pct,68.250801846202,percent,Department of Health (NI)
Northern Ireland,NIR,2024-Q2,2024-06-30,diagnostics_6week_breach_pct,71.35681595664747,percent,Department of Health (NI)
Northern Ireland,NIR,2024-Q3,2024-09-30,diagnostics_6week_breach_pct,71.0702410163506,percent,Department of Health (NI)
Northern Ireland,NIR,2025-Q1,2025-03-31,diagnostics_6week_breach_pct,70.85700334395668,percent,Department of Health (NI)
Northern Ireland,NIR,2025-Q2,2025-06-30,diagnostics_6week_breach_pct,71.79552467470816,percent,Department of Health (NI)
Northern Ireland,NIR,2025-Q3,2025-09-30,diagnostics_6week_breach_pct,70.39469060754068,percent,Department of Health (NI)
Northern Ireland,NIR,2025-Q4,2025-12-31,diagnostics_6week_breach_pct,72.97704717980008,percent,Department of Health (NI)
Northern Ireland,NIR,2026-Q1,2026-03-31,diagnostics_6week_breach_pct,68.23938122109705,percent,Department of Health (NI)
Scotland,SCO,2007-09,2007-09-30,diagnostics_6week_breach_pct,13.98230709822369,percent,Public Health Scotland
Scotland,SCO,2007-12,2007-12-31,diagnostics_6week_breach_pct,11.97526492140892,percent,Public Health Scotland
Scotland,SCO,2008-01,2008-01-31,diagnostics_6week_breach_pct,11.102199223803364,percent,Public Health Scotland
Scotland,SCO,2008-02,2008-02-29,diagnostics_6week_breach_pct,8.790955237655746,percent,Public Health Scotland
Scotland,SCO,2008-03,2008-03-31,diagnostics_6week_breach_pct,10.698372496599596,percent,Public Health Scotland
Scotland,SCO,2008-04,2008-04-30,diagnostics_6week_breach_pct,11.222953904045156,percent,Public Health Scotland
Scotland,SCO,2008-05,2008-05-31,diagnostics_6week_breach_pct,9.54171562867215,percent,Public Health Scotland
Scotland,SCO,2008-06,2008-06-30,diagnostics_6week_breach_pct,9.480386212043472,percent,Public Health Scotland
Scotland,SCO,2008-07,2008-07-31,diagnostics_6week_breach_pct,10.812868836855131,percent,Public Health Scotland
Scotland,SCO,2008-08,2008-08-31,diagnostics_6week_breach_pct,9.81556073775705,percent,Public Health Scotland
Scotland,SCO,2008-09,2008-09-30,diagnostics_6week_breach_pct,8.82931274279411,percent,Public Health Scotland
Scotland,SCO,2008-10,2008-10-31,diagnostics_6week_breach_pct,7.544648000921765,percent,Public Health Scotland
Scotland,SCO,2008-11,2008-11-30,diagnostics_6week_breach_pct,6.922063443802575,percent,Public Health Scotland
Scotland,SCO,2008-12,2008-12-31,diagnostics_6week_breach_pct,5.037418524181218,percent,Public Health Scotland
Scotland,SCO,2009-01,2009-01-31,diagnostics_6week_breach_pct,3.8244174343887902,percent,Public Health Scotland
Scotland,SCO,2009-02,2009-02-28,diagnostics_6week_breach_pct,2.023696682464455,percent,Public Health Scotland
Scotland,SCO,2009-03,2009-03-31,diagnostics_6week_breach_pct,0.1367449443816236,percent,Public Health Scotland
Scotland,SCO,2009-04,2009-04-30,diagnostics_6week_breach_pct,1.1475917240065712,percent,Public Health Scotland
Scotland,SCO,2009-05,2009-05-31,diagnostics_6week_breach_pct,1.1321020063753984,percent,Public Health Scotland
Scotland,SCO,2009-06,2009-06-30,diagnostics_6week_breach_pct,1.2187047889948752,percent,Public Health Scotland
Scotland,SCO,2009-07,2009-07-31,diagnostics_6week_breach_pct,1.2582765276454349,percent,Public Health Scotland
Scotland,SCO,2009-08,2009-08-31,diagnostics_6week_breach_pct,1.0578003615576295,percent,Public Health Scotland
Scotland,SCO,2009-09,2009-09-30,diagnostics_6week_breach_pct,1.390126966535765,percent,Public Health Scotland
Scotland,SCO,2009-10,2009-10-31,diagnostics_6week_breach_pct,1.3566548766897621,percent,Public Health Scotland
Scotland,SCO,2009-11,2009-11-30,diagnostics_6week_breach_pct,1.5595475044720466,percent,Public Health Scotland
Scotland,SCO,2009-12,2009-12-31,diagnostics_6week_breach_pct,1.5809956218582781,percent,Public Health Scotland
Scotland,SCO,2010-01,2010-01-31,diagnostics_6week_breach_pct,0.3534221284452064,percent,Public Health Scotland
Scotland,SCO,2010-02,2010-02-28,diagnostics_6week_breach_pct,1.406084906938311,percent,Public Health Scotland
Scotland,SCO,2010-03,2010-03-31,diagnostics_6week_breach_pct,1.758427621602706,percent,Public Health Scotland
Scotland,SCO,2010-04,2010-04-30,diagnostics_6week_breach_pct,1.7369046530761496,percent,Public Health Scotland
Scotland,SCO,2010-05,2010-05-31,diagnostics_6week_breach_pct,0.9646399180056069,percent,Public Health Scotland
Scotland,SCO,2010-06,2010-06-30,diagnostics_6week_breach_pct,0.0,percent,Public Health Scotland
Scotland,SCO,2010-07,2010-07-31,diagnostics_6week_breach_pct,0.011852554225435581,percent,Public Health Scotland
Scotland,SCO,2010-08,2010-08-31,diagnostics_6week_breach_pct,0.08070792378866053,percent,Public Health Scotland
Scotland,SCO,2010-09,2010-09-30,diagnostics_6week_breach_pct,0.545250294544757,percent,Public Health Scotland
Scotland,SCO,2010-10,2010-10-31,diagnostics_6week_breach_pct,2.226982993467164,percent,Public Health Scotland
Scotland,SCO,2010-11,2010-11-30,diagnostics_6week_breach_pct,3.9162587230496824,percent,Public Health Scotland
Scotland,SCO,2010-12,2010-12-31,diagnostics_6week_breach_pct,6.364872213159326,percent,Public Health Scotland
Scotland,SCO,2011-01,2011-01-31,diagnostics_6week_breach_pct,6.26069882187091,percent,Public Health Scotland
Scotland,SCO,2011-02,2011-02-28,diagnostics_6week_breach_pct,5.424172285398007,percent,Public Health Scotland
Scotland,SCO,2011-03,2011-03-31,diagnostics_6week_breach_pct,2.384132664633685,percent,Public Health Scotland
Scotland,SCO,2011-04,2011-04-30,diagnostics_6week_breach_pct,1.6307344870145217,percent,Public Health Scotland
Scotland,SCO,2011-05,2011-05-31,diagnostics_6week_breach_pct,0.4815740001545157,percent,Public Health Scotland
Scotland,SCO,2011-06,2011-06-30,diagnostics_6week_breach_pct,1.6138036031464096,percent,Public Health Scotland
Scotland,SCO,2011-07,2011-07-31,diagnostics_6week_breach_pct,2.832558388113944,percent,Public Health Scotland
Scotland,SCO,2011-08,2011-08-31,diagnostics_6week_breach_pct,2.487431922915794,percent,Public Health Scotland
Scotland,SCO,2011-09,2011-09-30,diagnostics_6week_breach_pct,1.0886509417086199,percent,Public Health Scotland
Scotland,SCO,2011-10,2011-10-31,diagnostics_6week_breach_pct,0.8999723472183816,percent,Public Health Scotland
Scotland,SCO,2011-11,2011-11-30,diagnostics_6week_breach_pct,0.801151355241065,percent,Public Health Scotland
Scotland,SCO,2011-12,2011-12-31,diagnostics_6week_breach_pct,3.3312229094628156,percent,Public Health Scotland
Scotland,SCO,2012-01,2012-01-31,diagnostics_6week_breach_pct,3.8283530724135475,percent,Public Health Scotland
Scotland,SCO,2012-02,2012-02-29,diagnostics_6week_breach_pct,2.484185251881609,percent,Public Health Scotland
Scotland,SCO,2012-03,2012-03-31,diagnostics_6week_breach_pct,2.4948839639482734,percent,Public Health Scotland
Scotland,SCO,2012-04,2012-04-30,diagnostics_6week_breach_pct,2.660729318977358,percent,Public Health Scotland
Scotland,SCO,2012-05,2012-05-31,diagnostics_6week_breach_pct,1.9283625409529672,percent,Public Health Scotland
Scotland,SCO,2012-06,2012-06-30,diagnostics_6week_breach_pct,2.8030456168721787,percent,Public Health Scotland
Scotland,SCO,2012-07,2012-07-31,diagnostics_6week_breach_pct,2.936179981634527,percent,Public Health Scotland
Scotland,SCO,2012-08,2012-08-31,diagnostics_6week_breach_pct,2.934280315964397,percent,Public Health Scotland
Scotland,SCO,2012-09,2012-09-30,diagnostics_6week_breach_pct,3.227457876110134,percent,Public Health Scotland
Scotland,SCO,2012-10,2012-10-31,diagnostics_6week_breach_pct,4.654369546543696,percent,Public Health Scotland
Scotland,SCO,2012-11,2012-11-30,diagnostics_6week_breach_pct,5.176890253538934,percent,Public Health Scotland
Scotland,SCO,2012-12,2012-12-31,diagnostics_6week_breach_pct,5.893319774339605,percent,Public Health Scotland
Scotland,SCO,2013-01,2013-01-31,diagnostics_6week_breach_pct,6.760804450149764,percent,Public Health Scotland
Scotland,SCO,2013-02,2013-02-28,diagnostics_6week_breach_pct,3.4211152705948544,percent,Public Health Scotland
Scotland,SCO,2013-03,2013-03-31,diagnostics_6week_breach_pct,3.797359109346682,percent,Public Health Scotland
Scotland,SCO,2013-04,2013-04-30,diagnostics_6week_breach_pct,3.026922348285516,percent,Public Health Scotland
Scotland,SCO,2013-05,2013-05-31,diagnostics_6week_breach_pct,2.556536767340401,percent,Public Health Scotland
Scotland,SCO,2013-06,2013-06-30,diagnostics_6week_breach_pct,2.977055811895582,percent,Public Health Scotland
Scotland,SCO,2013-07,2013-07-31,diagnostics_6week_breach_pct,3.4259628595488185,percent,Public Health Scotland
Scotland,SCO,2013-08,2013-08-31,diagnostics_6week_breach_pct,3.2330086461639485,percent,Public Health Scotland
Scotland,SCO,2013-09,2013-09-30,diagnostics_6week_breach_pct,2.604905093425313,percent,Public Health Scotland
Scotland,SCO,2013-10,2013-10-31,diagnostics_6week_breach_pct,2.5014046989782117,percent,Public Health Scotland
Scotland,SCO,2013-11,2013-11-30,diagnostics_6week_breach_pct,2.630982549395307,percent,Public Health Scotland
Scotland,SCO,2013-12,2013-12-31,diagnostics_6week_breach_pct,3.784012705134992,percent,Public Health Scotland
Scotland,SCO,2014-01,2014-01-31,diagnostics_6week_breach_pct,4.603736255374196,percent,Public Health Scotland
Scotland,SCO,2014-02,2014-02-28,diagnostics_6week_breach_pct,3.2572483770869423,percent,Public Health Scotland
Scotland,SCO,2014-03,2014-03-31,diagnostics_6week_breach_pct,4.564422615310757,percent,Public Health Scotland
Scotland,SCO,2014-04,2014-04-30,diagnostics_6week_breach_pct,7.562746471086869,percent,Public Health Scotland
Scotland,SCO,2014-05,2014-05-31,diagnostics_6week_breach_pct,7.753465012688779,percent,Public Health Scotland
Scotland,SCO,2014-06,2014-06-30,diagnostics_6week_breach_pct,8.101221022827817,percent,Public Health Scotland
Scotland,SCO,2014-07,2014-07-31,diagnostics_6week_breach_pct,9.676531567069704,percent,Public Health Scotland
Scotland,SCO,2014-08,2014-08-31,diagnostics_6week_breach_pct,10.480589464423183,percent,Public Health Scotland
Scotland,SCO,2014-09,2014-09-30,diagnostics_6week_breach_pct,8.95493188204745,percent,Public Health Scotland
Scotland,SCO,2014-10,2014-10-31,diagnostics_6week_breach_pct,8.443838108231013,percent,Public Health Scotland
Scotland,SCO,2014-11,2014-11-30,diagnostics_6week_breach_pct,7.158539608343071,percent,Public Health Scotland
Scotland,SCO,2014-12,2014-12-31,diagnostics_6week_breach_pct,9.66579986516421,percent,Public Health Scotland
Scotland,SCO,2015-01,2015-01-31,diagnostics_6week_breach_pct,11.585833199650644,percent,Public Health Scotland
Scotland,SCO,2015-02,2015-02-28,diagnostics_6week_breach_pct,8.27477313344785,percent,Public Health Scotland
Scotland,SCO,2015-03,2015-03-31,diagnostics_6week_breach_pct,8.851060994703355,percent,Public Health Scotland
Scotland,SCO,2015-04,2015-04-30,diagnostics_6week_breach_pct,11.590686233774868,percent,Public Health Scotland
Scotland,SCO,2015-05,2015-05-31,diagnostics_6week_breach_pct,10.751026241877316,percent,Public Health Scotland
Scotland,SCO,2015-06,2015-06-30,diagnostics_6week_breach_pct,10.692136769144032,percent,Public Health Scotland
Scotland,SCO,2015-07,2015-07-31,diagnostics_6week_breach_pct,12.528406111247072,percent,Public Health Scotland
Scotland,SCO,2015-08,2015-08-31,diagnostics_6week_breach_pct,11.121806090304515,percent,Public Health Scotland
Scotland,SCO,2015-09,2015-09-30,diagnostics_6week_breach_pct,9.739550702586593,percent,Public Health Scotland
Scotland,SCO,2015-10,2015-10-31,diagnostics_6week_breach_pct,9.041409944118069,percent,Public Health Scotland
Scotland,SCO,2015-11,2015-11-30,diagnostics_6week_breach_pct,5.870830739940688,percent,Public Health Scotland
Scotland,SCO,2015-12,2015-12-31,diagnostics_6week_breach_pct,6.791774957957498,percent,Public Health Scotland
Scotland,SCO,2016-01,2016-01-31,diagnostics_6week_breach_pct,8.401902454021014,percent,Public Health Scotland
Scotland,SCO,2016-02,2016-02-29,diagnostics_6week_breach_pct,5.30229662423907,percent,Public Health Scotland
Scotland,SCO,2016-03,2016-03-31,diagnostics_6week_breach_pct,5.366783641517074,percent,Public Health Scotland
Scotland,SCO,2016-04,2016-04-30,diagnostics_6week_breach_pct,7.220665528161424,percent,Public Health Scotland
Scotland,SCO,2016-05,2016-05-31,diagnostics_6week_breach_pct,6.64578816349474,percent,Public Health Scotland
Scotland,SCO,2016-06,2016-06-30,diagnostics_6week_breach_pct,7.8173858661663544,percent,Public Health Scotland
Scotland,SCO,2016-07,2016-07-31,diagnostics_6week_breach_pct,10.393749191147924,percent,Public Health Scotland
Scotland,SCO,2016-08,2016-08-31,diagnostics_6week_breach_pct,9.54544005610277,percent,Public Health Scotland
Scotland,SCO,2016-09,2016-09-30,diagnostics_6week_breach_pct,9.863424791768741,percent,Public Health Scotland
Scotland,SCO,2016-10,2016-10-31,diagnostics_6week_breach_pct,11.549620987710583,percent,Public Health Scotland
Scotland,SCO,2016-11,2016-11-30,diagnostics_6week_breach_pct,11.350242618132835,percent,Public Health Scotland
Scotland,SCO,2016-12,2016-12-31,diagnostics_6week_breach_pct,13.910162570305879,percent,Public Health Scotland
Scotland,SCO,2017-01,2017-01-31,diagnostics_6week_breach_pct,15.99246726325163,percent,Public Health Scotland
Scotland,SCO,2017-02,2017-02-28,diagnostics_6week_breach_pct,12.557183313364556,percent,Public Health Scotland
Scotland,SCO,2017-03,2017-03-31,diagnostics_6week_breach_pct,13.322543053217661,percent,Public Health Scotland
Scotland,SCO,2017-04,2017-04-30,diagnostics_6week_breach_pct,16.9290667645478,percent,Public Health Scotland
Scotland,SCO,2017-05,2017-05-31,diagnostics_6week_breach_pct,16.833168136053004,percent,Public Health Scotland
Scotland,SCO,2017-06,2017-06-30,diagnostics_6week_breach_pct,17.057928554363816,percent,Public Health Scotland
Scotland,SCO,2017-07,2017-07-31,diagnostics_6week_breach_pct,18.48207081729561,percent,Public Health Scotland
Scotland,SCO,2017-08,2017-08-31,diagnostics_6week_breach_pct,18.40884906924502,percent,Public Health Scotland
Scotland,SCO,2017-09,2017-09-30,diagnostics_6week_breach_pct,18.378204716314336,percent,Public Health Scotland
Scotland,SCO,2017-10,2017-10-31,diagnostics_6week_breach_pct,19.484125991343724,percent,Public Health Scotland
Scotland,SCO,2017-11,2017-11-30,diagnostics_6week_breach_pct,17.616244326056275,percent,Public Health Scotland
Scotland,SCO,2017-12,2017-12-31,diagnostics_6week_breach_pct,20.653412032722375,percent,Public Health Scotland
Scotland,SCO,2018-01,2018-01-31,diagnostics_6week_breach_pct,22.696603802032943,percent,Public Health Scotland
Scotland,SCO,2018-02,2018-02-28,diagnostics_6week_breach_pct,17.81164640189514,percent,Public Health Scotland
Scotland,SCO,2018-03,2018-03-31,diagnostics_6week_breach_pct,19.360180230920868,percent,Public Health Scotland
Scotland,SCO,2018-04,2018-04-30,diagnostics_6week_breach_pct,21.52656661371488,percent,Public Health Scotland
Scotland,SCO,2018-05,2018-05-31,diagnostics_6week_breach_pct,20.09911141490089,percent,Public Health Scotland
Scotland,SCO,2018-06,2018-06-30,diagnostics_6week_breach_pct,21.363009247118114,percent,Public Health Scotland
Scotland,SCO,2018-07,2018-07-31,diagnostics_6week_breach_pct,24.25880445128615,percent,Public Health Scotland
Scotland,SCO,2018-08,2018-08-31,diagnostics_6week_breach_pct,23.432432115967824,percent,Public Health Scotland
Scotland,SCO,2018-09,2018-09-30,diagnostics_6week_breach_pct,21.926189066508783,percent,Public Health Scotland
Scotland,SCO,2018-10,2018-10-31,diagnostics_6week_breach_pct,21.758627644051106,percent,Public Health Scotland
Scotland,SCO,2018-11,2018-11-30,diagnostics_6week_breach_pct,19.463428476836853,percent,Public Health Scotland
Scotland,SCO,2018-12,2018-12-31,diagnostics_6week_breach_pct,21.92779740166437,percent,Public Health Scotland
Scotland,SCO,2019-01,2019-01-31,diagnostics_6week_breach_pct,23.523239827299257,percent,Public Health Scotland
Scotland,SCO,2019-02,2019-02-28,diagnostics_6week_breach_pct,16.38661362040721,percent,Public Health Scotland
Scotland,SCO,2019-03,2019-03-31,diagnostics_6week_breach_pct,10.62495107960327,percent,Public Health Scotland
Scotland,SCO,2019-04,2019-04-30,diagnostics_6week_breach_pct,13.358774488014832,percent,Public Health Scotland
Scotland,SCO,2019-05,2019-05-31,diagnostics_6week_breach_pct,14.414974443983974,percent,Public Health Scotland
Scotland,SCO,2019-06,2019-06-30,diagnostics_6week_breach_pct,13.47089033313639,percent,Public Health Scotland
Scotland,SCO,2019-07,2019-07-31,diagnostics_6week_breach_pct,16.026358184910052,percent,Public Health Scotland
Scotland,SCO,2019-08,2019-08-31,diagnostics_6week_breach_pct,14.812346303233664,percent,Public Health Scotland
Scotland,SCO,2019-09,2019-09-30,diagnostics_6week_breach_pct,12.9655472181552,percent,Public Health Scotland
Scotland,SCO,2019-10,2019-10-31,diagnostics_6week_breach_pct,14.54396895107752,percent,Public Health Scotland
Scotland,SCO,2019-11,2019-11-30,diagnostics_6week_breach_pct,12.876584191734256,percent,Public Health Scotland
Scotland,SCO,2019-12,2019-12-31,diagnostics_6week_breach_pct,15.580914522006328,percent,Public Health Scotland
Scotland,SCO,2020-01,2020-01-31,diagnostics_6week_breach_pct,15.924711378644266,percent,Public Health Scotland
Scotland,SCO,2020-02,2020-02-29,diagnostics_6week_breach_pct,10.200337482021721,percent,Public Health Scotland
Scotland,SCO,2020-03,2020-03-31,diagnostics_6week_breach_pct,6.486825299209991,percent,Public Health Scotland
Scotland,SCO,2020-04,2020-04-30,diagnostics_6week_breach_pct,14.691693711077974,percent,Public Health Scotland
Scotland,SCO,2020-05,2020-05-31,diagnostics_6week_breach_pct,39.489173281494686,percent,Public Health Scotland
Scotland,SCO,2020-06,2020-06-30,diagnostics_6week_breach_pct,14.13339014690366,percent,Public Health Scotland
Scotland,SCO,2020-07,2020-07-31,diagnostics_6week_breach_pct,16.362748128134317,percent,Public Health Scotland
Scotland,SCO,2020-08,2020-08-31,diagnostics_6week_breach_pct,18.020775181433926,percent,Public Health Scotland
Scotland,SCO,2020-09,2020-09-30,diagnostics_6week_breach_pct,46.699637836364346,percent,Public Health Scotland
Scotland,SCO,2020-10,2020-10-31,diagnostics_6week_breach_pct,47.651674980775674,percent,Public Health Scotland
Scotland,SCO,2020-11,2020-11-30,diagnostics_6week_breach_pct,42.845312515779796,percent,Public Health Scotland
Scotland,SCO,2020-12,2020-12-31,diagnostics_6week_breach_pct,44.11324606344078,percent,Public Health Scotland
Scotland,SCO,2021-01,2021-01-31,diagnostics_6week_breach_pct,48.03151170761268,percent,Public Health Scotland
Scotland,SCO,2021-02,2021-02-28,diagnostics_6week_breach_pct,42.186224588953245,percent,Public Health Scotland
Scotland,SCO,2021-03,2021-03-31,diagnostics_6week_breach_pct,38.634965405620285,percent,Public Health Scotland
Scotland,SCO,2021-04,2021-04-30,diagnostics_6week_breach_pct,38.18575908503966,percent,Public Health Scotland
Scotland,SCO,2021-05,2021-05-31,diagnostics_6week_breach_pct,35.87830028937726,percent,Public Health Scotland
Scotland,SCO,2021-06,2021-06-30,diagnostics_6week_breach_pct,37.376033595654775,percent,Public Health Scotland
Scotland,SCO,2021-07,2021-07-31,diagnostics_6week_breach_pct,42.80864855644164,percent,Public Health Scotland
Scotland,SCO,2021-08,2021-08-31,diagnostics_6week_breach_pct,43.45848501761898,percent,Public Health Scotland
Scotland,SCO,2021-09,2021-09-30,diagnostics_6week_breach_pct,42.23022213018788,percent,Public Health Scotland
Scotland,SCO,2021-10,2021-10-31,diagnostics_6week_breach_pct,44.835684414206355,percent,Public Health Scotland
Scotland,SCO,2021-11,2021-11-30,diagnostics_6week_breach_pct,32.542718080713314,percent,Public Health Scotland
Scotland,SCO,2021-12,2021-12-31,diagnostics_6week_breach_pct,50.444564001642334,percent,Public Health Scotland
Scotland,SCO,2022-01,2022-01-31,diagnostics_6week_breach_pct,54.93130064815897,percent,Public Health Scotland
Scotland,SCO,2022-02,2022-02-28,diagnostics_6week_breach_pct,49.20421744708146,percent,Public Health Scotland
Scotland,SCO,2022-03,2022-03-31,diagnostics_6week_breach_pct,50.39091406325408,percent,Public Health Scotland
Scotland,SCO,2022-04,2022-04-30,diagnostics_6week_breach_pct,54.81461895149589,percent,Public Health Scotland
Scotland,SCO,2022-05,2022-05-31,diagnostics_6week_breach_pct,52.961414790996784,percent,Public Health Scotland
Scotland,SCO,2022-06,2022-06-30,diagnostics_6week_breach_pct,52.47076023391812,percent,Public Health Scotland
Scotland,SCO,2022-07,2022-07-31,diagnostics_6week_breach_pct,55.266809310769624,percent,Public Health Scotland
Scotland,SCO,2022-08,2022-08-31,diagnostics_6week_breach_pct,54.026594016346316,percent,Public Health Scotland
Scotland,SCO,2022-09,2022-09-30,diagnostics_6week_breach_pct,52.06322816140807,percent,Public Health Scotland
Scotland,SCO,2022-10,2022-10-31,diagnostics_6week_breach_pct,52.34553119944976,percent,Public Health Scotland
Scotland,SCO,2022-11,2022-11-30,diagnostics_6week_breach_pct,49.404769632216436,percent,Public Health Scotland
Scotland,SCO,2022-12,2022-12-31,diagnostics_6week_breach_pct,54.135414418303476,percent,Public Health Scotland
Scotland,SCO,2023-01,2023-01-31,diagnostics_6week_breach_pct,54.62484247811723,percent,Public Health Scotland
Scotland,SCO,2023-02,2023-02-28,diagnostics_6week_breach_pct,47.04507017579323,percent,Public Health Scotland
Scotland,SCO,2023-03,2023-03-31,diagnostics_6week_breach_pct,47.923862958569025,percent,Public Health Scotland
Scotland,SCO,2023-04,2023-04-30,diagnostics_6week_breach_pct,50.98077141123035,percent,Public Health Scotland
Scotland,SCO,2023-05,2023-05-31,diagnostics_6week_breach_pct,50.18500409651928,percent,Public Health Scotland
Scotland,SCO,2023-06,2023-06-30,diagnostics_6week_breach_pct,50.06913182226241,percent,Public Health Scotland
Scotland,SCO,2023-07,2023-07-31,diagnostics_6week_breach_pct,52.863932867866396,percent,Public Health Scotland
Scotland,SCO,2023-08,2023-08-31,diagnostics_6week_breach_pct,51.518311558843585,percent,Public Health Scotland
Scotland,SCO,2023-09,2023-09-30,diagnostics_6week_breach_pct,50.238376271834674,percent,Public Health Scotland
Scotland,SCO,2023-10,2023-10-31,diagnostics_6week_breach_pct,49.969819380600825,percent,Public Health Scotland
Scotland,SCO,2023-11,2023-11-30,diagnostics_6week_breach_pct,47.960434999393584,percent,Public Health Scotland
Scotland,SCO,2023-12,2023-12-31,diagnostics_6week_breach_pct,51.52983419286863,percent,Public Health Scotland
Scotland,SCO,2024-01,2024-01-31,diagnostics_6week_breach_pct,52.59449920131696,percent,Public Health Scotland
Scotland,SCO,2024-02,2024-02-29,diagnostics_6week_breach_pct,45.91005605281664,percent,Public Health Scotland
Scotland,SCO,2024-03,2024-03-31,diagnostics_6week_breach_pct,47.267551929179,percent,Public Health Scotland
Scotland,SCO,2024-04,2024-04-30,diagnostics_6week_breach_pct,51.0065526148022,percent,Public Health Scotland
Scotland,SCO,2024-05,2024-05-31,diagnostics_6week_breach_pct,49.86249867148475,percent,Public Health Scotland
Scotland,SCO,2024-06,2024-06-30,diagnostics_6week_breach_pct,49.98699228208737,percent,Public Health Scotland
Scotland,SCO,2024-07,2024-07-31,diagnostics_6week_breach_pct,51.72739755328472,percent,Public Health Scotland
Scotland,SCO,2024-08,2024-08-31,diagnostics_6week_breach_pct,49.36957091176824,percent,Public Health Scotland
Scotland,SCO,2024-09,2024-09-30,diagnostics_6week_breach_pct,46.38160502100492,percent,Public Health Scotland
Scotland,SCO,2024-10,2024-10-31,diagnostics_6week_breach_pct,47.23859419340755,percent,Public Health Scotland
Scotland,SCO,2024-11,2024-11-30,diagnostics_6week_breach_pct,44.144914292452135,percent,Public Health Scotland
Scotland,SCO,2024-12,2024-12-31,diagnostics_6week_breach_pct,46.94120822275201,percent,Public Health Scotland
Scotland,SCO,2025-01,2025-01-31,diagnostics_6week_breach_pct,48.697549365303246,percent,Public Health Scotland
Scotland,SCO,2025-02,2025-02-28,diagnostics_6week_breach_pct,40.659269399812665,percent,Public Health Scotland
Scotland,SCO,2025-03,2025-03-31,diagnostics_6week_breach_pct,41.45376084961505,percent,Public Health Scotland
Scotland,SCO,2025-04,2025-04-30,diagnostics_6week_breach_pct,46.33028796756547,percent,Public Health Scotland
Scotland,SCO,2025-05,2025-05-31,diagnostics_6week_breach_pct,46.97926301256015,percent,Public Health Scotland
Scotland,SCO,2025-06,2025-06-30,diagnostics_6week_breach_pct,46.43535805881493,percent,Public Health Scotland
Scotland,SCO,2025-07,2025-07-31,diagnostics_6week_breach_pct,49.14699247871616,percent,Public Health Scotland
Scotland,SCO,2025-08,2025-08-31,diagnostics_6week_breach_pct,48.732871816863735,percent,Public Health Scotland
Scotland,SCO,2025-09,2025-09-30,diagnostics_6week_breach_pct,45.59843840964351,percent,Public Health Scotland
Scotland,SCO,2025-10,2025-10-31,diagnostics_6week_breach_pct,45.91501634850151,percent,Public Health Scotland
Scotland,SCO,2025-11,2025-11-30,diagnostics_6week_breach_pct,41.247658838784034,percent,Public Health Scotland
Scotland,SCO,2025-12,2025-12-31,diagnostics_6week_breach_pct,42.73904768049552,percent,Public Health Scotland
Scotland,SCO,2026-01,2026-01-31,diagnostics_6week_breach_pct,41.92822895556325,percent,Public Health Scotland
Scotland,SCO,2026-02,2026-02-28,diagnostics_6week_breach_pct,32.725347339884785,percent,Public Health Scotland
Scotland,SCO,2026-03,2026-03-31,diagnostics_6week_breach_pct,28.319549939660682,percent,Public Health Scotland
Wales,WAL,2009-10,2009-10-31,diagnostics_6week_breach_pct,3.972297404871836,percent,StatsWales (Welsh Government)
Wales,WAL,2009-11,2009-11-30,diagnostics_6week_breach_pct,4.254572923973453,percent,StatsWales (Welsh Government)
Wales,WAL,2009-12,2009-12-31,diagnostics_6week_breach_pct,5.2032431547050315,percent,StatsWales (Welsh Government)
Wales,WAL,2010-01,2010-01-31,diagnostics_6week_breach_pct,5.874217118997913,percent,StatsWales (Welsh Government)
Wales,WAL,2010-02,2010-02-28,diagnostics_6week_breach_pct,4.85921889191644,percent,StatsWales (Welsh Government)
Wales,WAL,2010-03,2010-03-31,diagnostics_6week_breach_pct,5.291018021703039,percent,StatsWales (Welsh Government)
Wales,WAL,2010-04,2010-04-30,diagnostics_6week_breach_pct,6.146902854563917,percent,StatsWales (Welsh Government)
Wales,WAL,2010-05,2010-05-31,diagnostics_6week_breach_pct,5.633434915106661,percent,StatsWales (Welsh Government)
Wales,WAL,2010-06,2010-06-30,diagnostics_6week_breach_pct,5.552098150782362,percent,StatsWales (Welsh Government)
Wales,WAL,2010-07,2010-07-31,diagnostics_6week_breach_pct,6.727700319166807,percent,StatsWales (Welsh Government)
Wales,WAL,2010-08,2010-08-31,diagnostics_6week_breach_pct,7.81825451943515,percent,StatsWales (Welsh Government)
Wales,WAL,2010-09,2010-09-30,diagnostics_6week_breach_pct,7.8941976725127025,percent,StatsWales (Welsh Government)
Wales,WAL,2010-10,2010-10-31,diagnostics_6week_breach_pct,7.824081699884698,percent,StatsWales (Welsh Government)
Wales,WAL,2010-11,2010-11-30,diagnostics_6week_breach_pct,7.364611770681227,percent,StatsWales (Welsh Government)
Wales,WAL,2010-12,2010-12-31,diagnostics_6week_breach_pct,10.261658577759022,percent,StatsWales (Welsh Government)
Wales,WAL,2011-01,2011-01-31,diagnostics_6week_breach_pct,11.78872161265629,percent,StatsWales (Welsh Government)
Wales,WAL,2011-02,2011-02-28,diagnostics_6week_breach_pct,8.561925180836354,percent,StatsWales (Welsh Government)
Wales,WAL,2011-03,2011-03-31,diagnostics_6week_breach_pct,8.70132078680347,percent,StatsWales (Welsh Government)
Wales,WAL,2011-04,2011-04-30,diagnostics_6week_breach_pct,11.538885014864022,percent,StatsWales (Welsh Government)
Wales,WAL,2011-05,2011-05-31,diagnostics_6week_breach_pct,13.272933590302419,percent,StatsWales (Welsh Government)
Wales,WAL,2011-06,2011-06-30,diagnostics_6week_breach_pct,11.75887010948971,percent,StatsWales (Welsh Government)
Wales,WAL,2011-07,2011-07-31,diagnostics_6week_breach_pct,12.622268470343393,percent,StatsWales (Welsh Government)
Wales,WAL,2011-08,2011-08-31,diagnostics_6week_breach_pct,15.316299307060108,percent,StatsWales (Welsh Government)
Wales,WAL,2011-09,2011-09-30,diagnostics_6week_breach_pct,13.961985735867618,percent,StatsWales (Welsh Government)
Wales,WAL,2011-10,2011-10-31,diagnostics_6week_breach_pct,12.986648420092287,percent,StatsWales (Welsh Government)
Wales,WAL,2011-11,2011-11-30,diagnostics_6week_breach_pct,13.524464140363571,percent,StatsWales (Welsh Government)
Wales,WAL,2011-12,2011-12-31,diagnostics_6week_breach_pct,17.161507685828596,percent,StatsWales (Welsh Government)
Wales,WAL,2012-01,2012-01-31,diagnostics_6week_breach_pct,17.679014993119964,percent,StatsWales (Welsh Government)
Wales,WAL,2012-02,2012-02-29,diagnostics_6week_breach_pct,14.998924808257472,percent,StatsWales (Welsh Government)
Wales,WAL,2012-03,2012-03-31,diagnostics_6week_breach_pct,14.356604481429692,percent,StatsWales (Welsh Government)
Wales,WAL,2012-04,2012-04-30,diagnostics_6week_breach_pct,15.524294959927568,percent,StatsWales (Welsh Government)
Wales,WAL,2012-05,2012-05-31,diagnostics_6week_breach_pct,15.715451133953337,percent,StatsWales (Welsh Government)
Wales,WAL,2012-06,2012-06-30,diagnostics_6week_breach_pct,18.34386246736998,percent,StatsWales (Welsh Government)
Wales,WAL,2012-07,2012-07-31,diagnostics_6week_breach_pct,19.661460337000847,percent,StatsWales (Welsh Government)
Wales,WAL,2012-08,2012-08-31,diagnostics_6week_breach_pct,21.812123135512536,percent,StatsWales (Welsh Government)
Wales,WAL,2012-09,2012-09-30,diagnostics_6week_breach_pct,24.303890272028838,percent,StatsWales (Welsh Government)
Wales,WAL,2012-10,2012-10-31,diagnostics_6week_breach_pct,21.579563753476798,percent,StatsWales (Welsh Government)
Wales,WAL,2012-11,2012-11-30,diagnostics_6week_breach_pct,22.517488670861013,percent,StatsWales (Welsh Government)
Wales,WAL,2012-12,2012-12-31,diagnostics_6week_breach_pct,27.08836447344264,percent,StatsWales (Welsh Government)
Wales,WAL,2013-01,2013-01-31,diagnostics_6week_breach_pct,28.96460583773845,percent,StatsWales (Welsh Government)
Wales,WAL,2013-02,2013-02-28,diagnostics_6week_breach_pct,24.501016901606004,percent,StatsWales (Welsh Government)
Wales,WAL,2013-03,2013-03-31,diagnostics_6week_breach_pct,25.467829109970396,percent,StatsWales (Welsh Government)
Wales,WAL,2013-04,2013-04-30,diagnostics_6week_breach_pct,26.755926251097456,percent,StatsWales (Welsh Government)
Wales,WAL,2013-05,2013-05-31,diagnostics_6week_breach_pct,28.213653956136035,percent,StatsWales (Welsh Government)
Wales,WAL,2013-06,2013-06-30,diagnostics_6week_breach_pct,29.30846102598268,percent,StatsWales (Welsh Government)
Wales,WAL,2013-07,2013-07-31,diagnostics_6week_breach_pct,27.948697669513866,percent,StatsWales (Welsh Government)
Wales,WAL,2013-08,2013-08-31,diagnostics_6week_breach_pct,31.907575160824468,percent,StatsWales (Welsh Government)
Wales,WAL,2013-09,2013-09-30,diagnostics_6week_breach_pct,31.632132819138505,percent,StatsWales (Welsh Government)
Wales,WAL,2013-10,2013-10-31,diagnostics_6week_breach_pct,29.967182372245666,percent,StatsWales (Welsh Government)
Wales,WAL,2013-11,2013-11-30,diagnostics_6week_breach_pct,30.314783079282044,percent,StatsWales (Welsh Government)
Wales,WAL,2013-12,2013-12-31,diagnostics_6week_breach_pct,33.05853151989464,percent,StatsWales (Welsh Government)
Wales,WAL,2014-01,2014-01-31,diagnostics_6week_breach_pct,34.447205885971606,percent,StatsWales (Welsh Government)
Wales,WAL,2014-02,2014-02-28,diagnostics_6week_breach_pct,29.0513339834471,percent,StatsWales (Welsh Government)
Wales,WAL,2014-03,2014-03-31,diagnostics_6week_breach_pct,28.62339675475661,percent,StatsWales (Welsh Government)
Wales,WAL,2014-04,2014-04-30,diagnostics_6week_breach_pct,30.255851104292926,percent,StatsWales (Welsh Government)
Wales,WAL,2014-05,2014-05-31,diagnostics_6week_breach_pct,31.430838802322796,percent,StatsWales (Welsh Government)
Wales,WAL,2014-06,2014-06-30,diagnostics_6week_breach_pct,28.747326727661566,percent,StatsWales (Welsh Government)
Wales,WAL,2014-07,2014-07-31,diagnostics_6week_breach_pct,27.52940871302025,percent,StatsWales (Welsh Government)
Wales,WAL,2014-08,2014-08-31,diagnostics_6week_breach_pct,31.343205959980757,percent,StatsWales (Welsh Government)
Wales,WAL,2014-09,2014-09-30,diagnostics_6week_breach_pct,30.24019215372298,percent,StatsWales (Welsh Government)
Wales,WAL,2014-10,2014-10-31,diagnostics_6week_breach_pct,26.6510335015216,percent,StatsWales (Welsh Government)
Wales,WAL,2014-11,2014-11-30,diagnostics_6week_breach_pct,25.718951161252885,percent,StatsWales (Welsh Government)
Wales,WAL,2014-12,2014-12-31,diagnostics_6week_breach_pct,27.36109787477366,percent,StatsWales (Welsh Government)
Wales,WAL,2015-01,2015-01-31,diagnostics_6week_breach_pct,29.35323383084577,percent,StatsWales (Welsh Government)
Wales,WAL,2015-02,2015-02-28,diagnostics_6week_breach_pct,23.161196081801,percent,StatsWales (Welsh Government)
Wales,WAL,2015-03,2015-03-31,diagnostics_6week_breach_pct,16.364501752412274,percent,StatsWales (Welsh Government)
Wales,WAL,2015-04,2015-04-30,diagnostics_6week_breach_pct,18.649540553611562,percent,StatsWales (Welsh Government)
Wales,WAL,2015-05,2015-05-31,diagnostics_6week_breach_pct,22.611342694164108,percent,StatsWales (Welsh Government)
Wales,WAL,2015-06,2015-06-30,diagnostics_6week_breach_pct,22.063538735105922,percent,StatsWales (Welsh Government)
Wales,WAL,2015-07,2015-07-31,diagnostics_6week_breach_pct,21.790874418863616,percent,StatsWales (Welsh Government)
Wales,WAL,2015-08,2015-08-31,diagnostics_6week_breach_pct,23.541884634163353,percent,StatsWales (Welsh Government)
Wales,WAL,2015-09,2015-09-30,diagnostics_6week_breach_pct,23.53259662372279,percent,StatsWales (Welsh Government)
Wales,WAL,2015-10,2015-10-31,diagnostics_6week_breach_pct,21.240470748569727,percent,StatsWales (Welsh Government)
Wales,WAL,2015-11,2015-11-30,diagnostics_6week_breach_pct,19.628138496449747,percent,StatsWales (Welsh Government)
Wales,WAL,2015-12,2015-12-31,diagnostics_6week_breach_pct,21.47901248517033,percent,StatsWales (Welsh Government)
Wales,WAL,2016-01,2016-01-31,diagnostics_6week_breach_pct,22.850393700787404,percent,StatsWales (Welsh Government)
Wales,WAL,2016-02,2016-02-29,diagnostics_6week_breach_pct,16.72756981580511,percent,StatsWales (Welsh Government)
Wales,WAL,2016-03,2016-03-31,diagnostics_6week_breach_pct,13.905432945228203,percent,StatsWales (Welsh Government)
Wales,WAL,2016-04,2016-04-30,diagnostics_6week_breach_pct,15.944968553459118,percent,StatsWales (Welsh Government)
Wales,WAL,2016-05,2016-05-31,diagnostics_6week_breach_pct,13.755609770790036,percent,StatsWales (Welsh Government)
Wales,WAL,2016-06,2016-06-30,diagnostics_6week_breach_pct,12.700901010592963,percent,StatsWales (Welsh Government)
Wales,WAL,2016-07,2016-07-31,diagnostics_6week_breach_pct,13.3767808426796,percent,StatsWales (Welsh Government)
Wales,WAL,2016-08,2016-08-31,diagnostics_6week_breach_pct,15.078498608398814,percent,StatsWales (Welsh Government)
Wales,WAL,2016-09,2016-09-30,diagnostics_6week_breach_pct,16.239944771281067,percent,StatsWales (Welsh Government)
Wales,WAL,2016-10,2016-10-31,diagnostics_6week_breach_pct,15.291448149428225,percent,StatsWales (Welsh Government)
Wales,WAL,2016-11,2016-11-30,diagnostics_6week_breach_pct,16.013411775663215,percent,StatsWales (Welsh Government)
Wales,WAL,2016-12,2016-12-31,diagnostics_6week_breach_pct,16.91135128381333,percent,StatsWales (Welsh Government)
Wales,WAL,2017-01,2017-01-31,diagnostics_6week_breach_pct,15.308561671680623,percent,StatsWales (Welsh Government)
Wales,WAL,2017-02,2017-02-28,diagnostics_6week_breach_pct,11.16955810699172,percent,StatsWales (Welsh Government)
Wales,WAL,2017-03,2017-03-31,diagnostics_6week_breach_pct,8.118289696741382,percent,StatsWales (Welsh Government)
Wales,WAL,2017-04,2017-04-30,diagnostics_6week_breach_pct,9.50590487258806,percent,StatsWales (Welsh Government)
Wales,WAL,2017-05,2017-05-31,diagnostics_6week_breach_pct,11.968379185714522,percent,StatsWales (Welsh Government)
Wales,WAL,2017-06,2017-06-30,diagnostics_6week_breach_pct,11.338280746409268,percent,StatsWales (Welsh Government)
Wales,WAL,2017-07,2017-07-31,diagnostics_6week_breach_pct,10.796578903236625,percent,StatsWales (Welsh Government)
Wales,WAL,2017-08,2017-08-31,diagnostics_6week_breach_pct,11.99702710176991,percent,StatsWales (Welsh Government)
Wales,WAL,2017-09,2017-09-30,diagnostics_6week_breach_pct,11.129385035351566,percent,StatsWales (Welsh Government)
Wales,WAL,2017-10,2017-10-31,diagnostics_6week_breach_pct,9.641855517230264,percent,StatsWales (Welsh Government)
Wales,WAL,2017-11,2017-11-30,diagnostics_6week_breach_pct,9.622593557405173,percent,StatsWales (Welsh Government)
Wales,WAL,2017-12,2017-12-31,diagnostics_6week_breach_pct,10.689475100090199,percent,StatsWales (Welsh Government)
Wales,WAL,2018-01,2018-01-31,diagnostics_6week_breach_pct,10.59549400239576,percent,StatsWales (Welsh Government)
Wales,WAL,2018-02,2018-02-28,diagnostics_6week_breach_pct,6.745078820550518,percent,StatsWales (Welsh Government)
Wales,WAL,2018-03,2018-03-31,diagnostics_6week_breach_pct,2.478612247658337,percent,StatsWales (Welsh Government)
Wales,WAL,2018-04,2018-04-30,diagnostics_6week_breach_pct,5.068883334302156,percent,StatsWales (Welsh Government)
Wales,WAL,2018-05,2018-05-31,diagnostics_6week_breach_pct,5.602716468590832,percent,StatsWales (Welsh Government)
Wales,WAL,2018-06,2018-06-30,diagnostics_6week_breach_pct,7.152835191150897,percent,StatsWales (Welsh Government)
Wales,WAL,2018-07,2018-07-31,diagnostics_6week_breach_pct,7.161482992206279,percent,StatsWales (Welsh Government)
Wales,WAL,2018-08,2018-08-31,diagnostics_6week_breach_pct,7.961718293395675,percent,StatsWales (Welsh Government)
Wales,WAL,2018-09,2018-09-30,diagnostics_6week_breach_pct,6.887371397629504,percent,StatsWales (Welsh Government)
Wales,WAL,2018-10,2018-10-31,diagnostics_6week_breach_pct,4.805550926416895,percent,StatsWales (Welsh Government)
Wales,WAL,2018-11,2018-11-30,diagnostics_6week_breach_pct,4.063051012342676,percent,StatsWales (Welsh Government)
Wales,WAL,2018-12,2018-12-31,diagnostics_6week_breach_pct,4.676033649543583,percent,StatsWales (Welsh Government)
Wales,WAL,2019-01,2019-01-31,diagnostics_6week_breach_pct,5.930679978012509,percent,StatsWales (Welsh Government)
Wales,WAL,2019-02,2019-02-28,diagnostics_6week_breach_pct,4.989970995252457,percent,StatsWales (Welsh Government)
Wales,WAL,2019-03,2019-03-31,diagnostics_6week_breach_pct,3.994254937163375,percent,StatsWales (Welsh Government)
Wales,WAL,2019-04,2019-04-30,diagnostics_6week_breach_pct,4.447375219241594,percent,StatsWales (Welsh Government)
Wales,WAL,2019-05,2019-05-31,diagnostics_6week_breach_pct,4.934793534904637,percent,StatsWales (Welsh Government)
Wales,WAL,2019-06,2019-06-30,diagnostics_6week_breach_pct,4.635816790075435,percent,StatsWales (Welsh Government)
Wales,WAL,2019-07,2019-07-31,diagnostics_6week_breach_pct,5.7098913774872635,percent,StatsWales (Welsh Government)
Wales,WAL,2019-08,2019-08-31,diagnostics_6week_breach_pct,7.170018590501943,percent,StatsWales (Welsh Government)
Wales,WAL,2019-09,2019-09-30,diagnostics_6week_breach_pct,6.640770575925235,percent,StatsWales (Welsh Government)
Wales,WAL,2019-10,2019-10-31,diagnostics_6week_breach_pct,5.298438182612494,percent,StatsWales (Welsh Government)
Wales,WAL,2019-11,2019-11-30,diagnostics_6week_breach_pct,5.369712223251698,percent,StatsWales (Welsh Government)
Wales,WAL,2019-12,2019-12-31,diagnostics_6week_breach_pct,6.658064516129032,percent,StatsWales (Welsh Government)
Wales,WAL,2020-01,2020-01-31,diagnostics_6week_breach_pct,6.972313596491228,percent,StatsWales (Welsh Government)
Wales,WAL,2020-02,2020-02-29,diagnostics_6week_breach_pct,4.750056850863464,percent,StatsWales (Welsh Government)
Wales,WAL,2020-03,2020-03-31,diagnostics_6week_breach_pct,10.784605801262085,percent,StatsWales (Welsh Government)
Wales,WAL,2020-04,2020-04-30,diagnostics_6week_breach_pct,46.971789057650646,percent,StatsWales (Welsh Government)
Wales,WAL,2020-05,2020-05-31,diagnostics_6week_breach_pct,71.32769172474768,percent,StatsWales (Welsh Government)
Wales,WAL,2020-06,2020-06-30,diagnostics_6week_breach_pct,64.23677058521076,percent,StatsWales (Welsh Government)
Wales,WAL,2020-07,2020-07-31,diagnostics_6week_breach_pct,58.58764015544292,percent,StatsWales (Welsh Government)
Wales,WAL,2020-08,2020-08-31,diagnostics_6week_breach_pct,57.07922659967054,percent,StatsWales (Welsh Government)
Wales,WAL,2020-09,2020-09-30,diagnostics_6week_breach_pct,53.589664718548136,percent,StatsWales (Welsh Government)
Wales,WAL,2020-10,2020-10-31,diagnostics_6week_breach_pct,51.189562547966226,percent,StatsWales (Welsh Government)
Wales,WAL,2020-11,2020-11-30,diagnostics_6week_breach_pct,50.23132908252992,percent,StatsWales (Welsh Government)
Wales,WAL,2020-12,2020-12-31,diagnostics_6week_breach_pct,51.416034738595705,percent,StatsWales (Welsh Government)
Wales,WAL,2021-01,2021-01-31,diagnostics_6week_breach_pct,54.48692656356759,percent,StatsWales (Welsh Government)
Wales,WAL,2021-02,2021-02-28,diagnostics_6week_breach_pct,48.692063363612455,percent,StatsWales (Welsh Government)
Wales,WAL,2021-03,2021-03-31,diagnostics_6week_breach_pct,42.024997480092736,percent,StatsWales (Welsh Government)
Wales,WAL,2021-04,2021-04-30,diagnostics_6week_breach_pct,41.3437449490868,percent,StatsWales (Welsh Government)
Wales,WAL,2021-05,2021-05-31,diagnostics_6week_breach_pct,41.02718022397607,percent,StatsWales (Welsh Government)
Wales,WAL,2021-06,2021-06-30,diagnostics_6week_breach_pct,40.620368409908956,percent,StatsWales (Welsh Government)
Wales,WAL,2021-07,2021-07-31,diagnostics_6week_breach_pct,42.98559264662414,percent,StatsWales (Welsh Government)
Wales,WAL,2021-08,2021-08-31,diagnostics_6week_breach_pct,45.79842404954083,percent,StatsWales (Welsh Government)
Wales,WAL,2021-09,2021-09-30,diagnostics_6week_breach_pct,46.47063905768511,percent,StatsWales (Welsh Government)
Wales,WAL,2021-10,2021-10-31,diagnostics_6week_breach_pct,44.51046945664131,percent,StatsWales (Welsh Government)
Wales,WAL,2021-11,2021-11-30,diagnostics_6week_breach_pct,42.87014705468332,percent,StatsWales (Welsh Government)
Wales,WAL,2021-12,2021-12-31,diagnostics_6week_breach_pct,44.746155331059775,percent,StatsWales (Welsh Government)
Wales,WAL,2022-01,2022-01-31,diagnostics_6week_breach_pct,45.5098493626883,percent,StatsWales (Welsh Government)
Wales,WAL,2022-02,2022-02-28,diagnostics_6week_breach_pct,41.02302221639197,percent,StatsWales (Welsh Government)
Wales,WAL,2022-03,2022-03-31,diagnostics_6week_breach_pct,38.163454223835316,percent,StatsWales (Welsh Government)
Wales,WAL,2022-04,2022-04-30,diagnostics_6week_breach_pct,41.15528745087286,percent,StatsWales (Welsh Government)
Wales,WAL,2022-05,2022-05-31,diagnostics_6week_breach_pct,41.25429068295836,percent,StatsWales (Welsh Government)
Wales,WAL,2022-06,2022-06-30,diagnostics_6week_breach_pct,39.22988257330163,percent,StatsWales (Welsh Government)
Wales,WAL,2022-07,2022-07-31,diagnostics_6week_breach_pct,39.30282908623142,percent,StatsWales (Welsh Government)
Wales,WAL,2022-08,2022-08-31,diagnostics_6week_breach_pct,41.47939467514294,percent,StatsWales (Welsh Government)
Wales,WAL,2022-09,2022-09-30,diagnostics_6week_breach_pct,41.25483221111091,percent,StatsWales (Welsh Government)
Wales,WAL,2022-10,2022-10-31,diagnostics_6week_breach_pct,38.4045184915899,percent,StatsWales (Welsh Government)
Wales,WAL,2022-11,2022-11-30,diagnostics_6week_breach_pct,38.31169408230913,percent,StatsWales (Welsh Government)
Wales,WAL,2022-12,2022-12-31,diagnostics_6week_breach_pct,42.36029248836694,percent,StatsWales (Welsh Government)
Wales,WAL,2023-01,2023-01-31,diagnostics_6week_breach_pct,42.72812810524187,percent,StatsWales (Welsh Government)
Wales,WAL,2023-02,2023-02-28,diagnostics_6week_breach_pct,38.09088216333002,percent,StatsWales (Welsh Government)
Wales,WAL,2023-03,2023-03-31,diagnostics_6week_breach_pct,37.624891491208665,percent,StatsWales (Welsh Government)
Wales,WAL,2023-04,2023-04-30,diagnostics_6week_breach_pct,40.31870291792852,percent,StatsWales (Welsh Government)
Wales,WAL,2023-05,2023-05-31,diagnostics_6week_breach_pct,43.03659063747553,percent,StatsWales (Welsh Government)
Wales,WAL,2023-06,2023-06-30,diagnostics_6week_breach_pct,41.209149234779126,percent,StatsWales (Welsh Government)
Wales,WAL,2023-07,2023-07-31,diagnostics_6week_breach_pct,38.887867954158175,percent,StatsWales (Welsh Government)
Wales,WAL,2023-08,2023-08-31,diagnostics_6week_breach_pct,41.729066257525474,percent,StatsWales (Welsh Government)
Wales,WAL,2023-09,2023-09-30,diagnostics_6week_breach_pct,42.60385510136258,percent,StatsWales (Welsh Government)
Wales,WAL,2023-10,2023-10-31,diagnostics_6week_breach_pct,39.577349369666166,percent,StatsWales (Welsh Government)
Wales,WAL,2023-11,2023-11-30,diagnostics_6week_breach_pct,39.83922938070415,percent,StatsWales (Welsh Government)
Wales,WAL,2023-12,2023-12-31,diagnostics_6week_breach_pct,42.96987270516407,percent,StatsWales (Welsh Government)
Wales,WAL,2024-01,2024-01-31,diagnostics_6week_breach_pct,42.84748407229229,percent,StatsWales (Welsh Government)
Wales,WAL,2024-02,2024-02-29,diagnostics_6week_breach_pct,37.747358223147174,percent,StatsWales (Welsh Government)
Wales,WAL,2024-03,2024-03-31,diagnostics_6week_breach_pct,37.31147908855457,percent,StatsWales (Welsh Government)
Wales,WAL,2024-04,2024-04-30,diagnostics_6week_breach_pct,37.08451251317907,percent,StatsWales (Welsh Government)
Wales,WAL,2024-05,2024-05-31,diagnostics_6week_breach_pct,36.15647720353856,percent,StatsWales (Welsh Government)
Wales,WAL,2024-06,2024-06-30,diagnostics_6week_breach_pct,38.16426427238554,percent,StatsWales (Welsh Government)
Wales,WAL,2024-07,2024-07-31,diagnostics_6week_breach_pct,37.08805954127455,percent,StatsWales (Welsh Government)
Wales,WAL,2024-08,2024-08-31,diagnostics_6week_breach_pct,48.49487958124732,percent,StatsWales (Welsh Government)
Wales,WAL,2024-09,2024-09-30,diagnostics_6week_breach_pct,46.66930436659233,percent,StatsWales (Welsh Government)
Wales,WAL,2024-10,2024-10-31,diagnostics_6week_breach_pct,43.69105662123207,percent,StatsWales (Welsh Government)
Wales,WAL,2024-11,2024-11-30,diagnostics_6week_breach_pct,45.14035009177598,percent,StatsWales (Welsh Government)
Wales,WAL,2024-12,2024-12-31,diagnostics_6week_breach_pct,47.06556928749747,percent,StatsWales (Welsh Government)
Wales,WAL,2025-01,2025-01-31,diagnostics_6week_breach_pct,47.43817896889691,percent,StatsWales (Welsh Government)
Wales,WAL,2025-02,2025-02-28,diagnostics_6week_breach_pct,40.78288777660227,percent,StatsWales (Welsh Government)
Wales,WAL,2025-03,2025-03-31,diagnostics_6week_breach_pct,40.462924413815095,percent,StatsWales (Welsh Government)
Wales,WAL,2025-04,2025-04-30,diagnostics_6week_breach_pct,43.18468367329315,percent,StatsWales (Welsh Government)
Wales,WAL,2025-05,2025-05-31,diagnostics_6week_breach_pct,46.408731176178996,percent,StatsWales (Welsh Government)
Wales,WAL,2025-06,2025-06-30,diagnostics_6week_breach_pct,43.04788136304855,percent,StatsWales (Welsh Government)
Wales,WAL,2025-07,2025-07-31,diagnostics_6week_breach_pct,43.829745944984396,percent,StatsWales (Welsh Government)
Wales,WAL,2025-08,2025-08-31,diagnostics_6week_breach_pct,47.824078576290965,percent,StatsWales (Welsh Government)
Wales,WAL,2025-09,2025-09-30,diagnostics_6week_breach_pct,45.54979493925559,percent,StatsWales (Welsh Government)
Wales,WAL,2025-10,2025-10-31,diagnostics_6week_breach_pct,42.34698077484341,percent,StatsWales (Welsh Government)
Wales,WAL,2025-11,2025-11-30,diagnostics_6week_breach_pct,41.802249117051616,percent,StatsWales (Welsh Government)
Wales,WAL,2025-12,2025-12-31,diagnostics_6week_breach_pct,45.43475253220321,percent,StatsWales (Welsh Government)
Wales,WAL,2026-01,2026-01-31,diagnostics_6week_breach_pct,47.512640075692616,percent,StatsWales (Welsh Government)
Wales,WAL,2026-02,2026-02-28,diagnostics_6week_breach_pct,39.98606379684112,percent,StatsWales (Welsh Government)
Wales,WAL,2026-03,2026-03-31,diagnostics_6week_breach_pct,33.45828783671083,percent,StatsWales (Welsh Government)
Wales,WAL,2026-04,2026-04-30,diagnostics_6week_breach_pct,37.951055539993376,percent,StatsWales (Welsh Government)
Wales,WAL,2026-05,2026-05-31,diagnostics_6week_breach_pct,42.731670944024415,percent,StatsWales (Welsh Government)
England,ENG,2015-10,2015-10-31,rtt_median_wait_weeks,6.5,weeks,NHS England
England,ENG,2015-11,2015-11-30,rtt_median_wait_weeks,6.5,weeks,NHS England
England,ENG,2015-12,2015-12-31,rtt_median_wait_weeks,6.5,weeks,NHS England
England,ENG,2016-01,2016-01-31,rtt_median_wait_weeks,6.5,weeks,NHS England
England,ENG,2016-02,2016-02-29,rtt_median_wait_weeks,5.5,weeks,NHS England
England,ENG,2016-03,2016-03-31,rtt_median_wait_weeks,6.5,weeks,NHS England
England,ENG,2016-04,2016-04-30,rtt_median_wait_weeks,6.5,weeks,NHS England
England,ENG,2016-05,2016-05-31,rtt_median_wait_weeks,6.5,weeks,NHS England
England,ENG,2016-06,2016-06-30,rtt_median_wait_weeks,6.5,weeks,NHS England
England,ENG,2016-08,2016-08-31,rtt_median_wait_weeks,6.5,weeks,NHS England
England,ENG,2016-09,2016-09-30,rtt_median_wait_weeks,6.5,weeks,NHS England
England,ENG,2016-10,2016-10-31,rtt_median_wait_weeks,6.5,weeks,NHS England
England,ENG,2016-11,2016-11-30,rtt_median_wait_weeks,6.5,weeks,NHS England
England,ENG,2016-12,2016-12-31,rtt_median_wait_weeks,7.5,weeks,NHS England
England,ENG,2017-01,2017-01-31,rtt_median_wait_weeks,7.5,weeks,NHS England
England,ENG,2017-02,2017-02-28,rtt_median_wait_weeks,6.5,weeks,NHS England
England,ENG,2017-03,2017-03-31,rtt_median_wait_weeks,6.5,weeks,NHS England
England,ENG,2017-04,2017-04-30,rtt_median_wait_weeks,6.5,weeks,NHS England
England,ENG,2017-05,2017-05-31,rtt_median_wait_weeks,7.5,weeks,NHS England
England,ENG,2017-06,2017-06-30,rtt_median_wait_weeks,6.5,weeks,NHS England
England,ENG,2017-07,2017-07-31,rtt_median_wait_weeks,6.5,weeks,NHS England
England,ENG,2017-08,2017-08-31,rtt_median_wait_weeks,7.5,weeks,NHS England
England,ENG,2017-09,2017-09-30,rtt_median_wait_weeks,7.5,weeks,NHS England
England,ENG,2017-10,2017-10-31,rtt_median_wait_weeks,6.5,weeks,NHS England
England,ENG,2017-11,2017-11-30,rtt_median_wait_weeks,6.5,weeks,NHS England
England,ENG,2017-12,2017-12-31,rtt_median_wait_weeks,7.5,weeks,NHS England
England,ENG,2018-01,2018-01-31,rtt_median_wait_weeks,7.5,weeks,NHS England
England,ENG,2018-02,2018-02-28,rtt_median_wait_weeks,6.5,weeks,NHS England
England,ENG,2018-03,2018-03-31,rtt_median_wait_weeks,6.5,weeks,NHS England
England,ENG,2018-04,2018-04-30,rtt_median_wait_weeks,6.5,weeks,NHS England
England,ENG,2018-05,2018-05-31,rtt_median_wait_weeks,6.5,weeks,NHS England
England,ENG,2018-06,2018-06-30,rtt_median_wait_weeks,7.5,weeks,NHS England
England,ENG,2018-07,2018-07-31,rtt_median_wait_weeks,7.5,weeks,NHS England
England,ENG,2018-08,2018-08-31,rtt_median_wait_weeks,7.5,weeks,NHS England
England,ENG,2018-09,2018-09-30,rtt_median_wait_weeks,7.5,weeks,NHS England
England,ENG,2018-10,2018-10-31,rtt_median_wait_weeks,7.5,weeks,NHS England
England,ENG,2018-11,2018-11-30,rtt_median_wait_weeks,6.5,weeks,NHS England
England,ENG,2018-12,2018-12-31,rtt_median_wait_weeks,7.5,weeks,NHS England
England,ENG,2019-01,2019-01-31,rtt_median_wait_weeks,7.5,weeks,NHS England
England,ENG,2019-02,2019-02-28,rtt_median_wait_weeks,6.5,weeks,NHS England
England,ENG,2019-03,2019-03-31,rtt_median_wait_weeks,6.5,weeks,NHS England
England,ENG,2019-04,2019-04-30,rtt_median_wait_weeks,7.5,weeks,NHS England
England,ENG,2019-05,2019-05-31,rtt_median_wait_weeks,7.5,weeks,NHS England
England,ENG,2019-06,2019-06-30,rtt_median_wait_weeks,7.5,weeks,NHS England
England,ENG,2019-07,2019-07-31,rtt_median_wait_weeks,7.5,weeks,NHS England
England,ENG,2019-08,2019-08-31,rtt_median_wait_weeks,8.5,weeks,NHS England
England,ENG,2019-09,2019-09-30,rtt_median_wait_weeks,7.5,weeks,NHS England
England,ENG,2019-10,2019-10-31,rtt_median_wait_weeks,7.5,weeks,NHS England
England,ENG,2019-11,2019-11-30,rtt_median_wait_weeks,7.5,weeks,NHS England
England,ENG,2019-12,2019-12-31,rtt_median_wait_weeks,8.5,weeks,NHS England
England,ENG,2020-01,2020-01-31,rtt_median_wait_weeks,8.5,weeks,NHS England
England,ENG,2020-02,2020-02-29,rtt_median_wait_weeks,7.5,weeks,NHS England
England,ENG,2020-03,2020-03-31,rtt_median_wait_weeks,8.5,weeks,NHS England
England,ENG,2020-04,2020-04-30,rtt_median_wait_weeks,12.5,weeks,NHS England
England,ENG,2020-05,2020-05-31,rtt_median_wait_weeks,15.5,weeks,NHS England
England,ENG,2020-06,2020-06-30,rtt_median_wait_weeks,17.5,weeks,NHS England
England,ENG,2020-07,2020-07-31,rtt_median_wait_weeks,19.5,weeks,NHS England
England,ENG,2020-08,2020-08-31,rtt_median_wait_weeks,14.5,weeks,NHS England
England,ENG,2020-09,2020-09-30,rtt_median_wait_weeks,12.5,weeks,NHS England
England,ENG,2020-10,2020-10-31,rtt_median_wait_weeks,11.5,weeks,NHS England
England,ENG,2020-11,2020-11-30,rtt_median_wait_weeks,10.5,weeks,NHS England
England,ENG,2020-12,2020-12-31,rtt_median_wait_weeks,11.5,weeks,NHS England
England,ENG,2021-01,2021-01-31,rtt_median_wait_weeks,12.5,weeks,NHS England
England,ENG,2021-02,2021-02-28,rtt_median_wait_weeks,12.5,weeks,NHS England
England,ENG,2021-03,2021-03-31,rtt_median_wait_weeks,11.5,weeks,NHS England
England,ENG,2021-04,2021-04-30,rtt_median_wait_weeks,11.5,weeks,NHS England
England,ENG,2021-05,2021-05-31,rtt_median_wait_weeks,10.5,weeks,NHS England
England,ENG,2021-06,2021-06-30,rtt_median_wait_weeks,10.5,weeks,NHS England
England,ENG,2021-07,2021-07-31,rtt_median_wait_weeks,10.5,weeks,NHS England
England,ENG,2021-08,2021-08-31,rtt_median_wait_weeks,11.5,weeks,NHS England
England,ENG,2021-09,2021-09-30,rtt_median_wait_weeks,11.5,weeks,NHS England
England,ENG,2021-10,2021-10-31,rtt_median_wait_weeks,12.5,weeks,NHS England
England,ENG,2021-11,2021-11-30,rtt_median_wait_weeks,11.5,weeks,NHS England
England,ENG,2021-12,2021-12-31,rtt_median_wait_weeks,12.5,weeks,NHS England
England,ENG,2022-01,2022-01-31,rtt_median_wait_weeks,13.5,weeks,NHS England
England,ENG,2022-02,2022-02-28,rtt_median_wait_weeks,13.5,weeks,NHS England
England,ENG,2022-03,2022-03-31,rtt_median_wait_weeks,12.5,weeks,NHS England
England,ENG,2022-04,2022-04-30,rtt_median_wait_weeks,12.5,weeks,NHS England
England,ENG,2022-05,2022-05-31,rtt_median_wait_weeks,12.5,weeks,NHS England
England,ENG,2022-06,2022-06-30,rtt_median_wait_weeks,13.5,weeks,NHS England
England,ENG,2022-07,2022-07-31,rtt_median_wait_weeks,13.5,weeks,NHS England
England,ENG,2022-08,2022-08-31,rtt_median_wait_weeks,13.5,weeks,NHS England
England,ENG,2022-09,2022-09-30,rtt_median_wait_weeks,13.5,weeks,NHS England
England,ENG,2022-10,2022-10-31,rtt_median_wait_weeks,13.5,weeks,NHS England
England,ENG,2022-11,2022-11-30,rtt_median_wait_weeks,13.5,weeks,NHS England
England,ENG,2022-12,2022-12-31,rtt_median_wait_weeks,14.5,weeks,NHS England
England,ENG,2023-01,2023-01-31,rtt_median_wait_weeks,14.5,weeks,NHS England
England,ENG,2023-02,2023-02-28,rtt_median_wait_weeks,14.5,weeks,NHS England
England,ENG,2023-03,2023-03-31,rtt_median_wait_weeks,14.5,weeks,NHS England
England,ENG,2023-04,2023-04-30,rtt_median_wait_weeks,13.5,weeks,NHS England
England,ENG,2023-05,2023-05-31,rtt_median_wait_weeks,14.5,weeks,NHS England
England,ENG,2023-06,2023-06-30,rtt_median_wait_weeks,14.5,weeks,NHS England
England,ENG,2023-07,2023-07-31,rtt_median_wait_weeks,14.5,weeks,NHS England
England,ENG,2023-08,2023-08-31,rtt_median_wait_weeks,14.5,weeks,NHS England
England,ENG,2023-09,2023-09-30,rtt_median_wait_weeks,14.5,weeks,NHS England
England,ENG,2023-10,2023-10-31,rtt_median_wait_weeks,14.5,weeks,NHS England
England,ENG,2023-11,2023-11-30,rtt_median_wait_weeks,14.5,weeks,NHS England
England,ENG,2023-12,2023-12-31,rtt_median_wait_weeks,15.5,weeks,NHS England
England,ENG,2024-01,2024-01-31,rtt_median_wait_weeks,15.5,weeks,NHS England
England,ENG,2024-02,2024-02-29,rtt_median_wait_weeks,14.5,weeks,NHS England
England,ENG,2024-03,2024-03-31,rtt_median_wait_weeks,14.5,weeks,NHS England
England,ENG,2024-04,2024-04-30,rtt_median_wait_weeks,13.5,weeks,NHS England
England,ENG,2024-05,2024-05-31,rtt_median_wait_weeks,14.5,weeks,NHS England
England,ENG,2024-06,2024-06-30,rtt_median_wait_weeks,14.5,weeks,NHS England
England,ENG,2024-07,2024-07-31,rtt_median_wait_weeks,13.5,weeks,NHS England
England,ENG,2024-08,2024-08-31,rtt_median_wait_weeks,14.5,weeks,NHS England
England,ENG,2024-09,2024-09-30,rtt_median_wait_weeks,14.5,weeks,NHS England
England,ENG,2024-10,2024-10-31,rtt_median_wait_weeks,14.5,weeks,NHS England
England,ENG,2024-11,2024-11-30,rtt_median_wait_weeks,14.5,weeks,NHS England
England,ENG,2024-12,2024-12-31,rtt_median_wait_weeks,14.5,weeks,NHS England
England,ENG,2025-01,2025-01-31,rtt_median_wait_weeks,14.5,weeks,NHS England
England,ENG,2025-02,2025-02-28,rtt_median_wait_weeks,14.5,weeks,NHS England
England,ENG,2025-03,2025-03-31,rtt_median_wait_weeks,13.5,weeks,NHS England
England,ENG,2025-04,2025-04-30,rtt_median_wait_weeks,13.5,weeks,NHS England
England,ENG,2025-05,2025-05-31,rtt_median_wait_weeks,13.5,weeks,NHS England
England,ENG,2025-06,2025-06-30,rtt_median_wait_weeks,13.5,weeks,NHS England
England,ENG,2025-07,2025-07-31,rtt_median_wait_weeks,13.5,weeks,NHS England
England,ENG,2025-08,2025-08-31,rtt_median_wait_weeks,13.5,weeks,NHS England
England,ENG,2025-09,2025-09-30,rtt_median_wait_weeks,13.5,weeks,NHS England
England,ENG,2025-10,2025-10-31,rtt_median_wait_weeks,13.5,weeks,NHS England
England,ENG,2025-11,2025-11-30,rtt_median_wait_weeks,12.5,weeks,NHS England
England,ENG,2025-12,2025-12-31,rtt_median_wait_weeks,13.5,weeks,NHS England
England,ENG,2026-01,2026-01-31,rtt_median_wait_weeks,13.5,weeks,NHS England
England,ENG,2026-02,2026-02-28,rtt_median_wait_weeks,13.5,weeks,NHS England
England,ENG,2026-03,2026-03-31,rtt_median_wait_weeks,11.5,weeks,NHS England
England,ENG,2026-04,2026-04-30,rtt_median_wait_weeks,11.5,weeks,NHS England
England,ENG,2026-05,2026-05-31,rtt_median_wait_weeks,12.5,weeks,NHS England
England,ENG,2026-06,2026-06-30,rtt_median_wait_weeks,11.5,weeks,NHS England
Scotland,SCO,2012-10,2012-10-31,rtt_median_wait_weeks,3.6233591233550766,weeks,Public Health Scotland
Scotland,SCO,2012-11,2012-11-30,rtt_median_wait_weeks,3.389648688800938,weeks,Public Health Scotland
Scotland,SCO,2012-12,2012-12-31,rtt_median_wait_weeks,4.367062814336697,weeks,Public Health Scotland
Scotland,SCO,2013-01,2013-01-31,rtt_median_wait_weeks,3.2030122276192214,weeks,Public Health Scotland
Scotland,SCO,2013-02,2013-02-28,rtt_median_wait_weeks,3.2303475697600175,weeks,Public Health Scotland
Scotland,SCO,2013-03,2013-03-31,rtt_median_wait_weeks,3.6604093656686874,weeks,Public Health Scotland
Scotland,SCO,2013-04,2013-04-30,rtt_median_wait_weeks,3.55589129856376,weeks,Public Health Scotland
Scotland,SCO,2013-05,2013-05-31,rtt_median_wait_weeks,3.8181658264054295,weeks,Public Health Scotland
Scotland,SCO,2013-06,2013-06-30,rtt_median_wait_weeks,3.676778068175499,weeks,Public Health Scotland
Scotland,SCO,2013-07,2013-07-31,rtt_median_wait_weeks,4.085735365104177,weeks,Public Health Scotland
Scotland,SCO,2013-08,2013-08-31,rtt_median_wait_weeks,4.056477903670905,weeks,Public Health Scotland
Scotland,SCO,2013-09,2013-09-30,rtt_median_wait_weeks,4.164096302136415,weeks,Public Health Scotland
Scotland,SCO,2013-10,2013-10-31,rtt_median_wait_weeks,3.8419085963397017,weeks,Public Health Scotland
Scotland,SCO,2013-11,2013-11-30,rtt_median_wait_weeks,3.956048370761482,weeks,Public Health Scotland
Scotland,SCO,2013-12,2013-12-31,rtt_median_wait_weeks,4.407044167765113,weeks,Public Health Scotland
Scotland,SCO,2014-01,2014-01-31,rtt_median_wait_weeks,3.3727921822795577,weeks,Public Health Scotland
Scotland,SCO,2014-02,2014-02-28,rtt_median_wait_weeks,3.516512467215749,weeks,Public Health Scotland
Scotland,SCO,2014-03,2014-03-31,rtt_median_wait_weeks,3.8046479345681554,weeks,Public Health Scotland
Scotland,SCO,2014-04,2014-04-30,rtt_median_wait_weeks,4.040635888501742,weeks,Public Health Scotland
Scotland,SCO,2014-05,2014-05-31,rtt_median_wait_weeks,3.9926213592233006,weeks,Public Health Scotland
Scotland,SCO,2014-06,2014-06-30,rtt_median_wait_weeks,3.8998213894024376,weeks,Public Health Scotland
Scotland,SCO,2014-07,2014-07-31,rtt_median_wait_weeks,4.259161516499581,weeks,Public Health Scotland
Scotland,SCO,2014-08,2014-08-31,rtt_median_wait_weeks,4.376853890945433,weeks,Public Health Scotland
Scotland,SCO,2014-09,2014-09-30,rtt_median_wait_weeks,4.342984331732623,weeks,Public Health Scotland
Scotland,SCO,2014-10,2014-10-31,rtt_median_wait_weeks,4.136602395831945,weeks,Public Health Scotland
Scotland,SCO,2014-11,2014-11-30,rtt_median_wait_weeks,4.277773212558707,weeks,Public Health Scotland
Scotland,SCO,2014-12,2014-12-31,rtt_median_wait_weeks,4.8197855169451875,weeks,Public Health Scotland
Scotland,SCO,2015-01,2015-01-31,rtt_median_wait_weeks,4.385087754475856,weeks,Public Health Scotland
Scotland,SCO,2015-02,2015-02-28,rtt_median_wait_weeks,4.180463092681376,weeks,Public Health Scotland
Scotland,SCO,2015-03,2015-03-31,rtt_median_wait_weeks,3.948578679113735,weeks,Public Health Scotland
Scotland,SCO,2015-04,2015-04-30,rtt_median_wait_weeks,4.3547971676297506,weeks,Public Health Scotland
Scotland,SCO,2015-05,2015-05-31,rtt_median_wait_weeks,4.427316844388569,weeks,Public Health Scotland
Scotland,SCO,2015-06,2015-06-30,rtt_median_wait_weeks,4.428488670209634,weeks,Public Health Scotland
Scotland,SCO,2015-07,2015-07-31,rtt_median_wait_weeks,4.838478527466405,weeks,Public Health Scotland
Scotland,SCO,2015-08,2015-08-31,rtt_median_wait_weeks,4.788719478191184,weeks,Public Health Scotland
Scotland,SCO,2015-09,2015-09-30,rtt_median_wait_weeks,4.784015102734445,weeks,Public Health Scotland
Scotland,SCO,2015-10,2015-10-31,rtt_median_wait_weeks,4.904382687214572,weeks,Public Health Scotland
Scotland,SCO,2015-11,2015-11-30,rtt_median_wait_weeks,4.539966981400327,weeks,Public Health Scotland
Scotland,SCO,2015-12,2015-12-31,rtt_median_wait_weeks,4.961822713071661,weeks,Public Health Scotland
Scotland,SCO,2016-01,2016-01-31,rtt_median_wait_weeks,5.360337199012621,weeks,Public Health Scotland
Scotland,SCO,2016-02,2016-02-29,rtt_median_wait_weeks,4.350326608695805,weeks,Public Health Scotland
Scotland,SCO,2016-03,2016-03-31,rtt_median_wait_weeks,4.402700811005426,weeks,Public Health Scotland
Scotland,SCO,2016-04,2016-04-30,rtt_median_wait_weeks,4.403965501191579,weeks,Public Health Scotland
Scotland,SCO,2016-05,2016-05-31,rtt_median_wait_weeks,4.713404721971359,weeks,Public Health Scotland
Scotland,SCO,2016-06,2016-06-30,rtt_median_wait_weeks,4.834636084957916,weeks,Public Health Scotland
Scotland,SCO,2016-07,2016-07-31,rtt_median_wait_weeks,5.5541014129818285,weeks,Public Health Scotland
Scotland,SCO,2016-08,2016-08-31,rtt_median_wait_weeks,5.480930781199679,weeks,Public Health Scotland
Scotland,SCO,2016-09,2016-09-30,rtt_median_wait_weeks,5.264167923765237,weeks,Public Health Scotland
Scotland,SCO,2016-10,2016-10-31,rtt_median_wait_weeks,5.815062134226435,weeks,Public Health Scotland
Scotland,SCO,2016-11,2016-11-30,rtt_median_wait_weeks,5.595626556355373,weeks,Public Health Scotland
Scotland,SCO,2016-12,2016-12-31,rtt_median_wait_weeks,6.232730825636821,weeks,Public Health Scotland
Scotland,SCO,2017-01,2017-01-31,rtt_median_wait_weeks,6.445383072894152,weeks,Public Health Scotland
Scotland,SCO,2017-02,2017-02-28,rtt_median_wait_weeks,5.117367051422263,weeks,Public Health Scotland
Scotland,SCO,2017-03,2017-03-31,rtt_median_wait_weeks,5.142857142857143,weeks,Public Health Scotland
Scotland,SCO,2019-01,2019-01-31,rtt_median_wait_weeks,7.3149850180529175,weeks,Public Health Scotland
Scotland,SCO,2019-02,2019-02-28,rtt_median_wait_weeks,6.057195192613222,weeks,Public Health Scotland
Scotland,SCO,2019-03,2019-03-31,rtt_median_wait_weeks,5.939007465420195,weeks,Public Health Scotland
Scotland,SCO,2019-04,2019-04-30,rtt_median_wait_weeks,6.2218472308441095,weeks,Public Health Scotland
Scotland,SCO,2019-05,2019-05-31,rtt_median_wait_weeks,6.333500954329367,weeks,Public Health Scotland
Scotland,SCO,2019-06,2019-06-30,rtt_median_wait_weeks,6.047799669372774,weeks,Public Health Scotland
Scotland,SCO,2019-07,2019-07-31,rtt_median_wait_weeks,6.473941903167256,weeks,Public Health Scotland
Scotland,SCO,2019-08,2019-08-31,rtt_median_wait_weeks,6.645606902407317,weeks,Public Health Scotland
Scotland,SCO,2019-09,2019-09-30,rtt_median_wait_weeks,6.512657365248907,weeks,Public Health Scotland
Scotland,SCO,2019-10,2019-10-31,rtt_median_wait_weeks,6.345932321953585,weeks,Public Health Scotland
Scotland,SCO,2019-11,2019-11-30,rtt_median_wait_weeks,6.354320822009759,weeks,Public Health Scotland
Scotland,SCO,2019-12,2019-12-31,rtt_median_wait_weeks,6.824099079966098,weeks,Public Health Scotland
Scotland,SCO,2020-01,2020-01-31,rtt_median_wait_weeks,6.671880655326389,weeks,Public Health Scotland
Scotland,SCO,2020-02,2020-02-29,rtt_median_wait_weeks,5.499449282508434,weeks,Public Health Scotland
Scotland,SCO,2020-03,2020-03-31,rtt_median_wait_weeks,7.326821200521743,weeks,Public Health Scotland
Scotland,SCO,2020-04,2020-04-30,rtt_median_wait_weeks,11.263816217272504,weeks,Public Health Scotland
Scotland,SCO,2020-05,2020-05-31,rtt_median_wait_weeks,14.83535729346487,weeks,Public Health Scotland
Scotland,SCO,2020-06,2020-06-30,rtt_median_wait_weeks,18.194485020426228,weeks,Public Health Scotland
Scotland,SCO,2020-07,2020-07-31,rtt_median_wait_weeks,21.075238665000494,weeks,Public Health Scotland
Scotland,SCO,2020-08,2020-08-31,rtt_median_wait_weeks,21.200234778933638,weeks,Public Health Scotland
Scotland,SCO,2020-09,2020-09-30,rtt_median_wait_weeks,17.454099865479446,weeks,Public Health Scotland
Scotland,SCO,2020-10,2020-10-31,rtt_median_wait_weeks,16.60942545100278,weeks,Public Health Scotland
Scotland,SCO,2020-11,2020-11-30,rtt_median_wait_weeks,14.812293757569625,weeks,Public Health Scotland
Scotland,SCO,2020-12,2020-12-31,rtt_median_wait_weeks,14.457232306442778,weeks,Public Health Scotland
Scotland,SCO,2021-01,2021-01-31,rtt_median_wait_weeks,15.592033123156442,weeks,Public Health Scotland
Scotland,SCO,2021-02,2021-02-28,rtt_median_wait_weeks,15.88000202446742,weeks,Public Health Scotland
Scotland,SCO,2021-03,2021-03-31,rtt_median_wait_weeks,15.340595968093213,weeks,Public Health Scotland
Scotland,SCO,2021-04,2021-04-30,rtt_median_wait_weeks,13.590326869072138,weeks,Public Health Scotland
Scotland,SCO,2021-05,2021-05-31,rtt_median_wait_weeks,12.880110098082865,weeks,Public Health Scotland
Scotland,SCO,2021-06,2021-06-30,rtt_median_wait_weeks,12.37110756056595,weeks,Public Health Scotland
Scotland,SCO,2021-07,2021-07-31,rtt_median_wait_weeks,12.844861527271577,weeks,Public Health Scotland
Scotland,SCO,2021-08,2021-08-31,rtt_median_wait_weeks,13.325166379441255,weeks,Public Health Scotland
Scotland,SCO,2021-09,2021-09-30,rtt_median_wait_weeks,13.750378896130076,weeks,Public Health Scotland
Scotland,SCO,2021-10,2021-10-31,rtt_median_wait_weeks,14.15624645431545,weeks,Public Health Scotland
Scotland,SCO,2021-11,2021-11-30,rtt_median_wait_weeks,14.193951199757011,weeks,Public Health Scotland
Scotland,SCO,2021-12,2021-12-31,rtt_median_wait_weeks,14.666481629702306,weeks,Public Health Scotland
Scotland,SCO,2022-01,2022-01-31,rtt_median_wait_weeks,15.622126101649371,weeks,Public Health Scotland
Scotland,SCO,2022-02,2022-02-28,rtt_median_wait_weeks,15.721025355293284,weeks,Public Health Scotland
Scotland,SCO,2022-03,2022-03-31,rtt_median_wait_weeks,14.436769192817545,weeks,Public Health Scotland
Scotland,SCO,2022-04,2022-04-30,rtt_median_wait_weeks,14.920429466888834,weeks,Public Health Scotland
Scotland,SCO,2022-05,2022-05-31,rtt_median_wait_weeks,14.989992925468783,weeks,Public Health Scotland
Scotland,SCO,2022-06,2022-06-30,rtt_median_wait_weeks,14.91209236348818,weeks,Public Health Scotland
Scotland,SCO,2022-07,2022-07-31,rtt_median_wait_weeks,15.288149268473802,weeks,Public Health Scotland
Scotland,SCO,2022-08,2022-08-31,rtt_median_wait_weeks,15.576738011189923,weeks,Public Health Scotland
Scotland,SCO,2022-09,2022-09-30,rtt_median_wait_weeks,15.725783045736497,weeks,Public Health Scotland
Scotland,SCO,2022-10,2022-10-31,rtt_median_wait_weeks,15.898504889052674,weeks,Public Health Scotland
Scotland,SCO,2022-11,2022-11-30,rtt_median_wait_weeks,15.540440582243324,weeks,Public Health Scotland
Scotland,SCO,2022-12,2022-12-31,rtt_median_wait_weeks,16.50637945216209,weeks,Public Health Scotland
Scotland,SCO,2023-01,2023-01-31,rtt_median_wait_weeks,17.18215201214218,weeks,Public Health Scotland
Scotland,SCO,2023-02,2023-02-28,rtt_median_wait_weeks,17.14002169672821,weeks,Public Health Scotland
Scotland,SCO,2023-03,2023-03-31,rtt_median_wait_weeks,16.434082038186,weeks,Public Health Scotland
Scotland,SCO,2023-04,2023-04-30,rtt_median_wait_weeks,16.053195835896116,weeks,Public Health Scotland
Scotland,SCO,2023-05,2023-05-31,rtt_median_wait_weeks,16.31501387962208,weeks,Public Health Scotland
Scotland,SCO,2023-06,2023-06-30,rtt_median_wait_weeks,16.061363167700662,weeks,Public Health Scotland
Scotland,SCO,2023-07,2023-07-31,rtt_median_wait_weeks,16.520907367230922,weeks,Public Health Scotland
Scotland,SCO,2023-08,2023-08-31,rtt_median_wait_weeks,16.860969041201948,weeks,Public Health Scotland
Scotland,SCO,2023-09,2023-09-30,rtt_median_wait_weeks,17.043489929683727,weeks,Public Health Scotland
Scotland,SCO,2023-10,2023-10-31,rtt_median_wait_weeks,17.251933445302658,weeks,Public Health Scotland
Scotland,SCO,2023-11,2023-11-30,rtt_median_wait_weeks,17.02241458322936,weeks,Public Health Scotland
Scotland,SCO,2023-12,2023-12-31,rtt_median_wait_weeks,18.121979613147325,weeks,Public Health Scotland
Scotland,SCO,2024-01,2024-01-31,rtt_median_wait_weeks,18.4333751676981,weeks,Public Health Scotland
Scotland,SCO,2024-02,2024-02-29,rtt_median_wait_weeks,18.01504037030088,weeks,Public Health Scotland
Scotland,SCO,2024-03,2024-03-31,rtt_median_wait_weeks,18.315254506813577,weeks,Public Health Scotland
Scotland,SCO,2024-04,2024-04-30,rtt_median_wait_weeks,17.5737590664291,weeks,Public Health Scotland
Scotland,SCO,2024-05,2024-05-31,rtt_median_wait_weeks,17.84129782014579,weeks,Public Health Scotland
Scotland,SCO,2024-06,2024-06-30,rtt_median_wait_weeks,18.119225581500583,weeks,Public Health Scotland
Scotland,SCO,2024-07,2024-07-31,rtt_median_wait_weeks,18.41062742010712,weeks,Public Health Scotland
Scotland,SCO,2024-08,2024-08-31,rtt_median_wait_weeks,18.80425674987304,weeks,Public Health Scotland
Scotland,SCO,2024-09,2024-09-30,rtt_median_wait_weeks,18.890526776922393,weeks,Public Health Scotland
Scotland,SCO,2024-10,2024-10-31,rtt_median_wait_weeks,18.723250439326357,weeks,Public Health Scotland
Scotland,SCO,2024-11,2024-11-30,rtt_median_wait_weeks,18.64120461951456,weeks,Public Health Scotland
Scotland,SCO,2024-12,2024-12-31,rtt_median_wait_weeks,19.238942208106057,weeks,Public Health Scotland
Scotland,SCO,2025-01,2025-01-31,rtt_median_wait_weeks,19.499522075867763,weeks,Public Health Scotland
Scotland,SCO,2025-02,2025-02-28,rtt_median_wait_weeks,19.27961917237051,weeks,Public Health Scotland
Scotland,SCO,2025-03,2025-03-31,rtt_median_wait_weeks,18.963349178202627,weeks,Public Health Scotland
Scotland,SCO,2025-04,2025-04-30,rtt_median_wait_weeks,18.461241568180892,weeks,Public Health Scotland
Scotland,SCO,2025-05,2025-05-31,rtt_median_wait_weeks,18.072980142282663,weeks,Public Health Scotland
Scotland,SCO,2025-06,2025-06-30,rtt_median_wait_weeks,17.694965118097674,weeks,Public Health Scotland
Scotland,SCO,2025-07,2025-07-31,rtt_median_wait_weeks,17.254757901018486,weeks,Public Health Scotland
Scotland,SCO,2025-08,2025-08-31,rtt_median_wait_weeks,17.03724271687364,weeks,Public Health Scotland
Scotland,SCO,2025-09,2025-09-30,rtt_median_wait_weeks,16.741286416837323,weeks,Public Health Scotland
Scotland,SCO,2025-10,2025-10-31,rtt_median_wait_weeks,16.292825312374433,weeks,Public Health Scotland
Scotland,SCO,2025-11,2025-11-30,rtt_median_wait_weeks,15.710300958399637,weeks,Public Health Scotland
Scotland,SCO,2025-12,2025-12-31,rtt_median_wait_weeks,15.978388056424148,weeks,Public Health Scotland
Scotland,SCO,2026-01,2026-01-31,rtt_median_wait_weeks,15.60408539406764,weeks,Public Health Scotland
Scotland,SCO,2026-02,2026-02-28,rtt_median_wait_weeks,15.010094387544152,weeks,Public Health Scotland
Scotland,SCO,2026-03,2026-03-31,rtt_median_wait_weeks,13.425738314456613,weeks,Public Health Scotland
Scotland,SCO,2026-04,2026-04-30,rtt_median_wait_weeks,13.744835514761972,weeks,Public Health Scotland
Scotland,SCO,2026-05,2026-05-31,rtt_median_wait_weeks,13.844431509914601,weeks,Public Health Scotland
Scotland,SCO,2026-06,2026-06-30,rtt_median_wait_weeks,14.123059688116149,weeks,Public Health Scotland
Wales,WAL,2011-09,2011-09-30,rtt_median_wait_weeks,8.7,weeks,StatsWales (Welsh Government)
Wales,WAL,2011-10,2011-10-31,rtt_median_wait_weeks,8.3,weeks,StatsWales (Welsh Government)
Wales,WAL,2011-11,2011-11-30,rtt_median_wait_weeks,8.2,weeks,StatsWales (Welsh Government)
Wales,WAL,2011-12,2011-12-31,rtt_median_wait_weeks,8.8,weeks,StatsWales (Welsh Government)
Wales,WAL,2012-01,2012-01-31,rtt_median_wait_weeks,8.7,weeks,StatsWales (Welsh Government)
Wales,WAL,2012-02,2012-02-29,rtt_median_wait_weeks,7.7,weeks,StatsWales (Welsh Government)
Wales,WAL,2012-03,2012-03-31,rtt_median_wait_weeks,8.0,weeks,StatsWales (Welsh Government)
Wales,WAL,2012-04,2012-04-30,rtt_median_wait_weeks,8.3,weeks,StatsWales (Welsh Government)
Wales,WAL,2012-05,2012-05-31,rtt_median_wait_weeks,8.6,weeks,StatsWales (Welsh Government)
Wales,WAL,2012-06,2012-06-30,rtt_median_wait_weeks,8.9,weeks,StatsWales (Welsh Government)
Wales,WAL,2012-07,2012-07-31,rtt_median_wait_weeks,8.9,weeks,StatsWales (Welsh Government)
Wales,WAL,2012-08,2012-08-31,rtt_median_wait_weeks,9.1,weeks,StatsWales (Welsh Government)
Wales,WAL,2012-09,2012-09-30,rtt_median_wait_weeks,9.4,weeks,StatsWales (Welsh Government)
Wales,WAL,2012-10,2012-10-31,rtt_median_wait_weeks,8.6,weeks,StatsWales (Welsh Government)
Wales,WAL,2012-11,2012-11-30,rtt_median_wait_weeks,8.5,weeks,StatsWales (Welsh Government)
Wales,WAL,2012-12,2012-12-31,rtt_median_wait_weeks,9.4,weeks,StatsWales (Welsh Government)
Wales,WAL,2013-01,2013-01-31,rtt_median_wait_weeks,9.5,weeks,StatsWales (Welsh Government)
Wales,WAL,2013-02,2013-02-28,rtt_median_wait_weeks,8.4,weeks,StatsWales (Welsh Government)
Wales,WAL,2013-03,2013-03-31,rtt_median_wait_weeks,8.4,weeks,StatsWales (Welsh Government)
Wales,WAL,2013-04,2013-04-30,rtt_median_wait_weeks,8.6,weeks,StatsWales (Welsh Government)
Wales,WAL,2013-05,2013-05-31,rtt_median_wait_weeks,9.1,weeks,StatsWales (Welsh Government)
Wales,WAL,2013-06,2013-06-30,rtt_median_wait_weeks,8.9,weeks,StatsWales (Welsh Government)
Wales,WAL,2013-07,2013-07-31,rtt_median_wait_weeks,8.8,weeks,StatsWales (Welsh Government)
Wales,WAL,2013-08,2013-08-31,rtt_median_wait_weeks,9.8,weeks,StatsWales (Welsh Government)
Wales,WAL,2013-09,2013-09-30,rtt_median_wait_weeks,9.8,weeks,StatsWales (Welsh Government)
Wales,WAL,2013-10,2013-10-31,rtt_median_wait_weeks,9.4,weeks,StatsWales (Welsh Government)
Wales,WAL,2013-11,2013-11-30,rtt_median_wait_weeks,9.4,weeks,StatsWales (Welsh Government)
Wales,WAL,2013-12,2013-12-31,rtt_median_wait_weeks,10.0,weeks,StatsWales (Welsh Government)
Wales,WAL,2014-01,2014-01-31,rtt_median_wait_weeks,10.1,weeks,StatsWales (Welsh Government)
Wales,WAL,2014-02,2014-02-28,rtt_median_wait_weeks,9.7,weeks,StatsWales (Welsh Government)
Wales,WAL,2014-03,2014-03-31,rtt_median_wait_weeks,8.7,weeks,StatsWales (Welsh Government)
Wales,WAL,2014-04,2014-04-30,rtt_median_wait_weeks,9.3,weeks,StatsWales (Welsh Government)
Wales,WAL,2014-05,2014-05-31,rtt_median_wait_weeks,9.9,weeks,StatsWales (Welsh Government)
Wales,WAL,2014-06,2014-06-30,rtt_median_wait_weeks,9.4,weeks,StatsWales (Welsh Government)
Wales,WAL,2014-07,2014-07-31,rtt_median_wait_weeks,9.4,weeks,StatsWales (Welsh Government)
Wales,WAL,2014-08,2014-08-31,rtt_median_wait_weeks,10.2,weeks,StatsWales (Welsh Government)
Wales,WAL,2014-09,2014-09-30,rtt_median_wait_weeks,10.3,weeks,StatsWales (Welsh Government)
Wales,WAL,2014-10,2014-10-31,rtt_median_wait_weeks,9.9,weeks,StatsWales (Welsh Government)
Wales,WAL,2014-11,2014-11-30,rtt_median_wait_weeks,9.7,weeks,StatsWales (Welsh Government)
Wales,WAL,2014-12,2014-12-31,rtt_median_wait_weeks,10.3,weeks,StatsWales (Welsh Government)
Wales,WAL,2015-01,2015-01-31,rtt_median_wait_weeks,10.8,weeks,StatsWales (Welsh Government)
Wales,WAL,2015-02,2015-02-28,rtt_median_wait_weeks,10.5,weeks,StatsWales (Welsh Government)
Wales,WAL,2015-03,2015-03-31,rtt_median_wait_weeks,9.0,weeks,StatsWales (Welsh Government)
Wales,WAL,2015-04,2015-04-30,rtt_median_wait_weeks,9.4,weeks,StatsWales (Welsh Government)
Wales,WAL,2015-05,2015-05-31,rtt_median_wait_weeks,10.1,weeks,StatsWales (Welsh Government)
Wales,WAL,2015-06,2015-06-30,rtt_median_wait_weeks,9.6,weeks,StatsWales (Welsh Government)
Wales,WAL,2015-07,2015-07-31,rtt_median_wait_weeks,10.0,weeks,StatsWales (Welsh Government)
Wales,WAL,2015-08,2015-08-31,rtt_median_wait_weeks,10.4,weeks,StatsWales (Welsh Government)
Wales,WAL,2015-09,2015-09-30,rtt_median_wait_weeks,10.6,weeks,StatsWales (Welsh Government)
Wales,WAL,2015-10,2015-10-31,rtt_median_wait_weeks,10.4,weeks,StatsWales (Welsh Government)
Wales,WAL,2015-11,2015-11-30,rtt_median_wait_weeks,9.8,weeks,StatsWales (Welsh Government)
Wales,WAL,2015-12,2015-12-31,rtt_median_wait_weeks,10.6,weeks,StatsWales (Welsh Government)
Wales,WAL,2016-01,2016-01-31,rtt_median_wait_weeks,10.7,weeks,StatsWales (Welsh Government)
Wales,WAL,2016-02,2016-02-29,rtt_median_wait_weeks,10.0,weeks,StatsWales (Welsh Government)
Wales,WAL,2016-03,2016-03-31,rtt_median_wait_weeks,9.2,weeks,StatsWales (Welsh Government)
Wales,WAL,2016-04,2016-04-30,rtt_median_wait_weeks,9.4,weeks,StatsWales (Welsh Government)
Wales,WAL,2016-05,2016-05-31,rtt_median_wait_weeks,9.4,weeks,StatsWales (Welsh Government)
Wales,WAL,2016-06,2016-06-30,rtt_median_wait_weeks,9.3,weeks,StatsWales (Welsh Government)
Wales,WAL,2016-07,2016-07-31,rtt_median_wait_weeks,9.8,weeks,StatsWales (Welsh Government)
Wales,WAL,2016-08,2016-08-31,rtt_median_wait_weeks,10.2,weeks,StatsWales (Welsh Government)
Wales,WAL,2016-09,2016-09-30,rtt_median_wait_weeks,10.1,weeks,StatsWales (Welsh Government)
Wales,WAL,2016-10,2016-10-31,rtt_median_wait_weeks,9.8,weeks,StatsWales (Welsh Government)
Wales,WAL,2016-11,2016-11-30,rtt_median_wait_weeks,9.4,weeks,StatsWales (Welsh Government)
Wales,WAL,2016-12,2016-12-31,rtt_median_wait_weeks,10.3,weeks,StatsWales (Welsh Government)
Wales,WAL,2017-01,2017-01-31,rtt_median_wait_weeks,10.2,weeks,StatsWales (Welsh Government)
Wales,WAL,2017-02,2017-02-28,rtt_median_wait_weeks,9.8,weeks,StatsWales (Welsh Government)
Wales,WAL,2017-03,2017-03-31,rtt_median_wait_weeks,8.8,weeks,StatsWales (Welsh Government)
Wales,WAL,2017-04,2017-04-30,rtt_median_wait_weeks,9.6,weeks,StatsWales (Welsh Government)
Wales,WAL,2017-05,2017-05-31,rtt_median_wait_weeks,10.0,weeks,StatsWales (Welsh Government)
Wales,WAL,2017-06,2017-06-30,rtt_median_wait_weeks,9.8,weeks,StatsWales (Welsh Government)
Wales,WAL,2017-07,2017-07-31,rtt_median_wait_weeks,10.0,weeks,StatsWales (Welsh Government)
Wales,WAL,2017-08,2017-08-31,rtt_median_wait_weeks,10.7,weeks,StatsWales (Welsh Government)
Wales,WAL,2017-09,2017-09-30,rtt_median_wait_weeks,10.9,weeks,StatsWales (Welsh Government)
Wales,WAL,2017-10,2017-10-31,rtt_median_wait_weeks,10.3,weeks,StatsWales (Welsh Government)
Wales,WAL,2017-11,2017-11-30,rtt_median_wait_weeks,9.7,weeks,StatsWales (Welsh Government)
Wales,WAL,2017-12,2017-12-31,rtt_median_wait_weeks,10.4,weeks,StatsWales (Welsh Government)
Wales,WAL,2018-01,2018-01-31,rtt_median_wait_weeks,10.3,weeks,StatsWales (Welsh Government)
Wales,WAL,2018-02,2018-02-28,rtt_median_wait_weeks,9.6,weeks,StatsWales (Welsh Government)
Wales,WAL,2018-03,2018-03-31,rtt_median_wait_weeks,9.0,weeks,StatsWales (Welsh Government)
Wales,WAL,2018-04,2018-04-30,rtt_median_wait_weeks,8.8,weeks,StatsWales (Welsh Government)
Wales,WAL,2018-05,2018-05-31,rtt_median_wait_weeks,9.0,weeks,StatsWales (Welsh Government)
Wales,WAL,2018-06,2018-06-30,rtt_median_wait_weeks,8.9,weeks,StatsWales (Welsh Government)
Wales,WAL,2018-07,2018-07-31,rtt_median_wait_weeks,8.9,weeks,StatsWales (Welsh Government)
Wales,WAL,2018-08,2018-08-31,rtt_median_wait_weeks,9.7,weeks,StatsWales (Welsh Government)
Wales,WAL,2018-09,2018-09-30,rtt_median_wait_weeks,10.0,weeks,StatsWales (Welsh Government)
Wales,WAL,2018-10,2018-10-31,rtt_median_wait_weeks,9.1,weeks,StatsWales (Welsh Government)
Wales,WAL,2018-11,2018-11-30,rtt_median_wait_weeks,9.0,weeks,StatsWales (Welsh Government)
Wales,WAL,2018-12,2018-12-31,rtt_median_wait_weeks,9.6,weeks,StatsWales (Welsh Government)
Wales,WAL,2019-01,2019-01-31,rtt_median_wait_weeks,9.7,weeks,StatsWales (Welsh Government)
Wales,WAL,2019-02,2019-02-28,rtt_median_wait_weeks,8.8,weeks,StatsWales (Welsh Government)
Wales,WAL,2019-03,2019-03-31,rtt_median_wait_weeks,8.6,weeks,StatsWales (Welsh Government)
Wales,WAL,2019-04,2019-04-30,rtt_median_wait_weeks,9.1,weeks,StatsWales (Welsh Government)
Wales,WAL,2019-05,2019-05-31,rtt_median_wait_weeks,9.5,weeks,StatsWales (Welsh Government)
Wales,WAL,2019-06,2019-06-30,rtt_median_wait_weeks,9.6,weeks,StatsWales (Welsh Government)
Wales,WAL,2019-07,2019-07-31,rtt_median_wait_weeks,9.3,weeks,StatsWales (Welsh Government)
Wales,WAL,2019-08,2019-08-31,rtt_median_wait_weeks,10.1,weeks,StatsWales (Welsh Government)
Wales,WAL,2019-09,2019-09-30,rtt_median_wait_weeks,10.2,weeks,StatsWales (Welsh Government)
Wales,WAL,2019-10,2019-10-31,rtt_median_wait_weeks,10.1,weeks,StatsWales (Welsh Government)
Wales,WAL,2019-11,2019-11-30,rtt_median_wait_weeks,10.1,weeks,StatsWales (Welsh Government)
Wales,WAL,2019-12,2019-12-31,rtt_median_wait_weeks,10.7,weeks,StatsWales (Welsh Government)
Wales,WAL,2020-01,2020-01-31,rtt_median_wait_weeks,10.9,weeks,StatsWales (Welsh Government)
Wales,WAL,2020-02,2020-02-29,rtt_median_wait_weeks,10.8,weeks,StatsWales (Welsh Government)
Wales,WAL,2020-03,2020-03-31,rtt_median_wait_weeks,11.1,weeks,StatsWales (Welsh Government)
Wales,WAL,2020-04,2020-04-30,rtt_median_wait_weeks,15.0,weeks,StatsWales (Welsh Government)
Wales,WAL,2020-05,2020-05-31,rtt_median_wait_weeks,18.2,weeks,StatsWales (Welsh Government)
Wales,WAL,2020-06,2020-06-30,rtt_median_wait_weeks,21.0,weeks,StatsWales (Welsh Government)
Wales,WAL,2020-07,2020-07-31,rtt_median_wait_weeks,24.0,weeks,StatsWales (Welsh Government)
Wales,WAL,2020-08,2020-08-31,rtt_median_wait_weeks,26.6,weeks,StatsWales (Welsh Government)
Wales,WAL,2020-09,2020-09-30,rtt_median_wait_weeks,29.0,weeks,StatsWales (Welsh Government)
Wales,WAL,2020-10,2020-10-31,rtt_median_wait_weeks,29.4,weeks,StatsWales (Welsh Government)
Wales,WAL,2020-11,2020-11-30,rtt_median_wait_weeks,24.1,weeks,StatsWales (Welsh Government)
Wales,WAL,2020-12,2020-12-31,rtt_median_wait_weeks,23.7,weeks,StatsWales (Welsh Government)
Wales,WAL,2021-01,2021-01-31,rtt_median_wait_weeks,24.6,weeks,StatsWales (Welsh Government)
Wales,WAL,2021-02,2021-02-28,rtt_median_wait_weeks,24.5,weeks,StatsWales (Welsh Government)
Wales,WAL,2021-03,2021-03-31,rtt_median_wait_weeks,24.0,weeks,StatsWales (Welsh Government)
Wales,WAL,2021-04,2021-04-30,rtt_median_wait_weeks,23.4,weeks,StatsWales (Welsh Government)
Wales,WAL,2021-05,2021-05-31,rtt_median_wait_weeks,23.7,weeks,StatsWales (Welsh Government)
Wales,WAL,2021-06,2021-06-30,rtt_median_wait_weeks,21.7,weeks,StatsWales (Welsh Government)
Wales,WAL,2021-07,2021-07-31,rtt_median_wait_weeks,21.4,weeks,StatsWales (Welsh Government)
Wales,WAL,2021-08,2021-08-31,rtt_median_wait_weeks,21.5,weeks,StatsWales (Welsh Government)
Wales,WAL,2021-09,2021-09-30,rtt_median_wait_weeks,21.8,weeks,StatsWales (Welsh Government)
Wales,WAL,2021-10,2021-10-31,rtt_median_wait_weeks,22.4,weeks,StatsWales (Welsh Government)
Wales,WAL,2021-11,2021-11-30,rtt_median_wait_weeks,22.3,weeks,StatsWales (Welsh Government)
Wales,WAL,2021-12,2021-12-31,rtt_median_wait_weeks,23.2,weeks,StatsWales (Welsh Government)
Wales,WAL,2022-01,2022-01-31,rtt_median_wait_weeks,23.6,weeks,StatsWales (Welsh Government)
Wales,WAL,2022-02,2022-02-28,rtt_median_wait_weeks,22.9,weeks,StatsWales (Welsh Government)
Wales,WAL,2022-03,2022-03-31,rtt_median_wait_weeks,22.5,weeks,StatsWales (Welsh Government)
Wales,WAL,2022-04,2022-04-30,rtt_median_wait_weeks,23.0,weeks,StatsWales (Welsh Government)
Wales,WAL,2022-05,2022-05-31,rtt_median_wait_weeks,22.6,weeks,StatsWales (Welsh Government)
Wales,WAL,2022-06,2022-06-30,rtt_median_wait_weeks,21.6,weeks,StatsWales (Welsh Government)
Wales,WAL,2022-07,2022-07-31,rtt_median_wait_weeks,21.8,weeks,StatsWales (Welsh Government)
Wales,WAL,2022-08,2022-08-31,rtt_median_wait_weeks,22.1,weeks,StatsWales (Welsh Government)
Wales,WAL,2022-09,2022-09-30,rtt_median_wait_weeks,21.8,weeks,StatsWales (Welsh Government)
Wales,WAL,2022-10,2022-10-31,rtt_median_wait_weeks,21.6,weeks,StatsWales (Welsh Government)
Wales,WAL,2022-11,2022-11-30,rtt_median_wait_weeks,21.2,weeks,StatsWales (Welsh Government)
Wales,WAL,2022-12,2022-12-31,rtt_median_wait_weeks,22.0,weeks,StatsWales (Welsh Government)
Wales,WAL,2023-01,2023-01-31,rtt_median_wait_weeks,21.4,weeks,StatsWales (Welsh Government)
Wales,WAL,2023-02,2023-02-28,rtt_median_wait_weeks,20.8,weeks,StatsWales (Welsh Government)
Wales,WAL,2023-03,2023-03-31,rtt_median_wait_weeks,20.0,weeks,StatsWales (Welsh Government)
Wales,WAL,2023-04,2023-04-30,rtt_median_wait_weeks,20.4,weeks,StatsWales (Welsh Government)
Wales,WAL,2023-05,2023-05-31,rtt_median_wait_weeks,19.1,weeks,StatsWales (Welsh Government)
Wales,WAL,2023-06,2023-06-30,rtt_median_wait_weeks,19.1,weeks,StatsWales (Welsh Government)
Wales,WAL,2023-07,2023-07-31,rtt_median_wait_weeks,19.3,weeks,StatsWales (Welsh Government)
Wales,WAL,2023-08,2023-08-31,rtt_median_wait_weeks,19.7,weeks,StatsWales (Welsh Government)
Wales,WAL,2023-09,2023-09-30,rtt_median_wait_weeks,19.9,weeks,StatsWales (Welsh Government)
Wales,WAL,2023-10,2023-10-31,rtt_median_wait_weeks,19.9,weeks,StatsWales (Welsh Government)
Wales,WAL,2023-11,2023-11-30,rtt_median_wait_weeks,20.4,weeks,StatsWales (Welsh Government)
Wales,WAL,2023-12,2023-12-31,rtt_median_wait_weeks,21.5,weeks,StatsWales (Welsh Government)
Wales,WAL,2024-01,2024-01-31,rtt_median_wait_weeks,21.4,weeks,StatsWales (Welsh Government)
Wales,WAL,2024-02,2024-02-29,rtt_median_wait_weeks,21.3,weeks,StatsWales (Welsh Government)
Wales,WAL,2024-03,2024-03-31,rtt_median_wait_weeks,21.8,weeks,StatsWales (Welsh Government)
Wales,WAL,2024-04,2024-04-30,rtt_median_wait_weeks,22.0,weeks,StatsWales (Welsh Government)
Wales,WAL,2024-05,2024-05-31,rtt_median_wait_weeks,21.5,weeks,StatsWales (Welsh Government)
Wales,WAL,2024-06,2024-06-30,rtt_median_wait_weeks,21.7,weeks,StatsWales (Welsh Government)
Wales,WAL,2024-07,2024-07-31,rtt_median_wait_weeks,21.9,weeks,StatsWales (Welsh Government)
Wales,WAL,2024-08,2024-08-31,rtt_median_wait_weeks,23.0,weeks,StatsWales (Welsh Government)
Wales,WAL,2024-09,2024-09-30,rtt_median_wait_weeks,22.7,weeks,StatsWales (Welsh Government)
Wales,WAL,2024-10,2024-10-31,rtt_median_wait_weeks,22.9,weeks,StatsWales (Welsh Government)
Wales,WAL,2024-11,2024-11-30,rtt_median_wait_weeks,23.0,weeks,StatsWales (Welsh Government)
Wales,WAL,2024-12,2024-12-31,rtt_median_wait_weeks,23.6,weeks,StatsWales (Welsh Government)
Wales,WAL,2025-01,2025-01-31,rtt_median_wait_weeks,23.5,weeks,StatsWales (Welsh Government)
Wales,WAL,2025-02,2025-02-28,rtt_median_wait_weeks,22.6,weeks,StatsWales (Welsh Government)
Wales,WAL,2025-03,2025-03-31,rtt_median_wait_weeks,22.1,weeks,StatsWales (Welsh Government)
Wales,WAL,2025-04,2025-04-30,rtt_median_wait_weeks,22.5,weeks,StatsWales (Welsh Government)
Wales,WAL,2025-05,2025-05-31,rtt_median_wait_weeks,21.9,weeks,StatsWales (Welsh Government)
Wales,WAL,2025-06,2025-06-30,rtt_median_wait_weeks,21.0,weeks,StatsWales (Welsh Government)
Wales,WAL,2025-07,2025-07-31,rtt_median_wait_weeks,21.0,weeks,StatsWales (Welsh Government)
Wales,WAL,2025-08,2025-08-31,rtt_median_wait_weeks,21.7,weeks,StatsWales (Welsh Government)
Wales,WAL,2025-09,2025-09-30,rtt_median_wait_weeks,20.5,weeks,StatsWales (Welsh Government)
Wales,WAL,2025-10,2025-10-31,rtt_median_wait_weeks,19.9,weeks,StatsWales (Welsh Government)
Wales,WAL,2025-11,2025-11-30,rtt_median_wait_weeks,19.2,weeks,StatsWales (Welsh Government)
Wales,WAL,2025-12,2025-12-31,rtt_median_wait_weeks,19.0,weeks,StatsWales (Welsh Government)
Wales,WAL,2026-01,2026-01-31,rtt_median_wait_weeks,17.8,weeks,StatsWales (Welsh Government)
Wales,WAL,2026-02,2026-02-28,rtt_median_wait_weeks,16.7,weeks,StatsWales (Welsh Government)
Wales,WAL,2026-03,2026-03-31,rtt_median_wait_weeks,15.5,weeks,StatsWales (Welsh Government)
Wales,WAL,2026-04,2026-04-30,rtt_median_wait_weeks,14.8,weeks,StatsWales (Welsh Government)
Wales,WAL,2026-05,2026-05-31,rtt_median_wait_weeks,15.7,weeks,StatsWales (Welsh Government)
England,ENG,2007-08,2007-08-31,rtt_waiting_list_per_1000,81.48861294172936,"per 1,000 people","NHS England (RTT Overview time series) / ONS/NRS/NISRA mid-year population estimates (via Nomis, NM_2002_1)"
England,ENG,2007-09,2007-09-30,rtt_waiting_list_per_1000,77.80198447705268,"per 1,000 people","NHS England (RTT Overview time series) / ONS/NRS/NISRA mid-year population estimates (via Nomis, NM_2002_1)"
England,ENG,2007-10,2007-10-31,rtt_waiting_list_per_1000,76.67841943338962,"per 1,000 people","NHS England (RTT Overview time series) / ONS/NRS/NISRA mid-year population estimates (via Nomis, NM_2002_1)"
England,ENG,2007-11,2007-11-30,rtt_waiting_list_per_1000,76.33084021782098,"per 1,000 people","NHS England (RTT Overview time series) / ONS/NRS/NISRA mid-year population estimates (via Nomis, NM_2002_1)"
England,ENG,2007-12,2007-12-31,rtt_waiting_list_per_1000,75.00494393920347,"per 1,000 people","NHS England (RTT Overview time series) / ONS/NRS/NISRA mid-year population estimates (via Nomis, NM_2002_1)"
England,ENG,2008-01,2008-01-31,rtt_waiting_list_per_1000,67.7483201907339,"per 1,000 people","NHS England (RTT Overview time series) / ONS/NRS/NISRA mid-year population estimates (via Nomis, NM_2002_1)"
England,ENG,2008-02,2008-02-29,rtt_waiting_list_per_1000,60.137444808638,"per 1,000 people","NHS England (RTT Overview time series) / ONS/NRS/NISRA mid-year population estimates (via Nomis, NM_2002_1)"
England,ENG,2008-03,2008-03-31,rtt_waiting_list_per_1000,58.99179156618342,"per 1,000 people","NHS England (RTT Overview time series) / ONS/NRS/NISRA mid-year population estimates (via Nomis, NM_2002_1)"
England,ENG,2008-04,2008-04-30,rtt_waiting_list_per_1000,56.744602853493504,"per 1,000 people","NHS England (RTT Overview time series) / ONS/NRS/NISRA mid-year population estimates (via Nomis, NM_2002_1)"
England,ENG,2008-05,2008-05-31,rtt_waiting_list_per_1000,55.4260681571719,"per 1,000 people","NHS England (RTT Overview time series) / ONS/NRS/NISRA mid-year population estimates (via Nomis, NM_2002_1)"
England,ENG,2008-06,2008-06-30,rtt_waiting_list_per_1000,52.943951342458845,"per 1,000 people","NHS England (RTT Overview time series) / ONS/NRS/NISRA mid-year population estimates (via Nomis, NM_2002_1)"
England,ENG,2008-07,2008-07-31,rtt_waiting_list_per_1000,50.98138594765582,"per 1,000 people","NHS England (RTT Overview time series) / ONS/NRS/NISRA mid-year population estimates (via Nomis, NM_2002_1)"
England,ENG,2008-08,2008-08-31,rtt_waiting_list_per_1000,51.63925411012726,"per 1,000 people","NHS England (RTT Overview time series) / ONS/NRS/NISRA mid-year population estimates (via Nomis, NM_2002_1)"
England,ENG,2008-09,2008-09-30,rtt_waiting_list_per_1000,50.82597019101471,"per 1,000 people","NHS England (RTT Overview time series) / ONS/NRS/NISRA mid-year population estimates (via Nomis, NM_2002_1)"
England,ENG,2008-10,2008-10-31,rtt_waiting_list_per_1000,47.762332504687315,"per 1,000 people","NHS England (RTT Overview time series) / ONS/NRS/NISRA mid-year population estimates (via Nomis, NM_2002_1)"
England,ENG,2008-11,2008-11-30,rtt_waiting_list_per_1000,46.95007143856147,"per 1,000 people","NHS England (RTT Overview time series) / ONS/NRS/NISRA mid-year population estimates (via Nomis, NM_2002_1)"
England,ENG,2008-12,2008-12-31,rtt_waiting_list_per_1000,45.270546834382905,"per 1,000 people","NHS England (RTT Overview time series) / ONS/NRS/NISRA mid-year population estimates (via Nomis, NM_2002_1)"
England,ENG,2009-01,2009-01-31,rtt_waiting_list_per_1000,44.12767620804975,"per 1,000 people","NHS England (RTT Overview time series) / ONS/NRS/NISRA mid-year population estimates (via Nomis, NM_2002_1)"
England,ENG,2009-02,2009-02-28,rtt_waiting_list_per_1000,44.26211081569046,"per 1,000 people","NHS England (RTT Overview time series) / ONS/NRS/NISRA mid-year population estimates (via Nomis, NM_2002_1)"
England,ENG,2009-03,2009-03-31,rtt_waiting_list_per_1000,45.22254138653789,"per 1,000 people","NHS England (RTT Overview time series) / ONS/NRS/NISRA mid-year population estimates (via Nomis, NM_2002_1)"
England,ENG,2009-04,2009-04-30,rtt_waiting_list_per_1000,46.32401621867233,"per 1,000 people","NHS England (RTT Overview time series) / ONS/NRS/NISRA mid-year population estimates (via Nomis, NM_2002_1)"
England,ENG,2009-05,2009-05-31,rtt_waiting_list_per_1000,46.84043133181973,"per 1,000 people","NHS England (RTT Overview time series) / ONS/NRS/NISRA mid-year population estimates (via Nomis, NM_2002_1)"
England,ENG,2009-06,2009-06-30,rtt_waiting_list_per_1000,47.564427886293494,"per 1,000 people","NHS England (RTT Overview time series) / ONS/NRS/NISRA mid-year population estimates (via Nomis, NM_2002_1)"
England,ENG,2009-07,2009-07-31,rtt_waiting_list_per_1000,47.54287466788166,"per 1,000 people","NHS England (RTT Overview time series) / ONS/NRS/NISRA mid-year population estimates (via Nomis, NM_2002_1)"
England,ENG,2009-08,2009-08-31,rtt_waiting_list_per_1000,47.12872718129634,"per 1,000 people","NHS England (RTT Overview time series) / ONS/NRS/NISRA mid-year population estimates (via Nomis, NM_2002_1)"
England,ENG,2009-09,2009-09-30,rtt_waiting_list_per_1000,46.52989256094211,"per 1,000 people","NHS England (RTT Overview time series) / ONS/NRS/NISRA mid-year population estimates (via Nomis, NM_2002_1)"
England,ENG,2009-10,2009-10-31,rtt_waiting_list_per_1000,45.527294315672954,"per 1,000 people","NHS England (RTT Overview time series) / ONS/NRS/NISRA mid-year population estimates (via Nomis, NM_2002_1)"
England,ENG,2009-11,2009-11-30,rtt_waiting_list_per_1000,44.78423513691495,"per 1,000 people","NHS England (RTT Overview time series) / ONS/NRS/NISRA mid-year population estimates (via Nomis, NM_2002_1)"
England,ENG,2009-12,2009-12-31,rtt_waiting_list_per_1000,45.315708765326086,"per 1,000 people","NHS England (RTT Overview time series) / ONS/NRS/NISRA mid-year population estimates (via Nomis, NM_2002_1)"
England,ENG,2010-01,2010-01-31,rtt_waiting_list_per_1000,43.97705486818889,"per 1,000 people","NHS England (RTT Overview time series) / ONS/NRS/NISRA mid-year population estimates (via Nomis, NM_2002_1)"
England,ENG,2010-02,2010-02-28,rtt_waiting_list_per_1000,44.39569038311513,"per 1,000 people","NHS England (RTT Overview time series) / ONS/NRS/NISRA mid-year population estimates (via Nomis, NM_2002_1)"
England,ENG,2010-03,2010-03-31,rtt_waiting_list_per_1000,45.98047598542712,"per 1,000 people","NHS England (RTT Overview time series) / ONS/NRS/NISRA mid-year population estimates (via Nomis, NM_2002_1)"
England,ENG,2010-04,2010-04-30,rtt_waiting_list_per_1000,47.65156075936584,"per 1,000 people","NHS England (RTT Overview time series) / ONS/NRS/NISRA mid-year population estimates (via Nomis, NM_2002_1)"
England,ENG,2010-05,2010-05-31,rtt_waiting_list_per_1000,48.89390410613852,"per 1,000 people","NHS England (RTT Overview time series) / ONS/NRS/NISRA mid-year population estimates (via Nomis, NM_2002_1)"
England,ENG,2010-06,2010-06-30,rtt_waiting_list_per_1000,48.802779931299554,"per 1,000 people","NHS England (RTT Overview time series) / ONS/NRS/NISRA mid-year population estimates (via Nomis, NM_2002_1)"
England,ENG,2010-07,2010-07-31,rtt_waiting_list_per_1000,50.465240486898296,"per 1,000 people","NHS England (RTT Overview time series) / ONS/NRS/NISRA mid-year population estimates (via Nomis, NM_2002_1)"
England,ENG,2010-08,2010-08-31,rtt_waiting_list_per_1000,50.43268121325352,"per 1,000 people","NHS England (RTT Overview time series) / ONS/NRS/NISRA mid-year population estimates (via Nomis, NM_2002_1)"
England,ENG,2010-09,2010-09-30,rtt_waiting_list_per_1000,49.218262097669765,"per 1,000 people","NHS England (RTT Overview time series) / ONS/NRS/NISRA mid-year population estimates (via Nomis, NM_2002_1)"
England,ENG,2010-10,2010-10-31,rtt_waiting_list_per_1000,48.85446825311253,"per 1,000 people","NHS England (RTT Overview time series) / ONS/NRS/NISRA mid-year population estimates (via Nomis, NM_2002_1)"
England,ENG,2010-11,2010-11-30,rtt_waiting_list_per_1000,47.99913195532761,"per 1,000 people","NHS England (RTT Overview time series) / ONS/NRS/NISRA mid-year population estimates (via Nomis, NM_2002_1)"
England,ENG,2010-12,2010-12-31,rtt_waiting_list_per_1000,45.805104215130406,"per 1,000 people","NHS England (RTT Overview time series) / ONS/NRS/NISRA mid-year population estimates (via Nomis, NM_2002_1)"
England,ENG,2011-01,2011-01-31,rtt_waiting_list_per_1000,44.618928943472774,"per 1,000 people","NHS England (RTT Overview time series) / ONS/NRS/NISRA mid-year population estimates (via Nomis, NM_2002_1)"
England,ENG,2011-02,2011-02-28,rtt_waiting_list_per_1000,45.97750258538541,"per 1,000 people","NHS England (RTT Overview time series) / ONS/NRS/NISRA mid-year population estimates (via Nomis, NM_2002_1)"
England,ENG,2011-03,2011-03-31,rtt_waiting_list_per_1000,46.23526439528343,"per 1,000 people","NHS England (RTT Overview time series) / ONS/NRS/NISRA mid-year population estimates (via Nomis, NM_2002_1)"
England,ENG,2011-04,2011-04-30,rtt_waiting_list_per_1000,46.579022127878815,"per 1,000 people","NHS England (RTT Overview time series) / ONS/NRS/NISRA mid-year population estimates (via Nomis, NM_2002_1)"
England,ENG,2011-05,2011-05-31,rtt_waiting_list_per_1000,47.90618758081418,"per 1,000 people","NHS England (RTT Overview time series) / ONS/NRS/NISRA mid-year population estimates (via Nomis, NM_2002_1)"
England,ENG,2011-06,2011-06-30,rtt_waiting_list_per_1000,48.029673733879505,"per 1,000 people","NHS England (RTT Overview time series) / ONS/NRS/NISRA mid-year population estimates (via Nomis, NM_2002_1)"
England,ENG,2011-07,2011-07-31,rtt_waiting_list_per_1000,49.18179690580005,"per 1,000 people","NHS England (RTT Overview time series) / ONS/NRS/NISRA mid-year population estimates (via Nomis, NM_2002_1)"
England,ENG,2011-08,2011-08-31,rtt_waiting_list_per_1000,49.24001880047494,"per 1,000 people","NHS England (RTT Overview time series) / ONS/NRS/NISRA mid-year population estimates (via Nomis, NM_2002_1)"
England,ENG,2011-09,2011-09-30,rtt_waiting_list_per_1000,48.90842515066092,"per 1,000 people","NHS England (RTT Overview time series) / ONS/NRS/NISRA mid-year population estimates (via Nomis, NM_2002_1)"
England,ENG,2011-10,2011-10-31,rtt_waiting_list_per_1000,48.34573275785045,"per 1,000 people","NHS England (RTT Overview time series) / ONS/NRS/NISRA mid-year population estimates (via Nomis, NM_2002_1)"
England,ENG,2011-11,2011-11-30,rtt_waiting_list_per_1000,47.08782349140094,"per 1,000 people","NHS England (RTT Overview time series) / ONS/NRS/NISRA mid-year population estimates (via Nomis, NM_2002_1)"
England,ENG,2011-12,2011-12-31,rtt_waiting_list_per_1000,44.91195906149696,"per 1,000 people","NHS England (RTT Overview time series) / ONS/NRS/NISRA mid-year population estimates (via Nomis, NM_2002_1)"
England,ENG,2012-01,2012-01-31,rtt_waiting_list_per_1000,44.08066771012259,"per 1,000 people","NHS England (RTT Overview time series) / ONS/NRS/NISRA mid-year population estimates (via Nomis, NM_2002_1)"
England,ENG,2012-02,2012-02-29,rtt_waiting_list_per_1000,44.5022215115339,"per 1,000 people","NHS England (RTT Overview time series) / ONS/NRS/NISRA mid-year population estimates (via Nomis, NM_2002_1)"
England,ENG,2012-03,2012-03-31,rtt_waiting_list_per_1000,45.1151715037704,"per 1,000 people","NHS England (RTT Overview time series) / ONS/NRS/NISRA mid-year population estimates (via Nomis, NM_2002_1)"
England,ENG,2012-04,2012-04-30,rtt_waiting_list_per_1000,46.36164830750896,"per 1,000 people","NHS England (RTT Overview time series) / ONS/NRS/NISRA mid-year population estimates (via Nomis, NM_2002_1)"
England,ENG,2012-05,2012-05-31,rtt_waiting_list_per_1000,47.78266363542646,"per 1,000 people","NHS England (RTT Overview time series) / ONS/NRS/NISRA mid-year population estimates (via Nomis, NM_2002_1)"
England,ENG,2012-06,2012-06-30,rtt_waiting_list_per_1000,49.25494346402099,"per 1,000 people","NHS England (RTT Overview time series) / ONS/NRS/NISRA mid-year population estimates (via Nomis, NM_2002_1)"
England,ENG,2012-07,2012-07-31,rtt_waiting_list_per_1000,50.12229097110102,"per 1,000 people","NHS England (RTT Overview time series) / ONS/NRS/NISRA mid-year population estimates (via Nomis, NM_2002_1)"
England,ENG,2012-08,2012-08-31,rtt_waiting_list_per_1000,49.27436155231973,"per 1,000 people","NHS England (RTT Overview time series) / ONS/NRS/NISRA mid-year population estimates (via Nomis, NM_2002_1)"
England,ENG,2012-09,2012-09-30,rtt_waiting_list_per_1000,49.359117115779576,"per 1,000 people","NHS England (RTT Overview time series) / ONS/NRS/NISRA mid-year population estimates (via Nomis, NM_2002_1)"
England,ENG,2012-10,2012-10-31,rtt_waiting_list_per_1000,49.280192585572095,"per 1,000 people","NHS England (RTT Overview time series) / ONS/NRS/NISRA mid-year population estimates (via Nomis, NM_2002_1)"
England,ENG,2012-11,2012-11-30,rtt_waiting_list_per_1000,48.41882562541756,"per 1,000 people","NHS England (RTT Overview time series) / ONS/NRS/NISRA mid-year population estimates (via Nomis, NM_2002_1)"
England,ENG,2012-12,2012-12-31,rtt_waiting_list_per_1000,47.940176290076856,"per 1,000 people","NHS England (RTT Overview time series) / ONS/NRS/NISRA mid-year population estimates (via Nomis, NM_2002_1)"
England,ENG,2013-01,2013-01-31,rtt_waiting_list_per_1000,47.06216319885837,"per 1,000 people","NHS England (RTT Overview time series) / ONS/NRS/NISRA mid-year population estimates (via Nomis, NM_2002_1)"
England,ENG,2013-02,2013-02-28,rtt_waiting_list_per_1000,47.70132936844937,"per 1,000 people","NHS England (RTT Overview time series) / ONS/NRS/NISRA mid-year population estimates (via Nomis, NM_2002_1)"
England,ENG,2013-03,2013-03-31,rtt_waiting_list_per_1000,49.35515305398948,"per 1,000 people","NHS England (RTT Overview time series) / ONS/NRS/NISRA mid-year population estimates (via Nomis, NM_2002_1)"
England,ENG,2013-04,2013-04-30,rtt_waiting_list_per_1000,50.9806192235471,"per 1,000 people","NHS England (RTT Overview time series) / ONS/NRS/NISRA mid-year population estimates (via Nomis, NM_2002_1)"
England,ENG,2013-05,2013-05-31,rtt_waiting_list_per_1000,52.808649676663116,"per 1,000 people","NHS England (RTT Overview time series) / ONS/NRS/NISRA mid-year population estimates (via Nomis, NM_2002_1)"
England,ENG,2013-06,2013-06-30,rtt_waiting_list_per_1000,53.39900160029865,"per 1,000 people","NHS England (RTT Overview time series) / ONS/NRS/NISRA mid-year population estimates (via Nomis, NM_2002_1)"
England,ENG,2013-07,2013-07-31,rtt_waiting_list_per_1000,53.90504138027399,"per 1,000 people","NHS England (RTT Overview time series) / ONS/NRS/NISRA mid-year population estimates (via Nomis, NM_2002_1)"
England,ENG,2013-08,2013-08-31,rtt_waiting_list_per_1000,54.47055961267305,"per 1,000 people","NHS England (RTT Overview time series) / ONS/NRS/NISRA mid-year population estimates (via Nomis, NM_2002_1)"
England,ENG,2013-09,2013-09-30,rtt_waiting_list_per_1000,53.84619350701536,"per 1,000 people","NHS England (RTT Overview time series) / ONS/NRS/NISRA mid-year population estimates (via Nomis, NM_2002_1)"
England,ENG,2013-10,2013-10-31,rtt_waiting_list_per_1000,54.01175763074048,"per 1,000 people","NHS England (RTT Overview time series) / ONS/NRS/NISRA mid-year population estimates (via Nomis, NM_2002_1)"
England,ENG,2013-11,2013-11-30,rtt_waiting_list_per_1000,53.397610616846265,"per 1,000 people","NHS England (RTT Overview time series) / ONS/NRS/NISRA mid-year population estimates (via Nomis, NM_2002_1)"
England,ENG,2013-12,2013-12-31,rtt_waiting_list_per_1000,53.41665781692084,"per 1,000 people","NHS England (RTT Overview time series) / ONS/NRS/NISRA mid-year population estimates (via Nomis, NM_2002_1)"
England,ENG,2014-01,2014-01-31,rtt_waiting_list_per_1000,53.435974874453095,"per 1,000 people","NHS England (RTT Overview time series) / ONS/NRS/NISRA mid-year population estimates (via Nomis, NM_2002_1)"
England,ENG,2014-02,2014-02-28,rtt_waiting_list_per_1000,53.544011761269964,"per 1,000 people","NHS England (RTT Overview time series) / ONS/NRS/NISRA mid-year population estimates (via Nomis, NM_2002_1)"
England,ENG,2014-03,2014-03-31,rtt_waiting_list_per_1000,53.54837075721406,"per 1,000 people","NHS England (RTT Overview time series) / ONS/NRS/NISRA mid-year population estimates (via Nomis, NM_2002_1)"
England,ENG,2014-04,2014-04-30,rtt_waiting_list_per_1000,55.54705316332612,"per 1,000 people","NHS England (RTT Overview time series) / ONS/NRS/NISRA mid-year population estimates (via Nomis, NM_2002_1)"
England,ENG,2014-05,2014-05-31,rtt_waiting_list_per_1000,56.959919620850485,"per 1,000 people","NHS England (RTT Overview time series) / ONS/NRS/NISRA mid-year population estimates (via Nomis, NM_2002_1)"
England,ENG,2014-06,2014-06-30,rtt_waiting_list_per_1000,57.680294279678584,"per 1,000 people","NHS England (RTT Overview time series) / ONS/NRS/NISRA mid-year population estimates (via Nomis, NM_2002_1)"
England,ENG,2014-07,2014-07-31,rtt_waiting_list_per_1000,56.469229102738936,"per 1,000 people","NHS England (RTT Overview time series) / ONS/NRS/NISRA mid-year population estimates (via Nomis, NM_2002_1)"
England,ENG,2014-08,2014-08-31,rtt_waiting_list_per_1000,56.842134768420244,"per 1,000 people","NHS England (RTT Overview time series) / ONS/NRS/NISRA mid-year population estimates (via Nomis, NM_2002_1)"
England,ENG,2014-09,2014-09-30,rtt_waiting_list_per_1000,55.01599135366485,"per 1,000 people","NHS England (RTT Overview time series) / ONS/NRS/NISRA mid-year population estimates (via Nomis, NM_2002_1)"
England,ENG,2014-10,2014-10-31,rtt_waiting_list_per_1000,55.28578929249983,"per 1,000 people","NHS England (RTT Overview time series) / ONS/NRS/NISRA mid-year population estimates (via Nomis, NM_2002_1)"
England,ENG,2014-11,2014-11-30,rtt_waiting_list_per_1000,54.99923588824262,"per 1,000 people","NHS England (RTT Overview time series) / ONS/NRS/NISRA mid-year population estimates (via Nomis, NM_2002_1)"
England,ENG,2014-12,2014-12-31,rtt_waiting_list_per_1000,53.8623656042923,"per 1,000 people","NHS England (RTT Overview time series) / ONS/NRS/NISRA mid-year population estimates (via Nomis, NM_2002_1)"
England,ENG,2015-10,2015-10-31,rtt_waiting_list_per_1000,60.71794180906687,"per 1,000 people","NHS England / ONS/NRS/NISRA mid-year population estimates (via Nomis, NM_2002_1)"
England,ENG,2015-11,2015-11-30,rtt_waiting_list_per_1000,60.574205441488864,"per 1,000 people","NHS England / ONS/NRS/NISRA mid-year population estimates (via Nomis, NM_2002_1)"
England,ENG,2015-12,2015-12-31,rtt_waiting_list_per_1000,60.38086013973408,"per 1,000 people","NHS England / ONS/NRS/NISRA mid-year population estimates (via Nomis, NM_2002_1)"
England,ENG,2016-01,2016-01-31,rtt_waiting_list_per_1000,59.7705143482883,"per 1,000 people","NHS England / ONS/NRS/NISRA mid-year population estimates (via Nomis, NM_2002_1)"
England,ENG,2016-02,2016-02-29,rtt_waiting_list_per_1000,60.778761300116045,"per 1,000 people","NHS England / ONS/NRS/NISRA mid-year population estimates (via Nomis, NM_2002_1)"
England,ENG,2016-03,2016-03-31,rtt_waiting_list_per_1000,63.64251182250716,"per 1,000 people","NHS England / ONS/NRS/NISRA mid-year population estimates (via Nomis, NM_2002_1)"
England,ENG,2016-04,2016-04-30,rtt_waiting_list_per_1000,65.44473177086074,"per 1,000 people","NHS England / ONS/NRS/NISRA mid-year population estimates (via Nomis, NM_2002_1)"
England,ENG,2016-05,2016-05-31,rtt_waiting_list_per_1000,66.44561740760382,"per 1,000 people","NHS England / ONS/NRS/NISRA mid-year population estimates (via Nomis, NM_2002_1)"
England,ENG,2016-06,2016-06-30,rtt_waiting_list_per_1000,65.90019279410814,"per 1,000 people","NHS England / ONS/NRS/NISRA mid-year population estimates (via Nomis, NM_2002_1)"
England,ENG,2016-08,2016-08-31,rtt_waiting_list_per_1000,67.03490243653017,"per 1,000 people","NHS England / ONS/NRS/NISRA mid-year population estimates (via Nomis, NM_2002_1)"
England,ENG,2016-09,2016-09-30,rtt_waiting_list_per_1000,67.2268754053471,"per 1,000 people","NHS England / ONS/NRS/NISRA mid-year population estimates (via Nomis, NM_2002_1)"
England,ENG,2016-10,2016-10-31,rtt_waiting_list_per_1000,68.25002585503664,"per 1,000 people","NHS England / ONS/NRS/NISRA mid-year population estimates (via Nomis, NM_2002_1)"
England,ENG,2016-11,2016-11-30,rtt_waiting_list_per_1000,67.63867496762559,"per 1,000 people","NHS England / ONS/NRS/NISRA mid-year population estimates (via Nomis, NM_2002_1)"
England,ENG,2016-12,2016-12-31,rtt_waiting_list_per_1000,66.38667262661887,"per 1,000 people","NHS England / ONS/NRS/NISRA mid-year population estimates (via Nomis, NM_2002_1)"
England,ENG,2017-01,2017-01-31,rtt_waiting_list_per_1000,65.28812495923196,"per 1,000 people","NHS England / ONS/NRS/NISRA mid-year population estimates (via Nomis, NM_2002_1)"
England,ENG,2017-02,2017-02-28,rtt_waiting_list_per_1000,66.16103748272101,"per 1,000 people","NHS England / ONS/NRS/NISRA mid-year population estimates (via Nomis, NM_2002_1)"
England,ENG,2017-03,2017-03-31,rtt_waiting_list_per_1000,67.45932203548293,"per 1,000 people","NHS England / ONS/NRS/NISRA mid-year population estimates (via Nomis, NM_2002_1)"
England,ENG,2017-04,2017-04-30,rtt_waiting_list_per_1000,68.288113380569,"per 1,000 people","NHS England / ONS/NRS/NISRA mid-year population estimates (via Nomis, NM_2002_1)"
England,ENG,2017-05,2017-05-31,rtt_waiting_list_per_1000,68.81587746811607,"per 1,000 people","NHS England / ONS/NRS/NISRA mid-year population estimates (via Nomis, NM_2002_1)"
England,ENG,2017-06,2017-06-30,rtt_waiting_list_per_1000,69.21636615960992,"per 1,000 people","NHS England / ONS/NRS/NISRA mid-year population estimates (via Nomis, NM_2002_1)"
England,ENG,2017-07,2017-07-31,rtt_waiting_list_per_1000,69.59554939209502,"per 1,000 people","NHS England / ONS/NRS/NISRA mid-year population estimates (via Nomis, NM_2002_1)"
England,ENG,2017-08,2017-08-31,rtt_waiting_list_per_1000,70.18250130331876,"per 1,000 people","NHS England / ONS/NRS/NISRA mid-year population estimates (via Nomis, NM_2002_1)"
England,ENG,2017-09,2017-09-30,rtt_waiting_list_per_1000,69.2305697989491,"per 1,000 people","NHS England / ONS/NRS/NISRA mid-year population estimates (via Nomis, NM_2002_1)"
England,ENG,2017-10,2017-10-31,rtt_waiting_list_per_1000,68.63960850598785,"per 1,000 people","NHS England / ONS/NRS/NISRA mid-year population estimates (via Nomis, NM_2002_1)"
England,ENG,2017-11,2017-11-30,rtt_waiting_list_per_1000,67.24331884178562,"per 1,000 people","NHS England / ONS/NRS/NISRA mid-year population estimates (via Nomis, NM_2002_1)"
England,ENG,2017-12,2017-12-31,rtt_waiting_list_per_1000,68.05150592018475,"per 1,000 people","NHS England / ONS/NRS/NISRA mid-year population estimates (via Nomis, NM_2002_1)"
England,ENG,2018-01,2018-01-31,rtt_waiting_list_per_1000,67.00954185970063,"per 1,000 people","NHS England / ONS/NRS/NISRA mid-year population estimates (via Nomis, NM_2002_1)"
England,ENG,2018-02,2018-02-28,rtt_waiting_list_per_1000,67.60099969015384,"per 1,000 people","NHS England / ONS/NRS/NISRA mid-year population estimates (via Nomis, NM_2002_1)"
England,ENG,2018-03,2018-03-31,rtt_waiting_list_per_1000,69.19128579860345,"per 1,000 people","NHS England / ONS/NRS/NISRA mid-year population estimates (via Nomis, NM_2002_1)"
England,ENG,2018-04,2018-04-30,rtt_waiting_list_per_1000,72.19056010629183,"per 1,000 people","NHS England / ONS/NRS/NISRA mid-year population estimates (via Nomis, NM_2002_1)"
England,ENG,2018-05,2018-05-31,rtt_waiting_list_per_1000,73.4579109903261,"per 1,000 people","NHS England / ONS/NRS/NISRA mid-year population estimates (via Nomis, NM_2002_1)"
England,ENG,2018-06,2018-06-30,rtt_waiting_list_per_1000,74.06832293694102,"per 1,000 people","NHS England / ONS/NRS/NISRA mid-year population estimates (via Nomis, NM_2002_1)"
England,ENG,2018-07,2018-07-31,rtt_waiting_list_per_1000,74.38246059045862,"per 1,000 people","NHS England / ONS/NRS/NISRA mid-year population estimates (via Nomis, NM_2002_1)"
England,ENG,2018-08,2018-08-31,rtt_waiting_list_per_1000,74.80753346724714,"per 1,000 people","NHS England / ONS/NRS/NISRA mid-year population estimates (via Nomis, NM_2002_1)"
England,ENG,2018-09,2018-09-30,rtt_waiting_list_per_1000,74.27889243875245,"per 1,000 people","NHS England / ONS/NRS/NISRA mid-year population estimates (via Nomis, NM_2002_1)"
England,ENG,2018-10,2018-10-31,rtt_waiting_list_per_1000,75.2490034426397,"per 1,000 people","NHS England / ONS/NRS/NISRA mid-year population estimates (via Nomis, NM_2002_1)"
England,ENG,2018-11,2018-11-30,rtt_waiting_list_per_1000,74.60545755522514,"per 1,000 people","NHS England / ONS/NRS/NISRA mid-year population estimates (via Nomis, NM_2002_1)"
England,ENG,2018-12,2018-12-31,rtt_waiting_list_per_1000,74.54450040239946,"per 1,000 people","NHS England / ONS/NRS/NISRA mid-year population estimates (via Nomis, NM_2002_1)"
England,ENG,2019-01,2019-01-31,rtt_waiting_list_per_1000,74.50865778970592,"per 1,000 people","NHS England / ONS/NRS/NISRA mid-year population estimates (via Nomis, NM_2002_1)"
England,ENG,2019-02,2019-02-28,rtt_waiting_list_per_1000,73.99357738501985,"per 1,000 people","NHS England / ONS/NRS/NISRA mid-year population estimates (via Nomis, NM_2002_1)"
England,ENG,2019-03,2019-03-31,rtt_waiting_list_per_1000,75.57015415385679,"per 1,000 people","NHS England / ONS/NRS/NISRA mid-year population estimates (via Nomis, NM_2002_1)"
England,ENG,2019-04,2019-04-30,rtt_waiting_list_per_1000,76.74641120755776,"per 1,000 people","NHS England / ONS/NRS/NISRA mid-year population estimates (via Nomis, NM_2002_1)"
England,ENG,2019-05,2019-05-31,rtt_waiting_list_per_1000,78.29078100153413,"per 1,000 people","NHS England / ONS/NRS/NISRA mid-year population estimates (via Nomis, NM_2002_1)"
England,ENG,2019-06,2019-06-30,rtt_waiting_list_per_1000,78.46013882682244,"per 1,000 people","NHS England / ONS/NRS/NISRA mid-year population estimates (via Nomis, NM_2002_1)"
England,ENG,2019-07,2019-07-31,rtt_waiting_list_per_1000,78.07045399350126,"per 1,000 people","NHS England / ONS/NRS/NISRA mid-year population estimates (via Nomis, NM_2002_1)"
England,ENG,2019-08,2019-08-31,rtt_waiting_list_per_1000,78.70274929123313,"per 1,000 people","NHS England / ONS/NRS/NISRA mid-year population estimates (via Nomis, NM_2002_1)"
England,ENG,2019-09,2019-09-30,rtt_waiting_list_per_1000,78.88057234017337,"per 1,000 people","NHS England / ONS/NRS/NISRA mid-year population estimates (via Nomis, NM_2002_1)"
England,ENG,2019-10,2019-10-31,rtt_waiting_list_per_1000,79.38877030462142,"per 1,000 people","NHS England / ONS/NRS/NISRA mid-year population estimates (via Nomis, NM_2002_1)"
England,ENG,2019-11,2019-11-30,rtt_waiting_list_per_1000,78.82304083069026,"per 1,000 people","NHS England / ONS/NRS/NISRA mid-year population estimates (via Nomis, NM_2002_1)"
England,ENG,2019-12,2019-12-31,rtt_waiting_list_per_1000,78.80107748781185,"per 1,000 people","NHS England / ONS/NRS/NISRA mid-year population estimates (via Nomis, NM_2002_1)"
England,ENG,2020-01,2020-01-31,rtt_waiting_list_per_1000,78.65053558518069,"per 1,000 people","NHS England / ONS/NRS/NISRA mid-year population estimates (via Nomis, NM_2002_1)"
England,ENG,2020-02,2020-02-29,rtt_waiting_list_per_1000,78.77973000762472,"per 1,000 people","NHS England / ONS/NRS/NISRA mid-year population estimates (via Nomis, NM_2002_1)"
England,ENG,2020-03,2020-03-31,rtt_waiting_list_per_1000,75.49671456115946,"per 1,000 people","NHS England / ONS/NRS/NISRA mid-year population estimates (via Nomis, NM_2002_1)"
England,ENG,2020-04,2020-04-30,rtt_waiting_list_per_1000,70.44884684701606,"per 1,000 people","NHS England / ONS/NRS/NISRA mid-year population estimates (via Nomis, NM_2002_1)"
England,ENG,2020-05,2020-05-31,rtt_waiting_list_per_1000,68.66473170337919,"per 1,000 people","NHS England / ONS/NRS/NISRA mid-year population estimates (via Nomis, NM_2002_1)"
England,ENG,2020-06,2020-06-30,rtt_waiting_list_per_1000,68.86398263138378,"per 1,000 people","NHS England / ONS/NRS/NISRA mid-year population estimates (via Nomis, NM_2002_1)"
England,ENG,2020-07,2020-07-31,rtt_waiting_list_per_1000,72.17082368110862,"per 1,000 people","NHS England / ONS/NRS/NISRA mid-year population estimates (via Nomis, NM_2002_1)"
England,ENG,2020-08,2020-08-31,rtt_waiting_list_per_1000,75.25034504071755,"per 1,000 people","NHS England / ONS/NRS/NISRA mid-year population estimates (via Nomis, NM_2002_1)"
England,ENG,2020-09,2020-09-30,rtt_waiting_list_per_1000,77.65660669331501,"per 1,000 people","NHS England / ONS/NRS/NISRA mid-year population estimates (via Nomis, NM_2002_1)"
England,ENG,2020-10,2020-10-31,rtt_waiting_list_per_1000,79.31388867027053,"per 1,000 people","NHS England / ONS/NRS/NISRA mid-year population estimates (via Nomis, NM_2002_1)"
England,ENG,2020-11,2020-11-30,rtt_waiting_list_per_1000,79.52835460721212,"per 1,000 people","NHS England / ONS/NRS/NISRA mid-year population estimates (via Nomis, NM_2002_1)"
England,ENG,2020-12,2020-12-31,rtt_waiting_list_per_1000,80.58799032297026,"per 1,000 people","NHS England / ONS/NRS/NISRA mid-year population estimates (via Nomis, NM_2002_1)"
England,ENG,2021-01,2021-01-31,rtt_waiting_list_per_1000,81.5335494148508,"per 1,000 people","NHS England / ONS/NRS/NISRA mid-year population estimates (via Nomis, NM_2002_1)"
England,ENG,2021-02,2021-02-28,rtt_waiting_list_per_1000,83.39027653682508,"per 1,000 people","NHS England / ONS/NRS/NISRA mid-year population estimates (via Nomis, NM_2002_1)"
England,ENG,2021-03,2021-03-31,rtt_waiting_list_per_1000,87.9203356611544,"per 1,000 people","NHS England / ONS/NRS/NISRA mid-year population estimates (via Nomis, NM_2002_1)"
England,ENG,2021-04,2021-04-30,rtt_waiting_list_per_1000,90.94679362037847,"per 1,000 people","NHS England / ONS/NRS/NISRA mid-year population estimates (via Nomis, NM_2002_1)"
England,ENG,2021-05,2021-05-31,rtt_waiting_list_per_1000,94.16377444702351,"per 1,000 people","NHS England / ONS/NRS/NISRA mid-year population estimates (via Nomis, NM_2002_1)"
England,ENG,2021-06,2021-06-30,rtt_waiting_list_per_1000,96.79429848074501,"per 1,000 people","NHS England / ONS/NRS/NISRA mid-year population estimates (via Nomis, NM_2002_1)"
England,ENG,2021-07,2021-07-31,rtt_waiting_list_per_1000,99.52465472880144,"per 1,000 people","NHS England / ONS/NRS/NISRA mid-year population estimates (via Nomis, NM_2002_1)"
England,ENG,2021-08,2021-08-31,rtt_waiting_list_per_1000,101.40047834235946,"per 1,000 people","NHS England / ONS/NRS/NISRA mid-year population estimates (via Nomis, NM_2002_1)"
England,ENG,2021-09,2021-09-30,rtt_waiting_list_per_1000,103.51774880089505,"per 1,000 people","NHS England / ONS/NRS/NISRA mid-year population estimates (via Nomis, NM_2002_1)"
England,ENG,2021-10,2021-10-31,rtt_waiting_list_per_1000,106.04453291228162,"per 1,000 people","NHS England / ONS/NRS/NISRA mid-year population estimates (via Nomis, NM_2002_1)"
England,ENG,2021-11,2021-11-30,rtt_waiting_list_per_1000,106.47533561686114,"per 1,000 people","NHS England / ONS/NRS/NISRA mid-year population estimates (via Nomis, NM_2002_1)"
England,ENG,2021-12,2021-12-31,rtt_waiting_list_per_1000,107.71220476757705,"per 1,000 people","NHS England / ONS/NRS/NISRA mid-year population estimates (via Nomis, NM_2002_1)"
England,ENG,2022-01,2022-01-31,rtt_waiting_list_per_1000,107.59348086117814,"per 1,000 people","NHS England / ONS/NRS/NISRA mid-year population estimates (via Nomis, NM_2002_1)"
England,ENG,2022-02,2022-02-28,rtt_waiting_list_per_1000,109.04949476829754,"per 1,000 people","NHS England / ONS/NRS/NISRA mid-year population estimates (via Nomis, NM_2002_1)"
England,ENG,2022-03,2022-03-31,rtt_waiting_list_per_1000,111.75524418286433,"per 1,000 people","NHS England / ONS/NRS/NISRA mid-year population estimates (via Nomis, NM_2002_1)"
England,ENG,2022-04,2022-04-30,rtt_waiting_list_per_1000,113.82003903115353,"per 1,000 people","NHS England / ONS/NRS/NISRA mid-year population estimates (via Nomis, NM_2002_1)"
England,ENG,2022-05,2022-05-31,rtt_waiting_list_per_1000,116.52328799550814,"per 1,000 people","NHS England / ONS/NRS/NISRA mid-year population estimates (via Nomis, NM_2002_1)"
England,ENG,2022-06,2022-06-30,rtt_waiting_list_per_1000,118.65611956950082,"per 1,000 people","NHS England / ONS/NRS/NISRA mid-year population estimates (via Nomis, NM_2002_1)"
England,ENG,2022-07,2022-07-31,rtt_waiting_list_per_1000,120.07015039298771,"per 1,000 people","NHS England / ONS/NRS/NISRA mid-year population estimates (via Nomis, NM_2002_1)"
England,ENG,2022-08,2022-08-31,rtt_waiting_list_per_1000,122.97298074700548,"per 1,000 people","NHS England / ONS/NRS/NISRA mid-year population estimates (via Nomis, NM_2002_1)"
England,ENG,2022-09,2022-09-30,rtt_waiting_list_per_1000,124.19031531568945,"per 1,000 people","NHS England / ONS/NRS/NISRA mid-year population estimates (via Nomis, NM_2002_1)"
England,ENG,2022-10,2022-10-31,rtt_waiting_list_per_1000,122.08790880022262,"per 1,000 people","NHS England / ONS/NRS/NISRA mid-year population estimates (via Nomis, NM_2002_1)"
England,ENG,2022-11,2022-11-30,rtt_waiting_list_per_1000,121.62899750079127,"per 1,000 people","NHS England / ONS/NRS/NISRA mid-year population estimates (via Nomis, NM_2002_1)"
England,ENG,2022-12,2022-12-31,rtt_waiting_list_per_1000,123.00436751715138,"per 1,000 people","NHS England / ONS/NRS/NISRA mid-year population estimates (via Nomis, NM_2002_1)"
England,ENG,2023-01,2023-01-31,rtt_waiting_list_per_1000,124.84978865006342,"per 1,000 people","NHS England / ONS/NRS/NISRA mid-year population estimates (via Nomis, NM_2002_1)"
England,ENG,2023-02,2023-02-28,rtt_waiting_list_per_1000,124.9325086805593,"per 1,000 people","NHS England / ONS/NRS/NISRA mid-year population estimates (via Nomis, NM_2002_1)"
England,ENG,2023-03,2023-03-31,rtt_waiting_list_per_1000,126.90720152446275,"per 1,000 people","NHS England / ONS/NRS/NISRA mid-year population estimates (via Nomis, NM_2002_1)"
England,ENG,2023-04,2023-04-30,rtt_waiting_list_per_1000,128.36596762406637,"per 1,000 people","NHS England / ONS/NRS/NISRA mid-year population estimates (via Nomis, NM_2002_1)"
England,ENG,2023-05,2023-05-31,rtt_waiting_list_per_1000,129.40601206836445,"per 1,000 people","NHS England / ONS/NRS/NISRA mid-year population estimates (via Nomis, NM_2002_1)"
England,ENG,2023-06,2023-06-30,rtt_waiting_list_per_1000,131.12545748858642,"per 1,000 people","NHS England / ONS/NRS/NISRA mid-year population estimates (via Nomis, NM_2002_1)"
England,ENG,2023-07,2023-07-31,rtt_waiting_list_per_1000,132.84426487646977,"per 1,000 people","NHS England / ONS/NRS/NISRA mid-year population estimates (via Nomis, NM_2002_1)"
England,ENG,2023-08,2023-08-31,rtt_waiting_list_per_1000,134.08006453990254,"per 1,000 people","NHS England / ONS/NRS/NISRA mid-year population estimates (via Nomis, NM_2002_1)"
England,ENG,2023-09,2023-09-30,rtt_waiting_list_per_1000,134.0475938671021,"per 1,000 people","NHS England / ONS/NRS/NISRA mid-year population estimates (via Nomis, NM_2002_1)"
England,ENG,2023-10,2023-10-31,rtt_waiting_list_per_1000,133.37160722639567,"per 1,000 people","NHS England / ONS/NRS/NISRA mid-year population estimates (via Nomis, NM_2002_1)"
England,ENG,2023-11,2023-11-30,rtt_waiting_list_per_1000,131.80803138208617,"per 1,000 people","NHS England / ONS/NRS/NISRA mid-year population estimates (via Nomis, NM_2002_1)"
England,ENG,2023-12,2023-12-31,rtt_waiting_list_per_1000,131.6980311580851,"per 1,000 people","NHS England / ONS/NRS/NISRA mid-year population estimates (via Nomis, NM_2002_1)"
England,ENG,2024-01,2024-01-31,rtt_waiting_list_per_1000,129.77436037263018,"per 1,000 people","NHS England / ONS/NRS/NISRA mid-year population estimates (via Nomis, NM_2002_1)"
England,ENG,2024-02,2024-02-29,rtt_waiting_list_per_1000,129.10439115214058,"per 1,000 people","NHS England / ONS/NRS/NISRA mid-year population estimates (via Nomis, NM_2002_1)"
England,ENG,2024-03,2024-03-31,rtt_waiting_list_per_1000,129.14353312060624,"per 1,000 people","NHS England / ONS/NRS/NISRA mid-year population estimates (via Nomis, NM_2002_1)"
England,ENG,2024-04,2024-04-30,rtt_waiting_list_per_1000,129.68472970116113,"per 1,000 people","NHS England / ONS/NRS/NISRA mid-year population estimates (via Nomis, NM_2002_1)"
England,ENG,2024-05,2024-05-31,rtt_waiting_list_per_1000,130.21852104443877,"per 1,000 people","NHS England / ONS/NRS/NISRA mid-year population estimates (via Nomis, NM_2002_1)"
England,ENG,2024-06,2024-06-30,rtt_waiting_list_per_1000,130.5635300254218,"per 1,000 people","NHS England / ONS/NRS/NISRA mid-year population estimates (via Nomis, NM_2002_1)"
England,ENG,2024-07,2024-07-31,rtt_waiting_list_per_1000,130.59376523384424,"per 1,000 people","NHS England / ONS/NRS/NISRA mid-year population estimates (via Nomis, NM_2002_1)"
England,ENG,2024-08,2024-08-31,rtt_waiting_list_per_1000,130.92316179061368,"per 1,000 people","NHS England / ONS/NRS/NISRA mid-year population estimates (via Nomis, NM_2002_1)"
England,ENG,2024-09,2024-09-30,rtt_waiting_list_per_1000,129.72868336758114,"per 1,000 people","NHS England / ONS/NRS/NISRA mid-year population estimates (via Nomis, NM_2002_1)"
England,ENG,2024-10,2024-10-31,rtt_waiting_list_per_1000,129.21258610507897,"per 1,000 people","NHS England / ONS/NRS/NISRA mid-year population estimates (via Nomis, NM_2002_1)"
England,ENG,2024-11,2024-11-30,rtt_waiting_list_per_1000,128.16076940756565,"per 1,000 people","NHS England / ONS/NRS/NISRA mid-year population estimates (via Nomis, NM_2002_1)"
England,ENG,2024-12,2024-12-31,rtt_waiting_list_per_1000,127.87344961375885,"per 1,000 people","NHS England / ONS/NRS/NISRA mid-year population estimates (via Nomis, NM_2002_1)"
England,ENG,2025-01,2025-01-31,rtt_waiting_list_per_1000,126.7686892583255,"per 1,000 people","NHS England / ONS/NRS/NISRA mid-year population estimates (via Nomis, NM_2002_1)"
England,ENG,2025-02,2025-02-28,rtt_waiting_list_per_1000,126.31827564945733,"per 1,000 people","NHS England / ONS/NRS/NISRA mid-year population estimates (via Nomis, NM_2002_1)"
England,ENG,2025-03,2025-03-31,rtt_waiting_list_per_1000,126.61670440962742,"per 1,000 people","NHS England / ONS/NRS/NISRA mid-year population estimates (via Nomis, NM_2002_1)"
England,ENG,2025-04,2025-04-30,rtt_waiting_list_per_1000,126.14050674624406,"per 1,000 people","NHS England / ONS/NRS/NISRA mid-year population estimates (via Nomis, NM_2002_1)"
England,ENG,2025-05,2025-05-31,rtt_waiting_list_per_1000,125.57662290142102,"per 1,000 people","NHS England / ONS/NRS/NISRA mid-year population estimates (via Nomis, NM_2002_1)"
England,ENG,2025-06,2025-06-30,rtt_waiting_list_per_1000,125.78054978742855,"per 1,000 people","NHS England / ONS/NRS/NISRA mid-year population estimates (via Nomis, NM_2002_1)"
England,ENG,2025-07,2025-07-31,rtt_waiting_list_per_1000,124.65895191438702,"per 1,000 people","NHS England / ONS/NRS/NISRA mid-year population estimates (via Nomis, NM_2002_1)"
England,ENG,2025-08,2025-08-31,rtt_waiting_list_per_1000,124.85030121282617,"per 1,000 people","NHS England / ONS/NRS/NISRA mid-year population estimates (via Nomis, NM_2002_1)"
England,ENG,2025-09,2025-09-30,rtt_waiting_list_per_1000,124.57886327570826,"per 1,000 people","NHS England / ONS/NRS/NISRA mid-year population estimates (via Nomis, NM_2002_1)"
England,ENG,2025-10,2025-10-31,rtt_waiting_list_per_1000,124.70637281886785,"per 1,000 people","NHS England / ONS/NRS/NISRA mid-year population estimates (via Nomis, NM_2002_1)"
England,ENG,2025-11,2025-11-30,rtt_waiting_list_per_1000,122.22882602225363,"per 1,000 people","NHS England / ONS/NRS/NISRA mid-year population estimates (via Nomis, NM_2002_1)"
England,ENG,2025-12,2025-12-31,rtt_waiting_list_per_1000,122.91838376232086,"per 1,000 people","NHS England / ONS/NRS/NISRA mid-year population estimates (via Nomis, NM_2002_1)"
Northern Ireland,NIR,2008-Q2,2008-06-30,rtt_waiting_list_per_1000,43.33019326060955,"per 1,000 people","Department of Health (NI) / ONS/NRS/NISRA mid-year population estimates (via Nomis, NM_2002_1)"
Northern Ireland,NIR,2008-Q3,2008-09-30,rtt_waiting_list_per_1000,41.54226283083177,"per 1,000 people","Department of Health (NI) / ONS/NRS/NISRA mid-year population estimates (via Nomis, NM_2002_1)"
Northern Ireland,NIR,2008-Q4,2008-12-31,rtt_waiting_list_per_1000,38.63301168196983,"per 1,000 people","Department of Health (NI) / ONS/NRS/NISRA mid-year population estimates (via Nomis, NM_2002_1)"
Northern Ireland,NIR,2009-Q1,2009-03-31,rtt_waiting_list_per_1000,38.33922645710529,"per 1,000 people","Department of Health (NI) / ONS/NRS/NISRA mid-year population estimates (via Nomis, NM_2002_1)"
Northern Ireland,NIR,2009-Q2,2009-06-30,rtt_waiting_list_per_1000,41.256699118345566,"per 1,000 people","Department of Health (NI) / ONS/NRS/NISRA mid-year population estimates (via Nomis, NM_2002_1)"
Northern Ireland,NIR,2009-Q3,2009-09-30,rtt_waiting_list_per_1000,41.10056526032811,"per 1,000 people","Department of Health (NI) / ONS/NRS/NISRA mid-year population estimates (via Nomis, NM_2002_1)"
Northern Ireland,NIR,2009-Q4,2009-12-31,rtt_waiting_list_per_1000,46.04275948750176,"per 1,000 people","Department of Health (NI) / ONS/NRS/NISRA mid-year population estimates (via Nomis, NM_2002_1)"
Northern Ireland,NIR,2010-Q1,2010-03-31,rtt_waiting_list_per_1000,47.92742597237528,"per 1,000 people","Department of Health (NI) / ONS/NRS/NISRA mid-year population estimates (via Nomis, NM_2002_1)"
Northern Ireland,NIR,2010-Q2,2010-06-30,rtt_waiting_list_per_1000,61.069362096105294,"per 1,000 people","Department of Health (NI) / ONS/NRS/NISRA mid-year population estimates (via Nomis, NM_2002_1)"
Northern Ireland,NIR,2010-Q3,2010-09-30,rtt_waiting_list_per_1000,71.38333574352862,"per 1,000 people","Department of Health (NI) / ONS/NRS/NISRA mid-year population estimates (via Nomis, NM_2002_1)"
Northern Ireland,NIR,2010-Q4,2010-12-31,rtt_waiting_list_per_1000,69.03076351108385,"per 1,000 people","Department of Health (NI) / ONS/NRS/NISRA mid-year population estimates (via Nomis, NM_2002_1)"
Northern Ireland,NIR,2011-Q1,2011-03-31,rtt_waiting_list_per_1000,58.53769846300373,"per 1,000 people","Department of Health (NI) / ONS/NRS/NISRA mid-year population estimates (via Nomis, NM_2002_1)"
Northern Ireland,NIR,2011-Q2,2011-06-30,rtt_waiting_list_per_1000,64.88057771570364,"per 1,000 people","Department of Health (NI) / ONS/NRS/NISRA mid-year population estimates (via Nomis, NM_2002_1)"
Northern Ireland,NIR,2011-Q3,2011-09-30,rtt_waiting_list_per_1000,72.08383535852039,"per 1,000 people","Department of Health (NI) / ONS/NRS/NISRA mid-year population estimates (via Nomis, NM_2002_1)"
Northern Ireland,NIR,2011-Q4,2011-12-31,rtt_waiting_list_per_1000,68.40035759993562,"per 1,000 people","Department of Health (NI) / ONS/NRS/NISRA mid-year population estimates (via Nomis, NM_2002_1)"
Northern Ireland,NIR,2012-Q1,2012-03-31,rtt_waiting_list_per_1000,56.46652997939826,"per 1,000 people","Department of Health (NI) / ONS/NRS/NISRA mid-year population estimates (via Nomis, NM_2002_1)"
Northern Ireland,NIR,2012-Q2,2012-06-30,rtt_waiting_list_per_1000,59.128478907466445,"per 1,000 people","Department of Health (NI) / ONS/NRS/NISRA mid-year population estimates (via Nomis, NM_2002_1)"
Northern Ireland,NIR,2012-Q3,2012-09-30,rtt_waiting_list_per_1000,59.107652459192494,"per 1,000 people","Department of Health (NI) / ONS/NRS/NISRA mid-year population estimates (via Nomis, NM_2002_1)"
Northern Ireland,NIR,2012-Q4,2012-12-31,rtt_waiting_list_per_1000,58.78319831766143,"per 1,000 people","Department of Health (NI) / ONS/NRS/NISRA mid-year population estimates (via Nomis, NM_2002_1)"
Northern Ireland,NIR,2013-Q1,2013-03-31,rtt_waiting_list_per_1000,54.47139424691144,"per 1,000 people","Department of Health (NI) / ONS/NRS/NISRA mid-year population estimates (via Nomis, NM_2002_1)"
Northern Ireland,NIR,2013-Q2,2013-06-30,rtt_waiting_list_per_1000,62.09828479584555,"per 1,000 people","Department of Health (NI) / ONS/NRS/NISRA mid-year population estimates (via Nomis, NM_2002_1)"
Northern Ireland,NIR,2013-Q3,2013-09-30,rtt_waiting_list_per_1000,59.76817965176175,"per 1,000 people","Department of Health (NI) / ONS/NRS/NISRA mid-year population estimates (via Nomis, NM_2002_1)"
Northern Ireland,NIR,2013-Q4,2013-12-31,rtt_waiting_list_per_1000,62.619118982222304,"per 1,000 people","Department of Health (NI) / ONS/NRS/NISRA mid-year population estimates (via Nomis, NM_2002_1)"
Northern Ireland,NIR,2014-Q1,2014-03-31,rtt_waiting_list_per_1000,68.95397425978712,"per 1,000 people","Department of Health (NI) / ONS/NRS/NISRA mid-year population estimates (via Nomis, NM_2002_1)"
Northern Ireland,NIR,2014-Q2,2014-06-30,rtt_waiting_list_per_1000,78.9757517689479,"per 1,000 people","Department of Health (NI) / ONS/NRS/NISRA mid-year population estimates (via Nomis, NM_2002_1)"
Northern Ireland,NIR,2014-Q3,2014-09-30,rtt_waiting_list_per_1000,84.39625735004498,"per 1,000 people","Department of Health (NI) / ONS/NRS/NISRA mid-year population estimates (via Nomis, NM_2002_1)"
Northern Ireland,NIR,2014-Q4,2014-12-31,rtt_waiting_list_per_1000,93.24398080280558,"per 1,000 people","Department of Health (NI) / ONS/NRS/NISRA mid-year population estimates (via Nomis, NM_2002_1)"
Northern Ireland,NIR,2015-Q1,2015-03-31,rtt_waiting_list_per_1000,103.38700434460789,"per 1,000 people","Department of Health (NI) / ONS/NRS/NISRA mid-year population estimates (via Nomis, NM_2002_1)"
Northern Ireland,NIR,2015-Q2,2015-06-30,rtt_waiting_list_per_1000,114.52750839244116,"per 1,000 people","Department of Health (NI) / ONS/NRS/NISRA mid-year population estimates (via Nomis, NM_2002_1)"
Northern Ireland,NIR,2015-Q3,2015-09-30,rtt_waiting_list_per_1000,124.32996593426321,"per 1,000 people","Department of Health (NI) / ONS/NRS/NISRA mid-year population estimates (via Nomis, NM_2002_1)"
Northern Ireland,NIR,2015-Q4,2015-12-31,rtt_waiting_list_per_1000,126.88530051866823,"per 1,000 people","Department of Health (NI) / ONS/NRS/NISRA mid-year population estimates (via Nomis, NM_2002_1)"
Northern Ireland,NIR,2016-Q1,2016-03-31,rtt_waiting_list_per_1000,115.29804795390459,"per 1,000 people","Department of Health (NI) / ONS/NRS/NISRA mid-year population estimates (via Nomis, NM_2002_1)"
Northern Ireland,NIR,2016-Q2,2016-06-30,rtt_waiting_list_per_1000,120.89384912022344,"per 1,000 people","Department of Health (NI) / ONS/NRS/NISRA mid-year population estimates (via Nomis, NM_2002_1)"
Northern Ireland,NIR,2016-Q3,2016-09-30,rtt_waiting_list_per_1000,130.2977103409248,"per 1,000 people","Department of Health (NI) / ONS/NRS/NISRA mid-year population estimates (via Nomis, NM_2002_1)"
Northern Ireland,NIR,2016-Q4,2016-12-31,rtt_waiting_list_per_1000,131.93593713324782,"per 1,000 people","Department of Health (NI) / ONS/NRS/NISRA mid-year population estimates (via Nomis, NM_2002_1)"
Northern Ireland,NIR,2017-Q1,2017-03-31,rtt_waiting_list_per_1000,134.97012016992522,"per 1,000 people","Department of Health (NI) / ONS/NRS/NISRA mid-year population estimates (via Nomis, NM_2002_1)"
Northern Ireland,NIR,2017-Q2,2017-06-30,rtt_waiting_list_per_1000,141.02714515635316,"per 1,000 people","Department of Health (NI) / ONS/NRS/NISRA mid-year population estimates (via Nomis, NM_2002_1)"
Northern Ireland,NIR,2017-Q3,2017-09-30,rtt_waiting_list_per_1000,145.40272976752075,"per 1,000 people","Department of Health (NI) / ONS/NRS/NISRA mid-year population estimates (via Nomis, NM_2002_1)"
Northern Ireland,NIR,2017-Q4,2017-12-31,rtt_waiting_list_per_1000,144.81451894166847,"per 1,000 people","Department of Health (NI) / ONS/NRS/NISRA mid-year population estimates (via Nomis, NM_2002_1)"
Northern Ireland,NIR,2018-Q1,2018-03-31,rtt_waiting_list_per_1000,143.05246522349262,"per 1,000 people","Department of Health (NI) / ONS/NRS/NISRA mid-year population estimates (via Nomis, NM_2002_1)"
Northern Ireland,NIR,2018-Q2,2018-06-30,rtt_waiting_list_per_1000,146.25987205362574,"per 1,000 people","Department of Health (NI) / ONS/NRS/NISRA mid-year population estimates (via Nomis, NM_2002_1)"
Northern Ireland,NIR,2018-Q3,2018-09-30,rtt_waiting_list_per_1000,150.29590316070062,"per 1,000 people","Department of Health (NI) / ONS/NRS/NISRA mid-year population estimates (via Nomis, NM_2002_1)"
Northern Ireland,NIR,2018-Q4,2018-12-31,rtt_waiting_list_per_1000,149.3458745591141,"per 1,000 people","Department of Health (NI) / ONS/NRS/NISRA mid-year population estimates (via Nomis, NM_2002_1)"
Northern Ireland,NIR,2019-Q1,2019-03-31,rtt_waiting_list_per_1000,152.09434301157904,"per 1,000 people","Department of Health (NI) / ONS/NRS/NISRA mid-year population estimates (via Nomis, NM_2002_1)"
Northern Ireland,NIR,2019-Q2,2019-06-30,rtt_waiting_list_per_1000,158.30813386645065,"per 1,000 people","Department of Health (NI) / ONS/NRS/NISRA mid-year population estimates (via Nomis, NM_2002_1)"
Northern Ireland,NIR,2019-Q3,2019-09-30,rtt_waiting_list_per_1000,161.9356982995693,"per 1,000 people","Department of Health (NI) / ONS/NRS/NISRA mid-year population estimates (via Nomis, NM_2002_1)"
Northern Ireland,NIR,2019-Q4,2019-12-31,rtt_waiting_list_per_1000,161.3552458521616,"per 1,000 people","Department of Health (NI) / ONS/NRS/NISRA mid-year population estimates (via Nomis, NM_2002_1)"
Northern Ireland,NIR,2020-Q1,2020-03-31,rtt_waiting_list_per_1000,162.36004510337418,"per 1,000 people","Department of Health (NI) / ONS/NRS/NISRA mid-year population estimates (via Nomis, NM_2002_1)"
Northern Ireland,NIR,2020-Q2,2020-06-30,rtt_waiting_list_per_1000,163.88067916042056,"per 1,000 people","Department of Health (NI) / ONS/NRS/NISRA mid-year population estimates (via Nomis, NM_2002_1)"
Northern Ireland,NIR,2020-Q3,2020-09-30,rtt_waiting_list_per_1000,173.23547255150294,"per 1,000 people","Department of Health (NI) / ONS/NRS/NISRA mid-year population estimates (via Nomis, NM_2002_1)"
Northern Ireland,NIR,2020-Q4,2020-12-31,rtt_waiting_list_per_1000,176.9070934684821,"per 1,000 people","Department of Health (NI) / ONS/NRS/NISRA mid-year population estimates (via Nomis, NM_2002_1)"
Northern Ireland,NIR,2021-Q1,2021-03-31,rtt_waiting_list_per_1000,182.46590820786278,"per 1,000 people","Department of Health (NI) / ONS/NRS/NISRA mid-year population estimates (via Nomis, NM_2002_1)"
Northern Ireland,NIR,2021-Q2,2021-06-30,rtt_waiting_list_per_1000,190.1605826845409,"per 1,000 people","Department of Health (NI) / ONS/NRS/NISRA mid-year population estimates (via Nomis, NM_2002_1)"
Northern Ireland,NIR,2021-Q3,2021-09-30,rtt_waiting_list_per_1000,195.4914615628564,"per 1,000 people","Department of Health (NI) / ONS/NRS/NISRA mid-year population estimates (via Nomis, NM_2002_1)"
Northern Ireland,NIR,2021-Q4,2021-12-31,rtt_waiting_list_per_1000,194.00188179551856,"per 1,000 people","Department of Health (NI) / ONS/NRS/NISRA mid-year population estimates (via Nomis, NM_2002_1)"
Northern Ireland,NIR,2022-Q1,2022-03-31,rtt_waiting_list_per_1000,195.78413048018285,"per 1,000 people","Department of Health (NI) / ONS/NRS/NISRA mid-year population estimates (via Nomis, NM_2002_1)"
Northern Ireland,NIR,2022-Q2,2022-06-30,rtt_waiting_list_per_1000,197.7223229207613,"per 1,000 people","Department of Health (NI) / ONS/NRS/NISRA mid-year population estimates (via Nomis, NM_2002_1)"
Northern Ireland,NIR,2022-Q3,2022-09-30,rtt_waiting_list_per_1000,205.32749066626607,"per 1,000 people","Department of Health (NI) / ONS/NRS/NISRA mid-year population estimates (via Nomis, NM_2002_1)"
Northern Ireland,NIR,2022-Q4,2022-12-31,rtt_waiting_list_per_1000,206.64439376658885,"per 1,000 people","Department of Health (NI) / ONS/NRS/NISRA mid-year population estimates (via Nomis, NM_2002_1)"
Northern Ireland,NIR,2023-Q1,2023-03-31,rtt_waiting_list_per_1000,208.9172883311758,"per 1,000 people","Department of Health (NI) / ONS/NRS/NISRA mid-year population estimates (via Nomis, NM_2002_1)"
Northern Ireland,NIR,2023-Q2,2023-06-30,rtt_waiting_list_per_1000,211.43397511536767,"per 1,000 people","Department of Health (NI) / ONS/NRS/NISRA mid-year population estimates (via Nomis, NM_2002_1)"
Northern Ireland,NIR,2023-Q3,2023-09-30,rtt_waiting_list_per_1000,223.31911046864633,"per 1,000 people","Department of Health (NI) / ONS/NRS/NISRA mid-year population estimates (via Nomis, NM_2002_1)"
Northern Ireland,NIR,2023-Q4,2023-12-31,rtt_waiting_list_per_1000,228.4795420911048,"per 1,000 people","Department of Health (NI) / ONS/NRS/NISRA mid-year population estimates (via Nomis, NM_2002_1)"
Northern Ireland,NIR,2024-Q1,2024-03-31,rtt_waiting_list_per_1000,239.85517583013245,"per 1,000 people","Department of Health (NI) / ONS/NRS/NISRA mid-year population estimates (via Nomis, NM_2002_1)"
Scotland,SCO,2012-10,2012-10-31,rtt_waiting_list_per_1000,46.555141102445276,"per 1,000 people","Public Health Scotland / ONS/NRS/NISRA mid-year population estimates (via Nomis, NM_2002_1)"
Scotland,SCO,2012-11,2012-11-30,rtt_waiting_list_per_1000,48.421875588711806,"per 1,000 people","Public Health Scotland / ONS/NRS/NISRA mid-year population estimates (via Nomis, NM_2002_1)"
Scotland,SCO,2012-12,2012-12-31,rtt_waiting_list_per_1000,47.98293206736747,"per 1,000 people","Public Health Scotland / ONS/NRS/NISRA mid-year population estimates (via Nomis, NM_2002_1)"
Scotland,SCO,2013-01,2013-01-31,rtt_waiting_list_per_1000,47.45072223894071,"per 1,000 people","Public Health Scotland / ONS/NRS/NISRA mid-year population estimates (via Nomis, NM_2002_1)"
Scotland,SCO,2013-02,2013-02-28,rtt_waiting_list_per_1000,48.10017303641288,"per 1,000 people","Public Health Scotland / ONS/NRS/NISRA mid-year population estimates (via Nomis, NM_2002_1)"
Scotland,SCO,2013-03,2013-03-31,rtt_waiting_list_per_1000,49.54446283478784,"per 1,000 people","Public Health Scotland / ONS/NRS/NISRA mid-year population estimates (via Nomis, NM_2002_1)"
Scotland,SCO,2013-04,2013-04-30,rtt_waiting_list_per_1000,51.50278362925068,"per 1,000 people","Public Health Scotland / ONS/NRS/NISRA mid-year population estimates (via Nomis, NM_2002_1)"
Scotland,SCO,2013-05,2013-05-31,rtt_waiting_list_per_1000,53.46016400842612,"per 1,000 people","Public Health Scotland / ONS/NRS/NISRA mid-year population estimates (via Nomis, NM_2002_1)"
Scotland,SCO,2013-06,2013-06-30,rtt_waiting_list_per_1000,54.11676196208246,"per 1,000 people","Public Health Scotland / ONS/NRS/NISRA mid-year population estimates (via Nomis, NM_2002_1)"
Scotland,SCO,2013-07,2013-07-31,rtt_waiting_list_per_1000,55.83001053265122,"per 1,000 people","Public Health Scotland / ONS/NRS/NISRA mid-year population estimates (via Nomis, NM_2002_1)"
Scotland,SCO,2013-08,2013-08-31,rtt_waiting_list_per_1000,56.05307703882034,"per 1,000 people","Public Health Scotland / ONS/NRS/NISRA mid-year population estimates (via Nomis, NM_2002_1)"
Scotland,SCO,2013-09,2013-09-30,rtt_waiting_list_per_1000,55.89076136021667,"per 1,000 people","Public Health Scotland / ONS/NRS/NISRA mid-year population estimates (via Nomis, NM_2002_1)"
Scotland,SCO,2013-10,2013-10-31,rtt_waiting_list_per_1000,56.43206439963888,"per 1,000 people","Public Health Scotland / ONS/NRS/NISRA mid-year population estimates (via Nomis, NM_2002_1)"
Scotland,SCO,2013-11,2013-11-30,rtt_waiting_list_per_1000,55.71245862172736,"per 1,000 people","Public Health Scotland / ONS/NRS/NISRA mid-year population estimates (via Nomis, NM_2002_1)"
Scotland,SCO,2013-12,2013-12-31,rtt_waiting_list_per_1000,55.077866385795964,"per 1,000 people","Public Health Scotland / ONS/NRS/NISRA mid-year population estimates (via Nomis, NM_2002_1)"
Scotland,SCO,2014-01,2014-01-31,rtt_waiting_list_per_1000,54.42360355628915,"per 1,000 people","Public Health Scotland / ONS/NRS/NISRA mid-year population estimates (via Nomis, NM_2002_1)"
Scotland,SCO,2014-02,2014-02-28,rtt_waiting_list_per_1000,54.607607757812204,"per 1,000 people","Public Health Scotland / ONS/NRS/NISRA mid-year population estimates (via Nomis, NM_2002_1)"
Scotland,SCO,2014-03,2014-03-31,rtt_waiting_list_per_1000,55.438721536557004,"per 1,000 people","Public Health Scotland / ONS/NRS/NISRA mid-year population estimates (via Nomis, NM_2002_1)"
Scotland,SCO,2014-04,2014-04-30,rtt_waiting_list_per_1000,56.60051768766178,"per 1,000 people","Public Health Scotland / ONS/NRS/NISRA mid-year population estimates (via Nomis, NM_2002_1)"
Scotland,SCO,2014-05,2014-05-31,rtt_waiting_list_per_1000,57.95850995986044,"per 1,000 people","Public Health Scotland / ONS/NRS/NISRA mid-year population estimates (via Nomis, NM_2002_1)"
Scotland,SCO,2014-06,2014-06-30,rtt_waiting_list_per_1000,58.148328769178825,"per 1,000 people","Public Health Scotland / ONS/NRS/NISRA mid-year population estimates (via Nomis, NM_2002_1)"
Scotland,SCO,2014-07,2014-07-31,rtt_waiting_list_per_1000,59.79348763926924,"per 1,000 people","Public Health Scotland / ONS/NRS/NISRA mid-year population estimates (via Nomis, NM_2002_1)"
Scotland,SCO,2014-08,2014-08-31,rtt_waiting_list_per_1000,59.146002926060696,"per 1,000 people","Public Health Scotland / ONS/NRS/NISRA mid-year population estimates (via Nomis, NM_2002_1)"
Scotland,SCO,2014-09,2014-09-30,rtt_waiting_list_per_1000,58.86240012004352,"per 1,000 people","Public Health Scotland / ONS/NRS/NISRA mid-year population estimates (via Nomis, NM_2002_1)"
Scotland,SCO,2014-10,2014-10-31,rtt_waiting_list_per_1000,60.32749371647222,"per 1,000 people","Public Health Scotland / ONS/NRS/NISRA mid-year population estimates (via Nomis, NM_2002_1)"
Scotland,SCO,2014-11,2014-11-30,rtt_waiting_list_per_1000,59.346888246989536,"per 1,000 people","Public Health Scotland / ONS/NRS/NISRA mid-year population estimates (via Nomis, NM_2002_1)"
Scotland,SCO,2014-12,2014-12-31,rtt_waiting_list_per_1000,58.52233934801365,"per 1,000 people","Public Health Scotland / ONS/NRS/NISRA mid-year population estimates (via Nomis, NM_2002_1)"
Scotland,SCO,2015-01,2015-01-31,rtt_waiting_list_per_1000,57.25675625163533,"per 1,000 people","Public Health Scotland / ONS/NRS/NISRA mid-year population estimates (via Nomis, NM_2002_1)"
Scotland,SCO,2015-02,2015-02-28,rtt_waiting_list_per_1000,57.78342615781408,"per 1,000 people","Public Health Scotland / ONS/NRS/NISRA mid-year population estimates (via Nomis, NM_2002_1)"
Scotland,SCO,2015-03,2015-03-31,rtt_waiting_list_per_1000,58.47624565469293,"per 1,000 people","Public Health Scotland / ONS/NRS/NISRA mid-year population estimates (via Nomis, NM_2002_1)"
Scotland,SCO,2015-04,2015-04-30,rtt_waiting_list_per_1000,60.2691286958472,"per 1,000 people","Public Health Scotland / ONS/NRS/NISRA mid-year population estimates (via Nomis, NM_2002_1)"
Scotland,SCO,2015-05,2015-05-31,rtt_waiting_list_per_1000,61.481889881508614,"per 1,000 people","Public Health Scotland / ONS/NRS/NISRA mid-year population estimates (via Nomis, NM_2002_1)"
Scotland,SCO,2015-06,2015-06-30,rtt_waiting_list_per_1000,62.587747168541846,"per 1,000 people","Public Health Scotland / ONS/NRS/NISRA mid-year population estimates (via Nomis, NM_2002_1)"
Scotland,SCO,2015-07,2015-07-31,rtt_waiting_list_per_1000,65.07475797106866,"per 1,000 people","Public Health Scotland / ONS/NRS/NISRA mid-year population estimates (via Nomis, NM_2002_1)"
Scotland,SCO,2015-08,2015-08-31,rtt_waiting_list_per_1000,64.63387283669121,"per 1,000 people","Public Health Scotland / ONS/NRS/NISRA mid-year population estimates (via Nomis, NM_2002_1)"
Scotland,SCO,2015-09,2015-09-30,rtt_waiting_list_per_1000,63.89694613688185,"per 1,000 people","Public Health Scotland / ONS/NRS/NISRA mid-year population estimates (via Nomis, NM_2002_1)"
Scotland,SCO,2015-10,2015-10-31,rtt_waiting_list_per_1000,64.18700706462826,"per 1,000 people","Public Health Scotland / ONS/NRS/NISRA mid-year population estimates (via Nomis, NM_2002_1)"
Scotland,SCO,2015-11,2015-11-30,rtt_waiting_list_per_1000,61.97211527679139,"per 1,000 people","Public Health Scotland / ONS/NRS/NISRA mid-year population estimates (via Nomis, NM_2002_1)"
Scotland,SCO,2015-12,2015-12-31,rtt_waiting_list_per_1000,60.82943968900685,"per 1,000 people","Public Health Scotland / ONS/NRS/NISRA mid-year population estimates (via Nomis, NM_2002_1)"
Scotland,SCO,2016-01,2016-01-31,rtt_waiting_list_per_1000,59.934680661009374,"per 1,000 people","Public Health Scotland / ONS/NRS/NISRA mid-year population estimates (via Nomis, NM_2002_1)"
Scotland,SCO,2016-02,2016-02-29,rtt_waiting_list_per_1000,60.408850677385736,"per 1,000 people","Public Health Scotland / ONS/NRS/NISRA mid-year population estimates (via Nomis, NM_2002_1)"
Scotland,SCO,2016-03,2016-03-31,rtt_waiting_list_per_1000,60.69599523596843,"per 1,000 people","Public Health Scotland / ONS/NRS/NISRA mid-year population estimates (via Nomis, NM_2002_1)"
Scotland,SCO,2016-04,2016-04-30,rtt_waiting_list_per_1000,63.68598332588954,"per 1,000 people","Public Health Scotland / ONS/NRS/NISRA mid-year population estimates (via Nomis, NM_2002_1)"
Scotland,SCO,2016-05,2016-05-31,rtt_waiting_list_per_1000,64.90899955337204,"per 1,000 people","Public Health Scotland / ONS/NRS/NISRA mid-year population estimates (via Nomis, NM_2002_1)"
Scotland,SCO,2016-06,2016-06-30,rtt_waiting_list_per_1000,66.35272443054934,"per 1,000 people","Public Health Scotland / ONS/NRS/NISRA mid-year population estimates (via Nomis, NM_2002_1)"
Scotland,SCO,2016-07,2016-07-31,rtt_waiting_list_per_1000,68.62140836683044,"per 1,000 people","Public Health Scotland / ONS/NRS/NISRA mid-year population estimates (via Nomis, NM_2002_1)"
Scotland,SCO,2016-08,2016-08-31,rtt_waiting_list_per_1000,68.51458984665773,"per 1,000 people","Public Health Scotland / ONS/NRS/NISRA mid-year population estimates (via Nomis, NM_2002_1)"
Scotland,SCO,2016-09,2016-09-30,rtt_waiting_list_per_1000,69.15364001786511,"per 1,000 people","Public Health Scotland / ONS/NRS/NISRA mid-year population estimates (via Nomis, NM_2002_1)"
Scotland,SCO,2016-10,2016-10-31,rtt_waiting_list_per_1000,69.58351942831621,"per 1,000 people","Public Health Scotland / ONS/NRS/NISRA mid-year population estimates (via Nomis, NM_2002_1)"
Scotland,SCO,2016-11,2016-11-30,rtt_waiting_list_per_1000,68.37967098407027,"per 1,000 people","Public Health Scotland / ONS/NRS/NISRA mid-year population estimates (via Nomis, NM_2002_1)"
Scotland,SCO,2016-12,2016-12-31,rtt_waiting_list_per_1000,67.66990471936876,"per 1,000 people","Public Health Scotland / ONS/NRS/NISRA mid-year population estimates (via Nomis, NM_2002_1)"
Scotland,SCO,2017-01,2017-01-31,rtt_waiting_list_per_1000,66.54559964366578,"per 1,000 people","Public Health Scotland / ONS/NRS/NISRA mid-year population estimates (via Nomis, NM_2002_1)"
Scotland,SCO,2017-02,2017-02-28,rtt_waiting_list_per_1000,66.57028321146208,"per 1,000 people","Public Health Scotland / ONS/NRS/NISRA mid-year population estimates (via Nomis, NM_2002_1)"
Scotland,SCO,2017-03,2017-03-31,rtt_waiting_list_per_1000,67.17233955680932,"per 1,000 people","Public Health Scotland / ONS/NRS/NISRA mid-year population estimates (via Nomis, NM_2002_1)"
Scotland,SCO,2019-01,2019-01-31,rtt_waiting_list_per_1000,72.21244825547014,"per 1,000 people","Public Health Scotland / ONS/NRS/NISRA mid-year population estimates (via Nomis, NM_2002_1)"
Scotland,SCO,2019-02,2019-02-28,rtt_waiting_list_per_1000,72.0344840331165,"per 1,000 people","Public Health Scotland / ONS/NRS/NISRA mid-year population estimates (via Nomis, NM_2002_1)"
Scotland,SCO,2019-03,2019-03-31,rtt_waiting_list_per_1000,71.63919278533412,"per 1,000 people","Public Health Scotland / ONS/NRS/NISRA mid-year population estimates (via Nomis, NM_2002_1)"
Scotland,SCO,2019-04,2019-04-30,rtt_waiting_list_per_1000,72.46747486694264,"per 1,000 people","Public Health Scotland / ONS/NRS/NISRA mid-year population estimates (via Nomis, NM_2002_1)"
Scotland,SCO,2019-05,2019-05-31,rtt_waiting_list_per_1000,73.70989798935541,"per 1,000 people","Public Health Scotland / ONS/NRS/NISRA mid-year population estimates (via Nomis, NM_2002_1)"
Scotland,SCO,2019-06,2019-06-30,rtt_waiting_list_per_1000,73.81246303962152,"per 1,000 people","Public Health Scotland / ONS/NRS/NISRA mid-year population estimates (via Nomis, NM_2002_1)"
Scotland,SCO,2019-07,2019-07-31,rtt_waiting_list_per_1000,75.051744529864,"per 1,000 people","Public Health Scotland / ONS/NRS/NISRA mid-year population estimates (via Nomis, NM_2002_1)"
Scotland,SCO,2019-08,2019-08-31,rtt_waiting_list_per_1000,74.93531933767002,"per 1,000 people","Public Health Scotland / ONS/NRS/NISRA mid-year population estimates (via Nomis, NM_2002_1)"
Scotland,SCO,2019-09,2019-09-30,rtt_waiting_list_per_1000,73.22072738024838,"per 1,000 people","Public Health Scotland / ONS/NRS/NISRA mid-year population estimates (via Nomis, NM_2002_1)"
Scotland,SCO,2019-10,2019-10-31,rtt_waiting_list_per_1000,71.40449438202246,"per 1,000 people","Public Health Scotland / ONS/NRS/NISRA mid-year population estimates (via Nomis, NM_2002_1)"
Scotland,SCO,2019-11,2019-11-30,rtt_waiting_list_per_1000,68.67071998817268,"per 1,000 people","Public Health Scotland / ONS/NRS/NISRA mid-year population estimates (via Nomis, NM_2002_1)"
Scotland,SCO,2019-12,2019-12-31,rtt_waiting_list_per_1000,66.81604819633354,"per 1,000 people","Public Health Scotland / ONS/NRS/NISRA mid-year population estimates (via Nomis, NM_2002_1)"
Scotland,SCO,2020-01,2020-01-31,rtt_waiting_list_per_1000,65.60169350514893,"per 1,000 people","Public Health Scotland / ONS/NRS/NISRA mid-year population estimates (via Nomis, NM_2002_1)"
Scotland,SCO,2020-02,2020-02-29,rtt_waiting_list_per_1000,64.38407069829356,"per 1,000 people","Public Health Scotland / ONS/NRS/NISRA mid-year population estimates (via Nomis, NM_2002_1)"
Scotland,SCO,2020-03,2020-03-31,rtt_waiting_list_per_1000,61.96084231544306,"per 1,000 people","Public Health Scotland / ONS/NRS/NISRA mid-year population estimates (via Nomis, NM_2002_1)"
Scotland,SCO,2020-04,2020-04-30,rtt_waiting_list_per_1000,62.712936086819866,"per 1,000 people","Public Health Scotland / ONS/NRS/NISRA mid-year population estimates (via Nomis, NM_2002_1)"
Scotland,SCO,2020-05,2020-05-31,rtt_waiting_list_per_1000,63.57022684834254,"per 1,000 people","Public Health Scotland / ONS/NRS/NISRA mid-year population estimates (via Nomis, NM_2002_1)"
Scotland,SCO,2020-06,2020-06-30,rtt_waiting_list_per_1000,64.74791547264694,"per 1,000 people","Public Health Scotland / ONS/NRS/NISRA mid-year population estimates (via Nomis, NM_2002_1)"
Scotland,SCO,2020-07,2020-07-31,rtt_waiting_list_per_1000,68.60581633973636,"per 1,000 people","Public Health Scotland / ONS/NRS/NISRA mid-year population estimates (via Nomis, NM_2002_1)"
Scotland,SCO,2020-08,2020-08-31,rtt_waiting_list_per_1000,71.92941263473163,"per 1,000 people","Public Health Scotland / ONS/NRS/NISRA mid-year population estimates (via Nomis, NM_2002_1)"
Scotland,SCO,2020-09,2020-09-30,rtt_waiting_list_per_1000,74.54953872321545,"per 1,000 people","Public Health Scotland / ONS/NRS/NISRA mid-year population estimates (via Nomis, NM_2002_1)"
Scotland,SCO,2020-10,2020-10-31,rtt_waiting_list_per_1000,77.20922923330068,"per 1,000 people","Public Health Scotland / ONS/NRS/NISRA mid-year population estimates (via Nomis, NM_2002_1)"
Scotland,SCO,2020-11,2020-11-30,rtt_waiting_list_per_1000,77.2844755865333,"per 1,000 people","Public Health Scotland / ONS/NRS/NISRA mid-year population estimates (via Nomis, NM_2002_1)"
Scotland,SCO,2020-12,2020-12-31,rtt_waiting_list_per_1000,78.3050158072806,"per 1,000 people","Public Health Scotland / ONS/NRS/NISRA mid-year population estimates (via Nomis, NM_2002_1)"
Scotland,SCO,2021-01,2021-01-31,rtt_waiting_list_per_1000,78.02102385043138,"per 1,000 people","Public Health Scotland / ONS/NRS/NISRA mid-year population estimates (via Nomis, NM_2002_1)"
Scotland,SCO,2021-02,2021-02-28,rtt_waiting_list_per_1000,79.26194830867003,"per 1,000 people","Public Health Scotland / ONS/NRS/NISRA mid-year population estimates (via Nomis, NM_2002_1)"
Scotland,SCO,2021-03,2021-03-31,rtt_waiting_list_per_1000,81.97805243030538,"per 1,000 people","Public Health Scotland / ONS/NRS/NISRA mid-year population estimates (via Nomis, NM_2002_1)"
Scotland,SCO,2021-04,2021-04-30,rtt_waiting_list_per_1000,85.66295331522844,"per 1,000 people","Public Health Scotland / ONS/NRS/NISRA mid-year population estimates (via Nomis, NM_2002_1)"
Scotland,SCO,2021-05,2021-05-31,rtt_waiting_list_per_1000,88.1473886456428,"per 1,000 people","Public Health Scotland / ONS/NRS/NISRA mid-year population estimates (via Nomis, NM_2002_1)"
Scotland,SCO,2021-06,2021-06-30,rtt_waiting_list_per_1000,90.2723124388036,"per 1,000 people","Public Health Scotland / ONS/NRS/NISRA mid-year population estimates (via Nomis, NM_2002_1)"
Scotland,SCO,2021-07,2021-07-31,rtt_waiting_list_per_1000,93.47078275970368,"per 1,000 people","Public Health Scotland / ONS/NRS/NISRA mid-year population estimates (via Nomis, NM_2002_1)"
Scotland,SCO,2021-08,2021-08-31,rtt_waiting_list_per_1000,94.71909697204825,"per 1,000 people","Public Health Scotland / ONS/NRS/NISRA mid-year population estimates (via Nomis, NM_2002_1)"
Scotland,SCO,2021-09,2021-09-30,rtt_waiting_list_per_1000,96.22826950433225,"per 1,000 people","Public Health Scotland / ONS/NRS/NISRA mid-year population estimates (via Nomis, NM_2002_1)"
Scotland,SCO,2021-10,2021-10-31,rtt_waiting_list_per_1000,98.1599512276229,"per 1,000 people","Public Health Scotland / ONS/NRS/NISRA mid-year population estimates (via Nomis, NM_2002_1)"
Scotland,SCO,2021-11,2021-11-30,rtt_waiting_list_per_1000,97.75259103253339,"per 1,000 people","Public Health Scotland / ONS/NRS/NISRA mid-year population estimates (via Nomis, NM_2002_1)"
Scotland,SCO,2021-12,2021-12-31,rtt_waiting_list_per_1000,98.13002272349388,"per 1,000 people","Public Health Scotland / ONS/NRS/NISRA mid-year population estimates (via Nomis, NM_2002_1)"
Scotland,SCO,2022-01,2022-01-31,rtt_waiting_list_per_1000,98.38461538461539,"per 1,000 people","Public Health Scotland / ONS/NRS/NISRA mid-year population estimates (via Nomis, NM_2002_1)"
Scotland,SCO,2022-02,2022-02-28,rtt_waiting_list_per_1000,99.50743528547824,"per 1,000 people","Public Health Scotland / ONS/NRS/NISRA mid-year population estimates (via Nomis, NM_2002_1)"
Scotland,SCO,2022-03,2022-03-31,rtt_waiting_list_per_1000,101.00055076188728,"per 1,000 people","Public Health Scotland / ONS/NRS/NISRA mid-year population estimates (via Nomis, NM_2002_1)"
Scotland,SCO,2022-04,2022-04-30,rtt_waiting_list_per_1000,103.71085000917935,"per 1,000 people","Public Health Scotland / ONS/NRS/NISRA mid-year population estimates (via Nomis, NM_2002_1)"
Scotland,SCO,2022-05,2022-05-31,rtt_waiting_list_per_1000,105.69249127960344,"per 1,000 people","Public Health Scotland / ONS/NRS/NISRA mid-year population estimates (via Nomis, NM_2002_1)"
Scotland,SCO,2022-06,2022-06-30,rtt_waiting_list_per_1000,107.8652469249128,"per 1,000 people","Public Health Scotland / ONS/NRS/NISRA mid-year population estimates (via Nomis, NM_2002_1)"
Scotland,SCO,2022-07,2022-07-31,rtt_waiting_list_per_1000,110.61630255186341,"per 1,000 people","Public Health Scotland / ONS/NRS/NISRA mid-year population estimates (via Nomis, NM_2002_1)"
Scotland,SCO,2022-08,2022-08-31,rtt_waiting_list_per_1000,111.97191114374886,"per 1,000 people","Public Health Scotland / ONS/NRS/NISRA mid-year population estimates (via Nomis, NM_2002_1)"
Scotland,SCO,2022-09,2022-09-30,rtt_waiting_list_per_1000,113.58821369561227,"per 1,000 people","Public Health Scotland / ONS/NRS/NISRA mid-year population estimates (via Nomis, NM_2002_1)"
Scotland,SCO,2022-10,2022-10-31,rtt_waiting_list_per_1000,114.43840646227281,"per 1,000 people","Public Health Scotland / ONS/NRS/NISRA mid-year population estimates (via Nomis, NM_2002_1)"
Scotland,SCO,2022-11,2022-11-30,rtt_waiting_list_per_1000,114.39636497154397,"per 1,000 people","Public Health Scotland / ONS/NRS/NISRA mid-year population estimates (via Nomis, NM_2002_1)"
Scotland,SCO,2022-12,2022-12-31,rtt_waiting_list_per_1000,114.18046631173124,"per 1,000 people","Public Health Scotland / ONS/NRS/NISRA mid-year population estimates (via Nomis, NM_2002_1)"
Scotland,SCO,2023-01,2023-01-31,rtt_waiting_list_per_1000,112.53492506985013,"per 1,000 people","Public Health Scotland / ONS/NRS/NISRA mid-year population estimates (via Nomis, NM_2002_1)"
Scotland,SCO,2023-02,2023-02-28,rtt_waiting_list_per_1000,112.93533872782031,"per 1,000 people","Public Health Scotland / ONS/NRS/NISRA mid-year population estimates (via Nomis, NM_2002_1)"
Scotland,SCO,2023-03,2023-03-31,rtt_waiting_list_per_1000,114.95028847200551,"per 1,000 people","Public Health Scotland / ONS/NRS/NISRA mid-year population estimates (via Nomis, NM_2002_1)"
Scotland,SCO,2023-04,2023-04-30,rtt_waiting_list_per_1000,117.48394353931566,"per 1,000 people","Public Health Scotland / ONS/NRS/NISRA mid-year population estimates (via Nomis, NM_2002_1)"
Scotland,SCO,2023-05,2023-05-31,rtt_waiting_list_per_1000,119.5678362785297,"per 1,000 people","Public Health Scotland / ONS/NRS/NISRA mid-year population estimates (via Nomis, NM_2002_1)"
Scotland,SCO,2023-06,2023-06-30,rtt_waiting_list_per_1000,122.04343408686817,"per 1,000 people","Public Health Scotland / ONS/NRS/NISRA mid-year population estimates (via Nomis, NM_2002_1)"
Scotland,SCO,2023-07,2023-07-31,rtt_waiting_list_per_1000,124.33978010813163,"per 1,000 people","Public Health Scotland / ONS/NRS/NISRA mid-year population estimates (via Nomis, NM_2002_1)"
Scotland,SCO,2023-08,2023-08-31,rtt_waiting_list_per_1000,124.87118545665662,"per 1,000 people","Public Health Scotland / ONS/NRS/NISRA mid-year population estimates (via Nomis, NM_2002_1)"
Scotland,SCO,2023-09,2023-09-30,rtt_waiting_list_per_1000,126.02725062592981,"per 1,000 people","Public Health Scotland / ONS/NRS/NISRA mid-year population estimates (via Nomis, NM_2002_1)"
Scotland,SCO,2023-10,2023-10-31,rtt_waiting_list_per_1000,126.01654631880693,"per 1,000 people","Public Health Scotland / ONS/NRS/NISRA mid-year population estimates (via Nomis, NM_2002_1)"
Scotland,SCO,2023-11,2023-11-30,rtt_waiting_list_per_1000,125.16002032004064,"per 1,000 people","Public Health Scotland / ONS/NRS/NISRA mid-year population estimates (via Nomis, NM_2002_1)"
Scotland,SCO,2023-12,2023-12-31,rtt_waiting_list_per_1000,124.92343698973113,"per 1,000 people","Public Health Scotland / ONS/NRS/NISRA mid-year population estimates (via Nomis, NM_2002_1)"
Scotland,SCO,2024-01,2024-01-31,rtt_waiting_list_per_1000,123.86268107445024,"per 1,000 people","Public Health Scotland / ONS/NRS/NISRA mid-year population estimates (via Nomis, NM_2002_1)"
Scotland,SCO,2024-02,2024-02-29,rtt_waiting_list_per_1000,124.5808453448307,"per 1,000 people","Public Health Scotland / ONS/NRS/NISRA mid-year population estimates (via Nomis, NM_2002_1)"
Scotland,SCO,2024-03,2024-03-31,rtt_waiting_list_per_1000,125.76028719354898,"per 1,000 people","Public Health Scotland / ONS/NRS/NISRA mid-year population estimates (via Nomis, NM_2002_1)"
Scotland,SCO,2024-04,2024-04-30,rtt_waiting_list_per_1000,127.64508505763713,"per 1,000 people","Public Health Scotland / ONS/NRS/NISRA mid-year population estimates (via Nomis, NM_2002_1)"
Scotland,SCO,2024-05,2024-05-31,rtt_waiting_list_per_1000,128.95297025237673,"per 1,000 people","Public Health Scotland / ONS/NRS/NISRA mid-year population estimates (via Nomis, NM_2002_1)"
Scotland,SCO,2024-06,2024-06-30,rtt_waiting_list_per_1000,129.84828531741022,"per 1,000 people","Public Health Scotland / ONS/NRS/NISRA mid-year population estimates (via Nomis, NM_2002_1)"
Scotland,SCO,2024-07,2024-07-31,rtt_waiting_list_per_1000,131.725145671351,"per 1,000 people","Public Health Scotland / ONS/NRS/NISRA mid-year population estimates (via Nomis, NM_2002_1)"
Scotland,SCO,2024-08,2024-08-31,rtt_waiting_list_per_1000,132.29718759583642,"per 1,000 people","Public Health Scotland / ONS/NRS/NISRA mid-year population estimates (via Nomis, NM_2002_1)"
Scotland,SCO,2024-09,2024-09-30,rtt_waiting_list_per_1000,131.539335774719,"per 1,000 people","Public Health Scotland / ONS/NRS/NISRA mid-year population estimates (via Nomis, NM_2002_1)"
Scotland,SCO,2024-10,2024-10-31,rtt_waiting_list_per_1000,131.60500063139284,"per 1,000 people","Public Health Scotland / ONS/NRS/NISRA mid-year population estimates (via Nomis, NM_2002_1)"
Scotland,SCO,2024-11,2024-11-30,rtt_waiting_list_per_1000,131.0605595944654,"per 1,000 people","Public Health Scotland / ONS/NRS/NISRA mid-year population estimates (via Nomis, NM_2002_1)"
Scotland,SCO,2024-12,2024-12-31,rtt_waiting_list_per_1000,130.6351812097487,"per 1,000 people","Public Health Scotland / ONS/NRS/NISRA mid-year population estimates (via Nomis, NM_2002_1)"
Scotland,SCO,2025-01,2025-01-31,rtt_waiting_list_per_1000,130.4151113515463,"per 1,000 people","Public Health Scotland / ONS/NRS/NISRA mid-year population estimates (via Nomis, NM_2002_1)"
Scotland,SCO,2025-02,2025-02-28,rtt_waiting_list_per_1000,129.95600036065278,"per 1,000 people","Public Health Scotland / ONS/NRS/NISRA mid-year population estimates (via Nomis, NM_2002_1)"
Scotland,SCO,2025-03,2025-03-31,rtt_waiting_list_per_1000,129.65918312144984,"per 1,000 people","Public Health Scotland / ONS/NRS/NISRA mid-year population estimates (via Nomis, NM_2002_1)"
Scotland,SCO,2025-04,2025-04-30,rtt_waiting_list_per_1000,130.71301054909387,"per 1,000 people","Public Health Scotland / ONS/NRS/NISRA mid-year population estimates (via Nomis, NM_2002_1)"
Scotland,SCO,2025-05,2025-05-31,rtt_waiting_list_per_1000,131.52159408529437,"per 1,000 people","Public Health Scotland / ONS/NRS/NISRA mid-year population estimates (via Nomis, NM_2002_1)"
Scotland,SCO,2025-06,2025-06-30,rtt_waiting_list_per_1000,131.27526823550625,"per 1,000 people","Public Health Scotland / ONS/NRS/NISRA mid-year population estimates (via Nomis, NM_2002_1)"
Scotland,SCO,2025-07,2025-07-31,rtt_waiting_list_per_1000,132.00847534036606,"per 1,000 people","Public Health Scotland / ONS/NRS/NISRA mid-year population estimates (via Nomis, NM_2002_1)"
Scotland,SCO,2025-08,2025-08-31,rtt_waiting_list_per_1000,131.0183031286629,"per 1,000 people","Public Health Scotland / ONS/NRS/NISRA mid-year population estimates (via Nomis, NM_2002_1)"
Scotland,SCO,2025-09,2025-09-30,rtt_waiting_list_per_1000,129.2534487422234,"per 1,000 people","Public Health Scotland / ONS/NRS/NISRA mid-year population estimates (via Nomis, NM_2002_1)"
Scotland,SCO,2025-10,2025-10-31,rtt_waiting_list_per_1000,127.71003516364621,"per 1,000 people","Public Health Scotland / ONS/NRS/NISRA mid-year population estimates (via Nomis, NM_2002_1)"
Scotland,SCO,2025-11,2025-11-30,rtt_waiting_list_per_1000,124.40988188621405,"per 1,000 people","Public Health Scotland / ONS/NRS/NISRA mid-year population estimates (via Nomis, NM_2002_1)"
Scotland,SCO,2025-12,2025-12-31,rtt_waiting_list_per_1000,122.01063925705527,"per 1,000 people","Public Health Scotland / ONS/NRS/NISRA mid-year population estimates (via Nomis, NM_2002_1)"
Wales,WAL,2011-09,2011-09-30,rtt_waiting_list_per_1000,128.09986950666467,"per 1,000 people","StatsWales (Welsh Government) / ONS/NRS/NISRA mid-year population estimates (via Nomis, NM_2002_1)"
Wales,WAL,2011-10,2011-10-31,rtt_waiting_list_per_1000,127.22839075410003,"per 1,000 people","StatsWales (Welsh Government) / ONS/NRS/NISRA mid-year population estimates (via Nomis, NM_2002_1)"
Wales,WAL,2011-11,2011-11-30,rtt_waiting_list_per_1000,126.3079525210542,"per 1,000 people","StatsWales (Welsh Government) / ONS/NRS/NISRA mid-year population estimates (via Nomis, NM_2002_1)"
Wales,WAL,2011-12,2011-12-31,rtt_waiting_list_per_1000,125.30069280928846,"per 1,000 people","StatsWales (Welsh Government) / ONS/NRS/NISRA mid-year population estimates (via Nomis, NM_2002_1)"
Wales,WAL,2012-01,2012-01-31,rtt_waiting_list_per_1000,122.34705600391803,"per 1,000 people","StatsWales (Welsh Government) / ONS/NRS/NISRA mid-year population estimates (via Nomis, NM_2002_1)"
Wales,WAL,2012-02,2012-02-29,rtt_waiting_list_per_1000,122.66194453272756,"per 1,000 people","StatsWales (Welsh Government) / ONS/NRS/NISRA mid-year population estimates (via Nomis, NM_2002_1)"
Wales,WAL,2012-03,2012-03-31,rtt_waiting_list_per_1000,127.07168647392581,"per 1,000 people","StatsWales (Welsh Government) / ONS/NRS/NISRA mid-year population estimates (via Nomis, NM_2002_1)"
Wales,WAL,2012-04,2012-04-30,rtt_waiting_list_per_1000,129.20882547555658,"per 1,000 people","StatsWales (Welsh Government) / ONS/NRS/NISRA mid-year population estimates (via Nomis, NM_2002_1)"
Wales,WAL,2012-05,2012-05-31,rtt_waiting_list_per_1000,129.75524010983,"per 1,000 people","StatsWales (Welsh Government) / ONS/NRS/NISRA mid-year population estimates (via Nomis, NM_2002_1)"
Wales,WAL,2012-06,2012-06-30,rtt_waiting_list_per_1000,131.58074692731316,"per 1,000 people","StatsWales (Welsh Government) / ONS/NRS/NISRA mid-year population estimates (via Nomis, NM_2002_1)"
Wales,WAL,2012-07,2012-07-31,rtt_waiting_list_per_1000,131.29093225240058,"per 1,000 people","StatsWales (Welsh Government) / ONS/NRS/NISRA mid-year population estimates (via Nomis, NM_2002_1)"
Wales,WAL,2012-08,2012-08-31,rtt_waiting_list_per_1000,132.43097851854554,"per 1,000 people","StatsWales (Welsh Government) / ONS/NRS/NISRA mid-year population estimates (via Nomis, NM_2002_1)"
Wales,WAL,2012-09,2012-09-30,rtt_waiting_list_per_1000,130.45633111554554,"per 1,000 people","StatsWales (Welsh Government) / ONS/NRS/NISRA mid-year population estimates (via Nomis, NM_2002_1)"
Wales,WAL,2012-10,2012-10-31,rtt_waiting_list_per_1000,130.3185877363455,"per 1,000 people","StatsWales (Welsh Government) / ONS/NRS/NISRA mid-year population estimates (via Nomis, NM_2002_1)"
Wales,WAL,2012-11,2012-11-30,rtt_waiting_list_per_1000,128.1286959511913,"per 1,000 people","StatsWales (Welsh Government) / ONS/NRS/NISRA mid-year population estimates (via Nomis, NM_2002_1)"
Wales,WAL,2012-12,2012-12-31,rtt_waiting_list_per_1000,126.67799440429734,"per 1,000 people","StatsWales (Welsh Government) / ONS/NRS/NISRA mid-year population estimates (via Nomis, NM_2002_1)"
Wales,WAL,2013-01,2013-01-31,rtt_waiting_list_per_1000,124.61177874204915,"per 1,000 people","StatsWales (Welsh Government) / ONS/NRS/NISRA mid-year population estimates (via Nomis, NM_2002_1)"
Wales,WAL,2013-02,2013-02-28,rtt_waiting_list_per_1000,125.53361089240256,"per 1,000 people","StatsWales (Welsh Government) / ONS/NRS/NISRA mid-year population estimates (via Nomis, NM_2002_1)"
Wales,WAL,2013-03,2013-03-31,rtt_waiting_list_per_1000,126.95006085850544,"per 1,000 people","StatsWales (Welsh Government) / ONS/NRS/NISRA mid-year population estimates (via Nomis, NM_2002_1)"
Wales,WAL,2013-04,2013-04-30,rtt_waiting_list_per_1000,128.97574712037348,"per 1,000 people","StatsWales (Welsh Government) / ONS/NRS/NISRA mid-year population estimates (via Nomis, NM_2002_1)"
Wales,WAL,2013-05,2013-05-31,rtt_waiting_list_per_1000,132.1157073555758,"per 1,000 people","StatsWales (Welsh Government) / ONS/NRS/NISRA mid-year population estimates (via Nomis, NM_2002_1)"
Wales,WAL,2013-06,2013-06-30,rtt_waiting_list_per_1000,133.52434242531402,"per 1,000 people","StatsWales (Welsh Government) / ONS/NRS/NISRA mid-year population estimates (via Nomis, NM_2002_1)"
Wales,WAL,2013-07,2013-07-31,rtt_waiting_list_per_1000,135.62036275446442,"per 1,000 people","StatsWales (Welsh Government) / ONS/NRS/NISRA mid-year population estimates (via Nomis, NM_2002_1)"
Wales,WAL,2013-08,2013-08-31,rtt_waiting_list_per_1000,136.2794190145546,"per 1,000 people","StatsWales (Welsh Government) / ONS/NRS/NISRA mid-year population estimates (via Nomis, NM_2002_1)"
Wales,WAL,2013-09,2013-09-30,rtt_waiting_list_per_1000,135.76331023380217,"per 1,000 people","StatsWales (Welsh Government) / ONS/NRS/NISRA mid-year population estimates (via Nomis, NM_2002_1)"
Wales,WAL,2013-10,2013-10-31,rtt_waiting_list_per_1000,135.46569293057962,"per 1,000 people","StatsWales (Welsh Government) / ONS/NRS/NISRA mid-year population estimates (via Nomis, NM_2002_1)"
Wales,WAL,2013-11,2013-11-30,rtt_waiting_list_per_1000,135.05801583688748,"per 1,000 people","StatsWales (Welsh Government) / ONS/NRS/NISRA mid-year population estimates (via Nomis, NM_2002_1)"
Wales,WAL,2013-12,2013-12-31,rtt_waiting_list_per_1000,135.3898233117056,"per 1,000 people","StatsWales (Welsh Government) / ONS/NRS/NISRA mid-year population estimates (via Nomis, NM_2002_1)"
Wales,WAL,2014-01,2014-01-31,rtt_waiting_list_per_1000,134.08602024602868,"per 1,000 people","StatsWales (Welsh Government) / ONS/NRS/NISRA mid-year population estimates (via Nomis, NM_2002_1)"
Wales,WAL,2014-02,2014-02-28,rtt_waiting_list_per_1000,134.70772870477728,"per 1,000 people","StatsWales (Welsh Government) / ONS/NRS/NISRA mid-year population estimates (via Nomis, NM_2002_1)"
Wales,WAL,2014-03,2014-03-31,rtt_waiting_list_per_1000,136.13235525677112,"per 1,000 people","StatsWales (Welsh Government) / ONS/NRS/NISRA mid-year population estimates (via Nomis, NM_2002_1)"
Wales,WAL,2014-04,2014-04-30,rtt_waiting_list_per_1000,137.94347560729628,"per 1,000 people","StatsWales (Welsh Government) / ONS/NRS/NISRA mid-year population estimates (via Nomis, NM_2002_1)"
Wales,WAL,2014-05,2014-05-31,rtt_waiting_list_per_1000,140.01909045126078,"per 1,000 people","StatsWales (Welsh Government) / ONS/NRS/NISRA mid-year population estimates (via Nomis, NM_2002_1)"
Wales,WAL,2014-06,2014-06-30,rtt_waiting_list_per_1000,141.48926341048895,"per 1,000 people","StatsWales (Welsh Government) / ONS/NRS/NISRA mid-year population estimates (via Nomis, NM_2002_1)"
Wales,WAL,2014-07,2014-07-31,rtt_waiting_list_per_1000,141.12359082669332,"per 1,000 people","StatsWales (Welsh Government) / ONS/NRS/NISRA mid-year population estimates (via Nomis, NM_2002_1)"
Wales,WAL,2014-08,2014-08-31,rtt_waiting_list_per_1000,142.70274983180363,"per 1,000 people","StatsWales (Welsh Government) / ONS/NRS/NISRA mid-year population estimates (via Nomis, NM_2002_1)"
Wales,WAL,2014-09,2014-09-30,rtt_waiting_list_per_1000,140.84250442776144,"per 1,000 people","StatsWales (Welsh Government) / ONS/NRS/NISRA mid-year population estimates (via Nomis, NM_2002_1)"
Wales,WAL,2014-10,2014-10-31,rtt_waiting_list_per_1000,140.39875228870696,"per 1,000 people","StatsWales (Welsh Government) / ONS/NRS/NISRA mid-year population estimates (via Nomis, NM_2002_1)"
Wales,WAL,2014-11,2014-11-30,rtt_waiting_list_per_1000,137.7934977949032,"per 1,000 people","StatsWales (Welsh Government) / ONS/NRS/NISRA mid-year population estimates (via Nomis, NM_2002_1)"
Wales,WAL,2014-12,2014-12-31,rtt_waiting_list_per_1000,136.81262338196387,"per 1,000 people","StatsWales (Welsh Government) / ONS/NRS/NISRA mid-year population estimates (via Nomis, NM_2002_1)"
Wales,WAL,2015-01,2015-01-31,rtt_waiting_list_per_1000,134.9525618674414,"per 1,000 people","StatsWales (Welsh Government) / ONS/NRS/NISRA mid-year population estimates (via Nomis, NM_2002_1)"
Wales,WAL,2015-02,2015-02-28,rtt_waiting_list_per_1000,135.29850729267926,"per 1,000 people","StatsWales (Welsh Government) / ONS/NRS/NISRA mid-year population estimates (via Nomis, NM_2002_1)"
Wales,WAL,2015-03,2015-03-31,rtt_waiting_list_per_1000,136.1593028239626,"per 1,000 people","StatsWales (Welsh Government) / ONS/NRS/NISRA mid-year population estimates (via Nomis, NM_2002_1)"
Wales,WAL,2015-04,2015-04-30,rtt_waiting_list_per_1000,139.58849091966482,"per 1,000 people","StatsWales (Welsh Government) / ONS/NRS/NISRA mid-year population estimates (via Nomis, NM_2002_1)"
Wales,WAL,2015-05,2015-05-31,rtt_waiting_list_per_1000,141.5740158861524,"per 1,000 people","StatsWales (Welsh Government) / ONS/NRS/NISRA mid-year population estimates (via Nomis, NM_2002_1)"
Wales,WAL,2015-06,2015-06-30,rtt_waiting_list_per_1000,143.07398057563628,"per 1,000 people","StatsWales (Welsh Government) / ONS/NRS/NISRA mid-year population estimates (via Nomis, NM_2002_1)"
Wales,WAL,2015-07,2015-07-31,rtt_waiting_list_per_1000,144.44572090242613,"per 1,000 people","StatsWales (Welsh Government) / ONS/NRS/NISRA mid-year population estimates (via Nomis, NM_2002_1)"
Wales,WAL,2015-08,2015-08-31,rtt_waiting_list_per_1000,144.670601700958,"per 1,000 people","StatsWales (Welsh Government) / ONS/NRS/NISRA mid-year population estimates (via Nomis, NM_2002_1)"
Wales,WAL,2015-09,2015-09-30,rtt_waiting_list_per_1000,144.04737922745798,"per 1,000 people","StatsWales (Welsh Government) / ONS/NRS/NISRA mid-year population estimates (via Nomis, NM_2002_1)"
Wales,WAL,2015-10,2015-10-31,rtt_waiting_list_per_1000,144.23808855877442,"per 1,000 people","StatsWales (Welsh Government) / ONS/NRS/NISRA mid-year population estimates (via Nomis, NM_2002_1)"
Wales,WAL,2015-11,2015-11-30,rtt_waiting_list_per_1000,142.81785729279318,"per 1,000 people","StatsWales (Welsh Government) / ONS/NRS/NISRA mid-year population estimates (via Nomis, NM_2002_1)"
Wales,WAL,2015-12,2015-12-31,rtt_waiting_list_per_1000,142.608272293872,"per 1,000 people","StatsWales (Welsh Government) / ONS/NRS/NISRA mid-year population estimates (via Nomis, NM_2002_1)"
Wales,WAL,2016-01,2016-01-31,rtt_waiting_list_per_1000,140.48775415032995,"per 1,000 people","StatsWales (Welsh Government) / ONS/NRS/NISRA mid-year population estimates (via Nomis, NM_2002_1)"
Wales,WAL,2016-02,2016-02-29,rtt_waiting_list_per_1000,139.14008511080817,"per 1,000 people","StatsWales (Welsh Government) / ONS/NRS/NISRA mid-year population estimates (via Nomis, NM_2002_1)"
Wales,WAL,2016-03,2016-03-31,rtt_waiting_list_per_1000,139.07931488886686,"per 1,000 people","StatsWales (Welsh Government) / ONS/NRS/NISRA mid-year population estimates (via Nomis, NM_2002_1)"
Wales,WAL,2016-04,2016-04-30,rtt_waiting_list_per_1000,141.05060989579692,"per 1,000 people","StatsWales (Welsh Government) / ONS/NRS/NISRA mid-year population estimates (via Nomis, NM_2002_1)"
Wales,WAL,2016-05,2016-05-31,rtt_waiting_list_per_1000,141.09285657415185,"per 1,000 people","StatsWales (Welsh Government) / ONS/NRS/NISRA mid-year population estimates (via Nomis, NM_2002_1)"
Wales,WAL,2016-06,2016-06-30,rtt_waiting_list_per_1000,141.34048710420143,"per 1,000 people","StatsWales (Welsh Government) / ONS/NRS/NISRA mid-year population estimates (via Nomis, NM_2002_1)"
Wales,WAL,2016-07,2016-07-31,rtt_waiting_list_per_1000,143.48954313467104,"per 1,000 people","StatsWales (Welsh Government) / ONS/NRS/NISRA mid-year population estimates (via Nomis, NM_2002_1)"
Wales,WAL,2016-08,2016-08-31,rtt_waiting_list_per_1000,143.8125677368617,"per 1,000 people","StatsWales (Welsh Government) / ONS/NRS/NISRA mid-year population estimates (via Nomis, NM_2002_1)"
Wales,WAL,2016-09,2016-09-30,rtt_waiting_list_per_1000,144.23015990367756,"per 1,000 people","StatsWales (Welsh Government) / ONS/NRS/NISRA mid-year population estimates (via Nomis, NM_2002_1)"
Wales,WAL,2016-10,2016-10-31,rtt_waiting_list_per_1000,143.43884712064514,"per 1,000 people","StatsWales (Welsh Government) / ONS/NRS/NISRA mid-year population estimates (via Nomis, NM_2002_1)"
Wales,WAL,2016-11,2016-11-30,rtt_waiting_list_per_1000,142.5688905209828,"per 1,000 people","StatsWales (Welsh Government) / ONS/NRS/NISRA mid-year population estimates (via Nomis, NM_2002_1)"
Wales,WAL,2016-12,2016-12-31,rtt_waiting_list_per_1000,141.71713249045794,"per 1,000 people","StatsWales (Welsh Government) / ONS/NRS/NISRA mid-year population estimates (via Nomis, NM_2002_1)"
Wales,WAL,2017-01,2017-01-31,rtt_waiting_list_per_1000,139.3820143403932,"per 1,000 people","StatsWales (Welsh Government) / ONS/NRS/NISRA mid-year population estimates (via Nomis, NM_2002_1)"
Wales,WAL,2017-02,2017-02-28,rtt_waiting_list_per_1000,139.7565235677943,"per 1,000 people","StatsWales (Welsh Government) / ONS/NRS/NISRA mid-year population estimates (via Nomis, NM_2002_1)"
Wales,WAL,2017-03,2017-03-31,rtt_waiting_list_per_1000,141.0205733431212,"per 1,000 people","StatsWales (Welsh Government) / ONS/NRS/NISRA mid-year population estimates (via Nomis, NM_2002_1)"
Wales,WAL,2017-04,2017-04-30,rtt_waiting_list_per_1000,143.38640719732743,"per 1,000 people","StatsWales (Welsh Government) / ONS/NRS/NISRA mid-year population estimates (via Nomis, NM_2002_1)"
Wales,WAL,2017-05,2017-05-31,rtt_waiting_list_per_1000,145.44718154221212,"per 1,000 people","StatsWales (Welsh Government) / ONS/NRS/NISRA mid-year population estimates (via Nomis, NM_2002_1)"
Wales,WAL,2017-06,2017-06-30,rtt_waiting_list_per_1000,146.48600653086973,"per 1,000 people","StatsWales (Welsh Government) / ONS/NRS/NISRA mid-year population estimates (via Nomis, NM_2002_1)"
Wales,WAL,2017-07,2017-07-31,rtt_waiting_list_per_1000,146.84883262812662,"per 1,000 people","StatsWales (Welsh Government) / ONS/NRS/NISRA mid-year population estimates (via Nomis, NM_2002_1)"
Wales,WAL,2017-08,2017-08-31,rtt_waiting_list_per_1000,147.33919956279132,"per 1,000 people","StatsWales (Welsh Government) / ONS/NRS/NISRA mid-year population estimates (via Nomis, NM_2002_1)"
Wales,WAL,2017-09,2017-09-30,rtt_waiting_list_per_1000,146.60348689509783,"per 1,000 people","StatsWales (Welsh Government) / ONS/NRS/NISRA mid-year population estimates (via Nomis, NM_2002_1)"
Wales,WAL,2017-10,2017-10-31,rtt_waiting_list_per_1000,145.679870550918,"per 1,000 people","StatsWales (Welsh Government) / ONS/NRS/NISRA mid-year population estimates (via Nomis, NM_2002_1)"
Wales,WAL,2017-11,2017-11-30,rtt_waiting_list_per_1000,143.25399838902618,"per 1,000 people","StatsWales (Welsh Government) / ONS/NRS/NISRA mid-year population estimates (via Nomis, NM_2002_1)"
Wales,WAL,2017-12,2017-12-31,rtt_waiting_list_per_1000,141.19711842085619,"per 1,000 people","StatsWales (Welsh Government) / ONS/NRS/NISRA mid-year population estimates (via Nomis, NM_2002_1)"
Wales,WAL,2018-01,2018-01-31,rtt_waiting_list_per_1000,136.42633859084776,"per 1,000 people","StatsWales (Welsh Government) / ONS/NRS/NISRA mid-year population estimates (via Nomis, NM_2002_1)"
Wales,WAL,2018-02,2018-02-28,rtt_waiting_list_per_1000,136.02748521324062,"per 1,000 people","StatsWales (Welsh Government) / ONS/NRS/NISRA mid-year population estimates (via Nomis, NM_2002_1)"
Wales,WAL,2018-03,2018-03-31,rtt_waiting_list_per_1000,136.63030507419322,"per 1,000 people","StatsWales (Welsh Government) / ONS/NRS/NISRA mid-year population estimates (via Nomis, NM_2002_1)"
Wales,WAL,2018-04,2018-04-30,rtt_waiting_list_per_1000,140.04358202760196,"per 1,000 people","StatsWales (Welsh Government) / ONS/NRS/NISRA mid-year population estimates (via Nomis, NM_2002_1)"
Wales,WAL,2018-05,2018-05-31,rtt_waiting_list_per_1000,141.53717443187713,"per 1,000 people","StatsWales (Welsh Government) / ONS/NRS/NISRA mid-year population estimates (via Nomis, NM_2002_1)"
Wales,WAL,2018-06,2018-06-30,rtt_waiting_list_per_1000,142.14777679775864,"per 1,000 people","StatsWales (Welsh Government) / ONS/NRS/NISRA mid-year population estimates (via Nomis, NM_2002_1)"
Wales,WAL,2018-07,2018-07-31,rtt_waiting_list_per_1000,143.81161149735394,"per 1,000 people","StatsWales (Welsh Government) / ONS/NRS/NISRA mid-year population estimates (via Nomis, NM_2002_1)"
Wales,WAL,2018-08,2018-08-31,rtt_waiting_list_per_1000,145.61682836982465,"per 1,000 people","StatsWales (Welsh Government) / ONS/NRS/NISRA mid-year population estimates (via Nomis, NM_2002_1)"
Wales,WAL,2018-09,2018-09-30,rtt_waiting_list_per_1000,143.90791999584934,"per 1,000 people","StatsWales (Welsh Government) / ONS/NRS/NISRA mid-year population estimates (via Nomis, NM_2002_1)"
Wales,WAL,2018-10,2018-10-31,rtt_waiting_list_per_1000,143.14782868112482,"per 1,000 people","StatsWales (Welsh Government) / ONS/NRS/NISRA mid-year population estimates (via Nomis, NM_2002_1)"
Wales,WAL,2018-11,2018-11-30,rtt_waiting_list_per_1000,141.32866815398984,"per 1,000 people","StatsWales (Welsh Government) / ONS/NRS/NISRA mid-year population estimates (via Nomis, NM_2002_1)"
Wales,WAL,2018-12,2018-12-31,rtt_waiting_list_per_1000,141.87571339628516,"per 1,000 people","StatsWales (Welsh Government) / ONS/NRS/NISRA mid-year population estimates (via Nomis, NM_2002_1)"
Wales,WAL,2019-01,2019-01-31,rtt_waiting_list_per_1000,139.92211759310717,"per 1,000 people","StatsWales (Welsh Government) / ONS/NRS/NISRA mid-year population estimates (via Nomis, NM_2002_1)"
Wales,WAL,2019-02,2019-02-28,rtt_waiting_list_per_1000,141.61915606665346,"per 1,000 people","StatsWales (Welsh Government) / ONS/NRS/NISRA mid-year population estimates (via Nomis, NM_2002_1)"
Wales,WAL,2019-03,2019-03-31,rtt_waiting_list_per_1000,143.10892266556812,"per 1,000 people","StatsWales (Welsh Government) / ONS/NRS/NISRA mid-year population estimates (via Nomis, NM_2002_1)"
Wales,WAL,2019-04,2019-04-30,rtt_waiting_list_per_1000,144.9257901916358,"per 1,000 people","StatsWales (Welsh Government) / ONS/NRS/NISRA mid-year population estimates (via Nomis, NM_2002_1)"
Wales,WAL,2019-05,2019-05-31,rtt_waiting_list_per_1000,147.39103005053548,"per 1,000 people","StatsWales (Welsh Government) / ONS/NRS/NISRA mid-year population estimates (via Nomis, NM_2002_1)"
Wales,WAL,2019-06,2019-06-30,rtt_waiting_list_per_1000,148.2855377344925,"per 1,000 people","StatsWales (Welsh Government) / ONS/NRS/NISRA mid-year population estimates (via Nomis, NM_2002_1)"
Wales,WAL,2019-07,2019-07-31,rtt_waiting_list_per_1000,149.65579914318988,"per 1,000 people","StatsWales (Welsh Government) / ONS/NRS/NISRA mid-year population estimates (via Nomis, NM_2002_1)"
Wales,WAL,2019-08,2019-08-31,rtt_waiting_list_per_1000,151.8625968834083,"per 1,000 people","StatsWales (Welsh Government) / ONS/NRS/NISRA mid-year population estimates (via Nomis, NM_2002_1)"
Wales,WAL,2019-09,2019-09-30,rtt_waiting_list_per_1000,151.70519980360987,"per 1,000 people","StatsWales (Welsh Government) / ONS/NRS/NISRA mid-year population estimates (via Nomis, NM_2002_1)"
Wales,WAL,2019-10,2019-10-31,rtt_waiting_list_per_1000,151.81077891475036,"per 1,000 people","StatsWales (Welsh Government) / ONS/NRS/NISRA mid-year population estimates (via Nomis, NM_2002_1)"
Wales,WAL,2019-11,2019-11-30,rtt_waiting_list_per_1000,150.4952502354479,"per 1,000 people","StatsWales (Welsh Government) / ONS/NRS/NISRA mid-year population estimates (via Nomis, NM_2002_1)"
Wales,WAL,2019-12,2019-12-31,rtt_waiting_list_per_1000,150.2636886880079,"per 1,000 people","StatsWales (Welsh Government) / ONS/NRS/NISRA mid-year population estimates (via Nomis, NM_2002_1)"
Wales,WAL,2020-01,2020-01-31,rtt_waiting_list_per_1000,149.41908201784324,"per 1,000 people","StatsWales (Welsh Government) / ONS/NRS/NISRA mid-year population estimates (via Nomis, NM_2002_1)"
Wales,WAL,2020-02,2020-02-29,rtt_waiting_list_per_1000,149.26865439430657,"per 1,000 people","StatsWales (Welsh Government) / ONS/NRS/NISRA mid-year population estimates (via Nomis, NM_2002_1)"
Wales,WAL,2020-03,2020-03-31,rtt_waiting_list_per_1000,147.57819578976597,"per 1,000 people","StatsWales (Welsh Government) / ONS/NRS/NISRA mid-year population estimates (via Nomis, NM_2002_1)"
Wales,WAL,2020-04,2020-04-30,rtt_waiting_list_per_1000,142.66626681479656,"per 1,000 people","StatsWales (Welsh Government) / ONS/NRS/NISRA mid-year population estimates (via Nomis, NM_2002_1)"
Wales,WAL,2020-05,2020-05-31,rtt_waiting_list_per_1000,146.22305871863367,"per 1,000 people","StatsWales (Welsh Government) / ONS/NRS/NISRA mid-year population estimates (via Nomis, NM_2002_1)"
Wales,WAL,2020-06,2020-06-30,rtt_waiting_list_per_1000,149.02996730856634,"per 1,000 people","StatsWales (Welsh Government) / ONS/NRS/NISRA mid-year population estimates (via Nomis, NM_2002_1)"
Wales,WAL,2020-07,2020-07-31,rtt_waiting_list_per_1000,154.89374559306654,"per 1,000 people","StatsWales (Welsh Government) / ONS/NRS/NISRA mid-year population estimates (via Nomis, NM_2002_1)"
Wales,WAL,2020-08,2020-08-31,rtt_waiting_list_per_1000,161.1588789502149,"per 1,000 people","StatsWales (Welsh Government) / ONS/NRS/NISRA mid-year population estimates (via Nomis, NM_2002_1)"
Wales,WAL,2020-09,2020-09-30,rtt_waiting_list_per_1000,167.17211851377508,"per 1,000 people","StatsWales (Welsh Government) / ONS/NRS/NISRA mid-year population estimates (via Nomis, NM_2002_1)"
Wales,WAL,2020-10,2020-10-31,rtt_waiting_list_per_1000,169.45075878978884,"per 1,000 people","StatsWales (Welsh Government) / ONS/NRS/NISRA mid-year population estimates (via Nomis, NM_2002_1)"
Wales,WAL,2020-11,2020-11-30,rtt_waiting_list_per_1000,170.8403621472561,"per 1,000 people","StatsWales (Welsh Government) / ONS/NRS/NISRA mid-year population estimates (via Nomis, NM_2002_1)"
Wales,WAL,2020-12,2020-12-31,rtt_waiting_list_per_1000,173.91945776478724,"per 1,000 people","StatsWales (Welsh Government) / ONS/NRS/NISRA mid-year population estimates (via Nomis, NM_2002_1)"
Wales,WAL,2021-01,2021-01-31,rtt_waiting_list_per_1000,174.81202704891402,"per 1,000 people","StatsWales (Welsh Government) / ONS/NRS/NISRA mid-year population estimates (via Nomis, NM_2002_1)"
Wales,WAL,2021-02,2021-02-28,rtt_waiting_list_per_1000,177.28012292502044,"per 1,000 people","StatsWales (Welsh Government) / ONS/NRS/NISRA mid-year population estimates (via Nomis, NM_2002_1)"
Wales,WAL,2021-03,2021-03-31,rtt_waiting_list_per_1000,183.40963017845317,"per 1,000 people","StatsWales (Welsh Government) / ONS/NRS/NISRA mid-year population estimates (via Nomis, NM_2002_1)"
Wales,WAL,2021-04,2021-04-30,rtt_waiting_list_per_1000,192.32504291395665,"per 1,000 people","StatsWales (Welsh Government) / ONS/NRS/NISRA mid-year population estimates (via Nomis, NM_2002_1)"
Wales,WAL,2021-05,2021-05-31,rtt_waiting_list_per_1000,195.87697580493253,"per 1,000 people","StatsWales (Welsh Government) / ONS/NRS/NISRA mid-year population estimates (via Nomis, NM_2002_1)"
Wales,WAL,2021-06,2021-06-30,rtt_waiting_list_per_1000,201.63683216915842,"per 1,000 people","StatsWales (Welsh Government) / ONS/NRS/NISRA mid-year population estimates (via Nomis, NM_2002_1)"
Wales,WAL,2021-07,2021-07-31,rtt_waiting_list_per_1000,207.51421690843702,"per 1,000 people","StatsWales (Welsh Government) / ONS/NRS/NISRA mid-year population estimates (via Nomis, NM_2002_1)"
Wales,WAL,2021-08,2021-08-31,rtt_waiting_list_per_1000,212.16093466291736,"per 1,000 people","StatsWales (Welsh Government) / ONS/NRS/NISRA mid-year population estimates (via Nomis, NM_2002_1)"
Wales,WAL,2021-09,2021-09-30,rtt_waiting_list_per_1000,215.93568847317118,"per 1,000 people","StatsWales (Welsh Government) / ONS/NRS/NISRA mid-year population estimates (via Nomis, NM_2002_1)"
Wales,WAL,2021-10,2021-10-31,rtt_waiting_list_per_1000,219.44962588947246,"per 1,000 people","StatsWales (Welsh Government) / ONS/NRS/NISRA mid-year population estimates (via Nomis, NM_2002_1)"
Wales,WAL,2021-11,2021-11-30,rtt_waiting_list_per_1000,220.30388007855404,"per 1,000 people","StatsWales (Welsh Government) / ONS/NRS/NISRA mid-year population estimates (via Nomis, NM_2002_1)"
Wales,WAL,2021-12,2021-12-31,rtt_waiting_list_per_1000,220.6416534085,"per 1,000 people","StatsWales (Welsh Government) / ONS/NRS/NISRA mid-year population estimates (via Nomis, NM_2002_1)"
Wales,WAL,2022-01,2022-01-31,rtt_waiting_list_per_1000,219.8836158877401,"per 1,000 people","StatsWales (Welsh Government) / ONS/NRS/NISRA mid-year population estimates (via Nomis, NM_2002_1)"
Wales,WAL,2022-02,2022-02-28,rtt_waiting_list_per_1000,220.85688840085166,"per 1,000 people","StatsWales (Welsh Government) / ONS/NRS/NISRA mid-year population estimates (via Nomis, NM_2002_1)"
Wales,WAL,2022-03,2022-03-31,rtt_waiting_list_per_1000,223.89768668222285,"per 1,000 people","StatsWales (Welsh Government) / ONS/NRS/NISRA mid-year population estimates (via Nomis, NM_2002_1)"
Wales,WAL,2022-04,2022-04-30,rtt_waiting_list_per_1000,225.71303623357264,"per 1,000 people","StatsWales (Welsh Government) / ONS/NRS/NISRA mid-year population estimates (via Nomis, NM_2002_1)"
Wales,WAL,2022-05,2022-05-31,rtt_waiting_list_per_1000,230.51683356050472,"per 1,000 people","StatsWales (Welsh Government) / ONS/NRS/NISRA mid-year population estimates (via Nomis, NM_2002_1)"
Wales,WAL,2022-06,2022-06-30,rtt_waiting_list_per_1000,233.7389433497301,"per 1,000 people","StatsWales (Welsh Government) / ONS/NRS/NISRA mid-year population estimates (via Nomis, NM_2002_1)"
Wales,WAL,2022-07,2022-07-31,rtt_waiting_list_per_1000,237.24674644798625,"per 1,000 people","StatsWales (Welsh Government) / ONS/NRS/NISRA mid-year population estimates (via Nomis, NM_2002_1)"
Wales,WAL,2022-08,2022-08-31,rtt_waiting_list_per_1000,239.49813740730926,"per 1,000 people","StatsWales (Welsh Government) / ONS/NRS/NISRA mid-year population estimates (via Nomis, NM_2002_1)"
Wales,WAL,2022-09,2022-09-30,rtt_waiting_list_per_1000,240.9007479099699,"per 1,000 people","StatsWales (Welsh Government) / ONS/NRS/NISRA mid-year population estimates (via Nomis, NM_2002_1)"
Wales,WAL,2022-10,2022-10-31,rtt_waiting_list_per_1000,240.45896071477594,"per 1,000 people","StatsWales (Welsh Government) / ONS/NRS/NISRA mid-year population estimates (via Nomis, NM_2002_1)"
Wales,WAL,2022-11,2022-11-30,rtt_waiting_list_per_1000,238.85620529059318,"per 1,000 people","StatsWales (Welsh Government) / ONS/NRS/NISRA mid-year population estimates (via Nomis, NM_2002_1)"
Wales,WAL,2022-12,2022-12-31,rtt_waiting_list_per_1000,234.6630574610643,"per 1,000 people","StatsWales (Welsh Government) / ONS/NRS/NISRA mid-year population estimates (via Nomis, NM_2002_1)"
Wales,WAL,2023-01,2023-01-31,rtt_waiting_list_per_1000,231.94268698214103,"per 1,000 people","StatsWales (Welsh Government) / ONS/NRS/NISRA mid-year population estimates (via Nomis, NM_2002_1)"
Wales,WAL,2023-02,2023-02-28,rtt_waiting_list_per_1000,230.99041886843125,"per 1,000 people","StatsWales (Welsh Government) / ONS/NRS/NISRA mid-year population estimates (via Nomis, NM_2002_1)"
Wales,WAL,2023-03,2023-03-31,rtt_waiting_list_per_1000,232.13383569109735,"per 1,000 people","StatsWales (Welsh Government) / ONS/NRS/NISRA mid-year population estimates (via Nomis, NM_2002_1)"
Wales,WAL,2023-04,2023-04-30,rtt_waiting_list_per_1000,234.76852839190224,"per 1,000 people","StatsWales (Welsh Government) / ONS/NRS/NISRA mid-year population estimates (via Nomis, NM_2002_1)"
Wales,WAL,2023-05,2023-05-31,rtt_waiting_list_per_1000,236.37986461616234,"per 1,000 people","StatsWales (Welsh Government) / ONS/NRS/NISRA mid-year population estimates (via Nomis, NM_2002_1)"
Wales,WAL,2023-06,2023-06-30,rtt_waiting_list_per_1000,238.2379564465297,"per 1,000 people","StatsWales (Welsh Government) / ONS/NRS/NISRA mid-year population estimates (via Nomis, NM_2002_1)"
Wales,WAL,2023-07,2023-07-31,rtt_waiting_list_per_1000,239.21550042258082,"per 1,000 people","StatsWales (Welsh Government) / ONS/NRS/NISRA mid-year population estimates (via Nomis, NM_2002_1)"
Wales,WAL,2023-08,2023-08-31,rtt_waiting_list_per_1000,240.12922284622007,"per 1,000 people","StatsWales (Welsh Government) / ONS/NRS/NISRA mid-year population estimates (via Nomis, NM_2002_1)"
Wales,WAL,2023-09,2023-09-30,rtt_waiting_list_per_1000,240.39019612489435,"per 1,000 people","StatsWales (Welsh Government) / ONS/NRS/NISRA mid-year population estimates (via Nomis, NM_2002_1)"
Wales,WAL,2023-10,2023-10-31,rtt_waiting_list_per_1000,241.44672717076216,"per 1,000 people","StatsWales (Welsh Government) / ONS/NRS/NISRA mid-year population estimates (via Nomis, NM_2002_1)"
Wales,WAL,2023-11,2023-11-30,rtt_waiting_list_per_1000,239.6499293065725,"per 1,000 people","StatsWales (Welsh Government) / ONS/NRS/NISRA mid-year population estimates (via Nomis, NM_2002_1)"
Wales,WAL,2023-12,2023-12-31,rtt_waiting_list_per_1000,238.96210990260894,"per 1,000 people","StatsWales (Welsh Government) / ONS/NRS/NISRA mid-year population estimates (via Nomis, NM_2002_1)"
Wales,WAL,2024-01,2024-01-31,rtt_waiting_list_per_1000,237.5160834865506,"per 1,000 people","StatsWales (Welsh Government) / ONS/NRS/NISRA mid-year population estimates (via Nomis, NM_2002_1)"
Wales,WAL,2024-02,2024-02-29,rtt_waiting_list_per_1000,239.94154720544603,"per 1,000 people","StatsWales (Welsh Government) / ONS/NRS/NISRA mid-year population estimates (via Nomis, NM_2002_1)"
Wales,WAL,2024-03,2024-03-31,rtt_waiting_list_per_1000,241.94818733717878,"per 1,000 people","StatsWales (Welsh Government) / ONS/NRS/NISRA mid-year population estimates (via Nomis, NM_2002_1)"
Wales,WAL,2024-04,2024-04-30,rtt_waiting_list_per_1000,243.87773372071106,"per 1,000 people","StatsWales (Welsh Government) / ONS/NRS/NISRA mid-year population estimates (via Nomis, NM_2002_1)"
Wales,WAL,2024-05,2024-05-31,rtt_waiting_list_per_1000,247.9426195952169,"per 1,000 people","StatsWales (Welsh Government) / ONS/NRS/NISRA mid-year population estimates (via Nomis, NM_2002_1)"
Wales,WAL,2024-06,2024-06-30,rtt_waiting_list_per_1000,249.06346829354402,"per 1,000 people","StatsWales (Welsh Government) / ONS/NRS/NISRA mid-year population estimates (via Nomis, NM_2002_1)"
Wales,WAL,2024-07,2024-07-31,rtt_waiting_list_per_1000,250.67457029675427,"per 1,000 people","StatsWales (Welsh Government) / ONS/NRS/NISRA mid-year population estimates (via Nomis, NM_2002_1)"
Wales,WAL,2024-08,2024-08-31,rtt_waiting_list_per_1000,251.78597894428134,"per 1,000 people","StatsWales (Welsh Government) / ONS/NRS/NISRA mid-year population estimates (via Nomis, NM_2002_1)"
Wales,WAL,2024-09,2024-09-30,rtt_waiting_list_per_1000,252.14595954812364,"per 1,000 people","StatsWales (Welsh Government) / ONS/NRS/NISRA mid-year population estimates (via Nomis, NM_2002_1)"
Wales,WAL,2024-10,2024-10-31,rtt_waiting_list_per_1000,252.40556094512527,"per 1,000 people","StatsWales (Welsh Government) / ONS/NRS/NISRA mid-year population estimates (via Nomis, NM_2002_1)"
Wales,WAL,2024-11,2024-11-30,rtt_waiting_list_per_1000,252.4483558420856,"per 1,000 people","StatsWales (Welsh Government) / ONS/NRS/NISRA mid-year population estimates (via Nomis, NM_2002_1)"
Wales,WAL,2024-12,2024-12-31,rtt_waiting_list_per_1000,251.8589820038018,"per 1,000 people","StatsWales (Welsh Government) / ONS/NRS/NISRA mid-year population estimates (via Nomis, NM_2002_1)"
Wales,WAL,2025-01,2025-01-31,rtt_waiting_list_per_1000,250.94695389018767,"per 1,000 people","StatsWales (Welsh Government) / ONS/NRS/NISRA mid-year population estimates (via Nomis, NM_2002_1)"
Wales,WAL,2025-02,2025-02-28,rtt_waiting_list_per_1000,250.0474776083631,"per 1,000 people","StatsWales (Welsh Government) / ONS/NRS/NISRA mid-year population estimates (via Nomis, NM_2002_1)"
Wales,WAL,2025-03,2025-03-31,rtt_waiting_list_per_1000,248.81101266353002,"per 1,000 people","StatsWales (Welsh Government) / ONS/NRS/NISRA mid-year population estimates (via Nomis, NM_2002_1)"
Wales,WAL,2025-04,2025-04-30,rtt_waiting_list_per_1000,249.31082668988006,"per 1,000 people","StatsWales (Welsh Government) / ONS/NRS/NISRA mid-year population estimates (via Nomis, NM_2002_1)"
Wales,WAL,2025-05,2025-05-31,rtt_waiting_list_per_1000,251.3809448973145,"per 1,000 people","StatsWales (Welsh Government) / ONS/NRS/NISRA mid-year population estimates (via Nomis, NM_2002_1)"
Wales,WAL,2025-06,2025-06-30,rtt_waiting_list_per_1000,250.81908716384987,"per 1,000 people","StatsWales (Welsh Government) / ONS/NRS/NISRA mid-year population estimates (via Nomis, NM_2002_1)"
Wales,WAL,2025-07,2025-07-31,rtt_waiting_list_per_1000,250.51579736714226,"per 1,000 people","StatsWales (Welsh Government) / ONS/NRS/NISRA mid-year population estimates (via Nomis, NM_2002_1)"
Wales,WAL,2025-08,2025-08-31,rtt_waiting_list_per_1000,250.4928065518155,"per 1,000 people","StatsWales (Welsh Government) / ONS/NRS/NISRA mid-year population estimates (via Nomis, NM_2002_1)"
Wales,WAL,2025-09,2025-09-30,rtt_waiting_list_per_1000,248.93289547902938,"per 1,000 people","StatsWales (Welsh Government) / ONS/NRS/NISRA mid-year population estimates (via Nomis, NM_2002_1)"
Wales,WAL,2025-10,2025-10-31,rtt_waiting_list_per_1000,246.04581597080607,"per 1,000 people","StatsWales (Welsh Government) / ONS/NRS/NISRA mid-year population estimates (via Nomis, NM_2002_1)"
Wales,WAL,2025-11,2025-11-30,rtt_waiting_list_per_1000,238.6843458687867,"per 1,000 people","StatsWales (Welsh Government) / ONS/NRS/NISRA mid-year population estimates (via Nomis, NM_2002_1)"
Wales,WAL,2025-12,2025-12-31,rtt_waiting_list_per_1000,233.3580353371981,"per 1,000 people","StatsWales (Welsh Government) / ONS/NRS/NISRA mid-year population estimates (via Nomis, NM_2002_1)"
England,ENG,2007-08,2007-08-31,rtt_waiting_list_total,4186974.0,patients,NHS England (RTT Overview time series)
England,ENG,2007-09,2007-09-30,rtt_waiting_list_total,3997551.0,patients,NHS England (RTT Overview time series)
England,ENG,2007-10,2007-10-31,rtt_waiting_list_total,3939821.0,patients,NHS England (RTT Overview time series)
England,ENG,2007-11,2007-11-30,rtt_waiting_list_total,3921962.0,patients,NHS England (RTT Overview time series)
England,ENG,2007-12,2007-12-31,rtt_waiting_list_total,3853836.0,patients,NHS England (RTT Overview time series)
England,ENG,2008-01,2008-01-31,rtt_waiting_list_total,3510437.0,patients,NHS England (RTT Overview time series)
England,ENG,2008-02,2008-02-29,rtt_waiting_list_total,3116073.0,patients,NHS England (RTT Overview time series)
England,ENG,2008-03,2008-03-31,rtt_waiting_list_total,3056710.0,patients,NHS England (RTT Overview time series)
England,ENG,2008-04,2008-04-30,rtt_waiting_list_total,2940270.0,patients,NHS England (RTT Overview time series)
England,ENG,2008-05,2008-05-31,rtt_waiting_list_total,2871949.0,patients,NHS England (RTT Overview time series)
England,ENG,2008-06,2008-06-30,rtt_waiting_list_total,2743336.0,patients,NHS England (RTT Overview time series)
England,ENG,2008-07,2008-07-31,rtt_waiting_list_total,2641644.0,patients,NHS England (RTT Overview time series)
England,ENG,2008-08,2008-08-31,rtt_waiting_list_total,2675732.0,patients,NHS England (RTT Overview time series)
England,ENG,2008-09,2008-09-30,rtt_waiting_list_total,2633591.0,patients,NHS England (RTT Overview time series)
England,ENG,2008-10,2008-10-31,rtt_waiting_list_total,2474846.0,patients,NHS England (RTT Overview time series)
England,ENG,2008-11,2008-11-30,rtt_waiting_list_total,2432758.0,patients,NHS England (RTT Overview time series)
England,ENG,2008-12,2008-12-31,rtt_waiting_list_total,2345732.0,patients,NHS England (RTT Overview time series)
England,ENG,2009-01,2009-01-31,rtt_waiting_list_total,2303305.0,patients,NHS England (RTT Overview time series)
England,ENG,2009-02,2009-02-28,rtt_waiting_list_total,2310322.0,patients,NHS England (RTT Overview time series)
England,ENG,2009-03,2009-03-31,rtt_waiting_list_total,2360453.0,patients,NHS England (RTT Overview time series)
England,ENG,2009-04,2009-04-30,rtt_waiting_list_total,2417946.0,patients,NHS England (RTT Overview time series)
England,ENG,2009-05,2009-05-31,rtt_waiting_list_total,2444901.0,patients,NHS England (RTT Overview time series)
England,ENG,2009-06,2009-06-30,rtt_waiting_list_total,2482691.0,patients,NHS England (RTT Overview time series)
England,ENG,2009-07,2009-07-31,rtt_waiting_list_total,2481566.0,patients,NHS England (RTT Overview time series)
England,ENG,2009-08,2009-08-31,rtt_waiting_list_total,2459949.0,patients,NHS England (RTT Overview time series)
England,ENG,2009-09,2009-09-30,rtt_waiting_list_total,2428692.0,patients,NHS England (RTT Overview time series)
England,ENG,2009-10,2009-10-31,rtt_waiting_list_total,2376360.0,patients,NHS England (RTT Overview time series)
England,ENG,2009-11,2009-11-30,rtt_waiting_list_total,2337575.0,patients,NHS England (RTT Overview time series)
England,ENG,2009-12,2009-12-31,rtt_waiting_list_total,2365316.0,patients,NHS England (RTT Overview time series)
England,ENG,2010-01,2010-01-31,rtt_waiting_list_total,2315060.0,patients,NHS England (RTT Overview time series)
England,ENG,2010-02,2010-02-28,rtt_waiting_list_total,2337098.0,patients,NHS England (RTT Overview time series)
England,ENG,2010-03,2010-03-31,rtt_waiting_list_total,2420525.0,patients,NHS England (RTT Overview time series)
England,ENG,2010-04,2010-04-30,rtt_waiting_list_total,2508495.0,patients,NHS England (RTT Overview time series)
England,ENG,2010-05,2010-05-31,rtt_waiting_list_total,2573895.0,patients,NHS England (RTT Overview time series)
England,ENG,2010-06,2010-06-30,rtt_waiting_list_total,2569098.0,patients,NHS England (RTT Overview time series)
England,ENG,2010-07,2010-07-31,rtt_waiting_list_total,2656614.0,patients,NHS England (RTT Overview time series)
England,ENG,2010-08,2010-08-31,rtt_waiting_list_total,2654900.0,patients,NHS England (RTT Overview time series)
England,ENG,2010-09,2010-09-30,rtt_waiting_list_total,2590970.0,patients,NHS England (RTT Overview time series)
England,ENG,2010-10,2010-10-31,rtt_waiting_list_total,2571819.0,patients,NHS England (RTT Overview time series)
England,ENG,2010-11,2010-11-30,rtt_waiting_list_total,2526792.0,patients,NHS England (RTT Overview time series)
England,ENG,2010-12,2010-12-31,rtt_waiting_list_total,2411293.0,patients,NHS England (RTT Overview time series)
England,ENG,2011-01,2011-01-31,rtt_waiting_list_total,2369585.0,patients,NHS England (RTT Overview time series)
England,ENG,2011-02,2011-02-28,rtt_waiting_list_total,2441735.0,patients,NHS England (RTT Overview time series)
England,ENG,2011-03,2011-03-31,rtt_waiting_list_total,2455424.0,patients,NHS England (RTT Overview time series)
England,ENG,2011-04,2011-04-30,rtt_waiting_list_total,2473680.0,patients,NHS England (RTT Overview time series)
England,ENG,2011-05,2011-05-31,rtt_waiting_list_total,2544162.0,patients,NHS England (RTT Overview time series)
England,ENG,2011-06,2011-06-30,rtt_waiting_list_total,2550720.0,patients,NHS England (RTT Overview time series)
England,ENG,2011-07,2011-07-31,rtt_waiting_list_total,2611906.0,patients,NHS England (RTT Overview time series)
England,ENG,2011-08,2011-08-31,rtt_waiting_list_total,2614998.0,patients,NHS England (RTT Overview time series)
England,ENG,2011-09,2011-09-30,rtt_waiting_list_total,2597388.0,patients,NHS England (RTT Overview time series)
England,ENG,2011-10,2011-10-31,rtt_waiting_list_total,2567505.0,patients,NHS England (RTT Overview time series)
England,ENG,2011-11,2011-11-30,rtt_waiting_list_total,2500701.0,patients,NHS England (RTT Overview time series)
England,ENG,2011-12,2011-12-31,rtt_waiting_list_total,2385147.0,patients,NHS England (RTT Overview time series)
England,ENG,2012-01,2012-01-31,rtt_waiting_list_total,2358616.0,patients,NHS England (RTT Overview time series)
England,ENG,2012-02,2012-02-29,rtt_waiting_list_total,2381172.0,patients,NHS England (RTT Overview time series)
England,ENG,2012-03,2012-03-31,rtt_waiting_list_total,2413969.0,patients,NHS England (RTT Overview time series)
England,ENG,2012-04,2012-04-30,rtt_waiting_list_total,2480664.0,patients,NHS England (RTT Overview time series)
England,ENG,2012-05,2012-05-31,rtt_waiting_list_total,2556698.0,patients,NHS England (RTT Overview time series)
England,ENG,2012-06,2012-06-30,rtt_waiting_list_total,2635475.0,patients,NHS England (RTT Overview time series)
England,ENG,2012-07,2012-07-31,rtt_waiting_list_total,2681884.0,patients,NHS England (RTT Overview time series)
England,ENG,2012-08,2012-08-31,rtt_waiting_list_total,2636514.0,patients,NHS England (RTT Overview time series)
England,ENG,2012-09,2012-09-30,rtt_waiting_list_total,2641049.0,patients,NHS England (RTT Overview time series)
England,ENG,2012-10,2012-10-31,rtt_waiting_list_total,2636826.0,patients,NHS England (RTT Overview time series)
England,ENG,2012-11,2012-11-30,rtt_waiting_list_total,2590737.0,patients,NHS England (RTT Overview time series)
England,ENG,2012-12,2012-12-31,rtt_waiting_list_total,2565126.0,patients,NHS England (RTT Overview time series)
England,ENG,2013-01,2013-01-31,rtt_waiting_list_total,2537530.0,patients,NHS England (RTT Overview time series)
England,ENG,2013-02,2013-02-28,rtt_waiting_list_total,2571993.0,patients,NHS England (RTT Overview time series)
England,ENG,2013-03,2013-03-31,rtt_waiting_list_total,2661165.0,patients,NHS England (RTT Overview time series)
England,ENG,2013-04,2013-04-30,rtt_waiting_list_total,2748808.0,patients,NHS England (RTT Overview time series)
England,ENG,2013-05,2013-05-31,rtt_waiting_list_total,2847373.0,patients,NHS England (RTT Overview time series)
England,ENG,2013-06,2013-06-30,rtt_waiting_list_total,2879204.0,patients,NHS England (RTT Overview time series)
England,ENG,2013-07,2013-07-31,rtt_waiting_list_total,2906489.0,patients,NHS England (RTT Overview time series)
England,ENG,2013-08,2013-08-31,rtt_waiting_list_total,2936981.0,patients,NHS England (RTT Overview time series)
England,ENG,2013-09,2013-09-30,rtt_waiting_list_total,2903316.0,patients,NHS England (RTT Overview time series)
England,ENG,2013-10,2013-10-31,rtt_waiting_list_total,2912243.0,patients,NHS England (RTT Overview time series)
England,ENG,2013-11,2013-11-30,rtt_waiting_list_total,2879129.0,patients,NHS England (RTT Overview time series)
England,ENG,2013-12,2013-12-31,rtt_waiting_list_total,2880156.0,patients,NHS England (RTT Overview time series)
England,ENG,2014-01,2014-01-31,rtt_waiting_list_total,2905331.0,patients,NHS England (RTT Overview time series)
England,ENG,2014-02,2014-02-28,rtt_waiting_list_total,2911205.0,patients,NHS England (RTT Overview time series)
England,ENG,2014-03,2014-03-31,rtt_waiting_list_total,2911442.0,patients,NHS England (RTT Overview time series)
England,ENG,2014-04,2014-04-30,rtt_waiting_list_total,3020111.0,patients,NHS England (RTT Overview time series)
England,ENG,2014-05,2014-05-31,rtt_waiting_list_total,3096929.0,patients,NHS England (RTT Overview time series)
England,ENG,2014-06,2014-06-30,rtt_waiting_list_total,3136096.0,patients,NHS England (RTT Overview time series)
England,ENG,2014-07,2014-07-31,rtt_waiting_list_total,3070250.0,patients,NHS England (RTT Overview time series)
England,ENG,2014-08,2014-08-31,rtt_waiting_list_total,3090525.0,patients,NHS England (RTT Overview time series)
England,ENG,2014-09,2014-09-30,rtt_waiting_list_total,2991237.0,patients,NHS England (RTT Overview time series)
England,ENG,2014-10,2014-10-31,rtt_waiting_list_total,3005906.0,patients,NHS England (RTT Overview time series)
England,ENG,2014-11,2014-11-30,rtt_waiting_list_total,2990326.0,patients,NHS England (RTT Overview time series)
England,ENG,2014-12,2014-12-31,rtt_waiting_list_total,2928514.0,patients,NHS England (RTT Overview time series)
England,ENG,2015-10,2015-10-31,rtt_waiting_list_total,3327870.0,patients,NHS England
England,ENG,2015-11,2015-11-30,rtt_waiting_list_total,3319992.0,patients,NHS England
England,ENG,2015-12,2015-12-31,rtt_waiting_list_total,3309395.0,patients,NHS England
England,ENG,2016-01,2016-01-31,rtt_waiting_list_total,3304654.0,patients,NHS England
England,ENG,2016-02,2016-02-29,rtt_waiting_list_total,3360399.0,patients,NHS England
England,ENG,2016-03,2016-03-31,rtt_waiting_list_total,3518733.0,patients,NHS England
England,ENG,2016-04,2016-04-30,rtt_waiting_list_total,3618376.0,patients,NHS England
England,ENG,2016-05,2016-05-31,rtt_waiting_list_total,3673714.0,patients,NHS England
England,ENG,2016-06,2016-06-30,rtt_waiting_list_total,3643558.0,patients,NHS England
England,ENG,2016-08,2016-08-31,rtt_waiting_list_total,3706295.0,patients,NHS England
England,ENG,2016-09,2016-09-30,rtt_waiting_list_total,3716909.0,patients,NHS England
England,ENG,2016-10,2016-10-31,rtt_waiting_list_total,3773478.0,patients,NHS England
England,ENG,2016-11,2016-11-30,rtt_waiting_list_total,3739677.0,patients,NHS England
England,ENG,2016-12,2016-12-31,rtt_waiting_list_total,3670455.0,patients,NHS England
England,ENG,2017-01,2017-01-31,rtt_waiting_list_total,3631296.0,patients,NHS England
England,ENG,2017-02,2017-02-28,rtt_waiting_list_total,3679847.0,patients,NHS England
England,ENG,2017-03,2017-03-31,rtt_waiting_list_total,3752057.0,patients,NHS England
England,ENG,2017-04,2017-04-30,rtt_waiting_list_total,3798154.0,patients,NHS England
England,ENG,2017-05,2017-05-31,rtt_waiting_list_total,3827508.0,patients,NHS England
England,ENG,2017-06,2017-06-30,rtt_waiting_list_total,3849783.0,patients,NHS England
England,ENG,2017-07,2017-07-31,rtt_waiting_list_total,3870873.0,patients,NHS England
England,ENG,2017-08,2017-08-31,rtt_waiting_list_total,3903519.0,patients,NHS England
England,ENG,2017-09,2017-09-30,rtt_waiting_list_total,3850573.0,patients,NHS England
England,ENG,2017-10,2017-10-31,rtt_waiting_list_total,3817704.0,patients,NHS England
England,ENG,2017-11,2017-11-30,rtt_waiting_list_total,3740043.0,patients,NHS England
England,ENG,2017-12,2017-12-31,rtt_waiting_list_total,3784994.0,patients,NHS England
England,ENG,2018-01,2018-01-31,rtt_waiting_list_total,3747477.0,patients,NHS England
England,ENG,2018-02,2018-02-28,rtt_waiting_list_total,3780554.0,patients,NHS England
England,ENG,2018-03,2018-03-31,rtt_waiting_list_total,3869490.0,patients,NHS England
England,ENG,2018-04,2018-04-30,rtt_waiting_list_total,4037223.0,patients,NHS England
England,ENG,2018-05,2018-05-31,rtt_waiting_list_total,4108099.0,patients,NHS England
England,ENG,2018-06,2018-06-30,rtt_waiting_list_total,4142236.0,patients,NHS England
England,ENG,2018-07,2018-07-31,rtt_waiting_list_total,4159804.0,patients,NHS England
England,ENG,2018-08,2018-08-31,rtt_waiting_list_total,4183576.0,patients,NHS England
England,ENG,2018-09,2018-09-30,rtt_waiting_list_total,4154012.0,patients,NHS England
England,ENG,2018-10,2018-10-31,rtt_waiting_list_total,4208265.0,patients,NHS England
England,ENG,2018-11,2018-11-30,rtt_waiting_list_total,4172275.0,patients,NHS England
England,ENG,2018-12,2018-12-31,rtt_waiting_list_total,4168866.0,patients,NHS England
England,ENG,2019-01,2019-01-31,rtt_waiting_list_total,4189626.0,patients,NHS England
England,ENG,2019-02,2019-02-28,rtt_waiting_list_total,4160663.0,patients,NHS England
England,ENG,2019-03,2019-03-31,rtt_waiting_list_total,4249314.0,patients,NHS England
England,ENG,2019-04,2019-04-30,rtt_waiting_list_total,4315455.0,patients,NHS England
England,ENG,2019-05,2019-05-31,rtt_waiting_list_total,4402295.0,patients,NHS England
England,ENG,2019-06,2019-06-30,rtt_waiting_list_total,4411818.0,patients,NHS England
England,ENG,2019-07,2019-07-31,rtt_waiting_list_total,4389906.0,patients,NHS England
England,ENG,2019-08,2019-08-31,rtt_waiting_list_total,4425460.0,patients,NHS England
England,ENG,2019-09,2019-09-30,rtt_waiting_list_total,4435459.0,patients,NHS England
England,ENG,2019-10,2019-10-31,rtt_waiting_list_total,4464035.0,patients,NHS England
England,ENG,2019-11,2019-11-30,rtt_waiting_list_total,4432224.0,patients,NHS England
England,ENG,2019-12,2019-12-31,rtt_waiting_list_total,4430989.0,patients,NHS England
England,ENG,2020-01,2020-01-31,rtt_waiting_list_total,4430067.0,patients,NHS England
England,ENG,2020-02,2020-02-29,rtt_waiting_list_total,4437344.0,patients,NHS England
England,ENG,2020-03,2020-03-31,rtt_waiting_list_total,4252425.0,patients,NHS England
England,ENG,2020-04,2020-04-30,rtt_waiting_list_total,3968099.0,patients,NHS England
England,ENG,2020-05,2020-05-31,rtt_waiting_list_total,3867607.0,patients,NHS England
England,ENG,2020-06,2020-06-30,rtt_waiting_list_total,3878830.0,patients,NHS England
England,ENG,2020-07,2020-07-31,rtt_waiting_list_total,4065091.0,patients,NHS England
England,ENG,2020-08,2020-08-31,rtt_waiting_list_total,4238548.0,patients,NHS England
England,ENG,2020-09,2020-09-30,rtt_waiting_list_total,4374083.0,patients,NHS England
England,ENG,2020-10,2020-10-31,rtt_waiting_list_total,4467431.0,patients,NHS England
England,ENG,2020-11,2020-11-30,rtt_waiting_list_total,4479511.0,patients,NHS England
England,ENG,2020-12,2020-12-31,rtt_waiting_list_total,4539196.0,patients,NHS England
England,ENG,2021-01,2021-01-31,rtt_waiting_list_total,4611121.0,patients,NHS England
England,ENG,2021-02,2021-02-28,rtt_waiting_list_total,4716128.0,patients,NHS England
England,ENG,2021-03,2021-03-31,rtt_waiting_list_total,4972325.0,patients,NHS England
England,ENG,2021-04,2021-04-30,rtt_waiting_list_total,5143486.0,patients,NHS England
England,ENG,2021-05,2021-05-31,rtt_waiting_list_total,5325422.0,patients,NHS England
England,ENG,2021-06,2021-06-30,rtt_waiting_list_total,5474191.0,patients,NHS England
England,ENG,2021-07,2021-07-31,rtt_waiting_list_total,5628606.0,patients,NHS England
England,ENG,2021-08,2021-08-31,rtt_waiting_list_total,5734693.0,patients,NHS England
England,ENG,2021-09,2021-09-30,rtt_waiting_list_total,5854435.0,patients,NHS England
England,ENG,2021-10,2021-10-31,rtt_waiting_list_total,5997337.0,patients,NHS England
England,ENG,2021-11,2021-11-30,rtt_waiting_list_total,6021701.0,patients,NHS England
England,ENG,2021-12,2021-12-31,rtt_waiting_list_total,6091652.0,patients,NHS England
England,ENG,2022-01,2022-01-31,rtt_waiting_list_total,6153239.0,patients,NHS England
England,ENG,2022-02,2022-02-28,rtt_waiting_list_total,6236508.0,patients,NHS England
England,ENG,2022-03,2022-03-31,rtt_waiting_list_total,6391249.0,patients,NHS England
England,ENG,2022-04,2022-04-30,rtt_waiting_list_total,6509334.0,patients,NHS England
England,ENG,2022-05,2022-05-31,rtt_waiting_list_total,6663932.0,patients,NHS England
England,ENG,2022-06,2022-06-30,rtt_waiting_list_total,6785908.0,patients,NHS England
England,ENG,2022-07,2022-07-31,rtt_waiting_list_total,6866776.0,patients,NHS England
England,ENG,2022-08,2022-08-31,rtt_waiting_list_total,7032788.0,patients,NHS England
England,ENG,2022-09,2022-09-30,rtt_waiting_list_total,7102407.0,patients,NHS England
England,ENG,2022-10,2022-10-31,rtt_waiting_list_total,6982171.0,patients,NHS England
England,ENG,2022-11,2022-11-30,rtt_waiting_list_total,6955926.0,patients,NHS England
England,ENG,2022-12,2022-12-31,rtt_waiting_list_total,7034583.0,patients,NHS England
England,ENG,2023-01,2023-01-31,rtt_waiting_list_total,7240138.0,patients,NHS England
England,ENG,2023-02,2023-02-28,rtt_waiting_list_total,7244935.0,patients,NHS England
England,ENG,2023-03,2023-03-31,rtt_waiting_list_total,7359449.0,patients,NHS England
England,ENG,2023-04,2023-04-30,rtt_waiting_list_total,7444044.0,patients,NHS England
England,ENG,2023-05,2023-05-31,rtt_waiting_list_total,7504357.0,patients,NHS England
England,ENG,2023-06,2023-06-30,rtt_waiting_list_total,7604069.0,patients,NHS England
England,ENG,2023-07,2023-07-31,rtt_waiting_list_total,7703744.0,patients,NHS England
England,ENG,2023-08,2023-08-31,rtt_waiting_list_total,7775409.0,patients,NHS England
England,ENG,2023-09,2023-09-30,rtt_waiting_list_total,7773526.0,patients,NHS England
England,ENG,2023-10,2023-10-31,rtt_waiting_list_total,7734325.0,patients,NHS England
England,ENG,2023-11,2023-11-30,rtt_waiting_list_total,7643652.0,patients,NHS England
England,ENG,2023-12,2023-12-31,rtt_waiting_list_total,7637273.0,patients,NHS England
England,ENG,2024-01,2024-01-31,rtt_waiting_list_total,7605708.0,patients,NHS England
England,ENG,2024-02,2024-02-29,rtt_waiting_list_total,7566443.0,patients,NHS England
England,ENG,2024-03,2024-03-31,rtt_waiting_list_total,7568737.0,patients,NHS England
England,ENG,2024-04,2024-04-30,rtt_waiting_list_total,7600455.0,patients,NHS England
England,ENG,2024-05,2024-05-31,rtt_waiting_list_total,7631739.0,patients,NHS England
England,ENG,2024-06,2024-06-30,rtt_waiting_list_total,7651959.0,patients,NHS England
England,ENG,2024-07,2024-07-31,rtt_waiting_list_total,7653731.0,patients,NHS England
England,ENG,2024-08,2024-08-31,rtt_waiting_list_total,7673036.0,patients,NHS England
England,ENG,2024-09,2024-09-30,rtt_waiting_list_total,7603031.0,patients,NHS England
England,ENG,2024-10,2024-10-31,rtt_waiting_list_total,7572784.0,patients,NHS England
England,ENG,2024-11,2024-11-30,rtt_waiting_list_total,7511140.0,patients,NHS England
England,ENG,2024-12,2024-12-31,rtt_waiting_list_total,7494301.0,patients,NHS England
England,ENG,2025-01,2025-01-31,rtt_waiting_list_total,7458412.0,patients,NHS England
England,ENG,2025-02,2025-02-28,rtt_waiting_list_total,7431912.0,patients,NHS England
England,ENG,2025-03,2025-03-31,rtt_waiting_list_total,7449470.0,patients,NHS England
England,ENG,2025-04,2025-04-30,rtt_waiting_list_total,7421453.0,patients,NHS England
England,ENG,2025-05,2025-05-31,rtt_waiting_list_total,7388277.0,patients,NHS England
England,ENG,2025-06,2025-06-30,rtt_waiting_list_total,7400275.0,patients,NHS England
England,ENG,2025-07,2025-07-31,rtt_waiting_list_total,7334286.0,patients,NHS England
England,ENG,2025-08,2025-08-31,rtt_waiting_list_total,7345544.0,patients,NHS England
England,ENG,2025-09,2025-09-30,rtt_waiting_list_total,7329574.0,patients,NHS England
England,ENG,2025-10,2025-10-31,rtt_waiting_list_total,7337076.0,patients,NHS England
England,ENG,2025-11,2025-11-30,rtt_waiting_list_total,7191310.0,patients,NHS England
England,ENG,2025-12,2025-12-31,rtt_waiting_list_total,7231880.0,patients,NHS England
England,ENG,2026-01,2026-01-31,rtt_waiting_list_total,7187677.0,patients,NHS England
England,ENG,2026-02,2026-02-28,rtt_waiting_list_total,7156212.0,patients,NHS England
England,ENG,2026-03,2026-03-31,rtt_waiting_list_total,7045510.0,patients,NHS England
England,ENG,2026-04,2026-04-30,rtt_waiting_list_total,7123980.0,patients,NHS England
England,ENG,2026-05,2026-05-31,rtt_waiting_list_total,7184233.0,patients,NHS England
England,ENG,2026-06,2026-06-30,rtt_waiting_list_total,7178718.0,patients,NHS England
Northern Ireland,NIR,2008-Q2,2008-06-30,rtt_waiting_list_total,77091.0,patients,Department of Health (NI)
Northern Ireland,NIR,2008-Q3,2008-09-30,rtt_waiting_list_total,73910.0,patients,Department of Health (NI)
Northern Ireland,NIR,2008-Q4,2008-12-31,rtt_waiting_list_total,68734.0,patients,Department of Health (NI)
Northern Ireland,NIR,2009-Q1,2009-03-31,rtt_waiting_list_total,68755.0,patients,Department of Health (NI)
Northern Ireland,NIR,2009-Q2,2009-06-30,rtt_waiting_list_total,73987.0,patients,Department of Health (NI)
Northern Ireland,NIR,2009-Q3,2009-09-30,rtt_waiting_list_total,73707.0,patients,Department of Health (NI)
Northern Ireland,NIR,2009-Q4,2009-12-31,rtt_waiting_list_total,82570.0,patients,Department of Health (NI)
Northern Ireland,NIR,2010-Q1,2010-03-31,rtt_waiting_list_total,86501.0,patients,Department of Health (NI)
Northern Ireland,NIR,2010-Q2,2010-06-30,rtt_waiting_list_total,110220.0,patients,Department of Health (NI)
Northern Ireland,NIR,2010-Q3,2010-09-30,rtt_waiting_list_total,128835.0,patients,Department of Health (NI)
Northern Ireland,NIR,2010-Q4,2010-12-31,rtt_waiting_list_total,124589.0,patients,Department of Health (NI)
Northern Ireland,NIR,2011-Q1,2011-03-31,rtt_waiting_list_total,106206.0,patients,Department of Health (NI)
Northern Ireland,NIR,2011-Q2,2011-06-30,rtt_waiting_list_total,117714.0,patients,Department of Health (NI)
Northern Ireland,NIR,2011-Q3,2011-09-30,rtt_waiting_list_total,130783.0,patients,Department of Health (NI)
Northern Ireland,NIR,2011-Q4,2011-12-31,rtt_waiting_list_total,124100.0,patients,Department of Health (NI)
Northern Ireland,NIR,2012-Q1,2012-03-31,rtt_waiting_list_total,103029.0,patients,Department of Health (NI)
Northern Ireland,NIR,2012-Q2,2012-06-30,rtt_waiting_list_total,107886.0,patients,Department of Health (NI)
Northern Ireland,NIR,2012-Q3,2012-09-30,rtt_waiting_list_total,107848.0,patients,Department of Health (NI)
Northern Ireland,NIR,2012-Q4,2012-12-31,rtt_waiting_list_total,107256.0,patients,Department of Health (NI)
Northern Ireland,NIR,2013-Q1,2013-03-31,rtt_waiting_list_total,99774.0,patients,Department of Health (NI)
Northern Ireland,NIR,2013-Q2,2013-06-30,rtt_waiting_list_total,113744.0,patients,Department of Health (NI)
Northern Ireland,NIR,2013-Q3,2013-09-30,rtt_waiting_list_total,109476.0,patients,Department of Health (NI)
Northern Ireland,NIR,2013-Q4,2013-12-31,rtt_waiting_list_total,114698.0,patients,Department of Health (NI)
Northern Ireland,NIR,2014-Q1,2014-03-31,rtt_waiting_list_total,127095.0,patients,Department of Health (NI)
Northern Ireland,NIR,2014-Q2,2014-06-30,rtt_waiting_list_total,145567.0,patients,Department of Health (NI)
Northern Ireland,NIR,2014-Q3,2014-09-30,rtt_waiting_list_total,155558.0,patients,Department of Health (NI)
Northern Ireland,NIR,2014-Q4,2014-12-31,rtt_waiting_list_total,171866.0,patients,Department of Health (NI)
Northern Ireland,NIR,2015-Q1,2015-03-31,rtt_waiting_list_total,191777.0,patients,Department of Health (NI)
Northern Ireland,NIR,2015-Q2,2015-06-30,rtt_waiting_list_total,212442.0,patients,Department of Health (NI)
Northern Ireland,NIR,2015-Q3,2015-09-30,rtt_waiting_list_total,230625.0,patients,Department of Health (NI)
Northern Ireland,NIR,2015-Q4,2015-12-31,rtt_waiting_list_total,235365.0,patients,Department of Health (NI)
Northern Ireland,NIR,2016-Q1,2016-03-31,rtt_waiting_list_total,215151.0,patients,Department of Health (NI)
Northern Ireland,NIR,2016-Q2,2016-06-30,rtt_waiting_list_total,225593.0,patients,Department of Health (NI)
Northern Ireland,NIR,2016-Q3,2016-09-30,rtt_waiting_list_total,243141.0,patients,Department of Health (NI)
Northern Ireland,NIR,2016-Q4,2016-12-31,rtt_waiting_list_total,246198.0,patients,Department of Health (NI)
Northern Ireland,NIR,2017-Q1,2017-03-31,rtt_waiting_list_total,253093.0,patients,Department of Health (NI)
Northern Ireland,NIR,2017-Q2,2017-06-30,rtt_waiting_list_total,264451.0,patients,Department of Health (NI)
Northern Ireland,NIR,2017-Q3,2017-09-30,rtt_waiting_list_total,272656.0,patients,Department of Health (NI)
Northern Ireland,NIR,2017-Q4,2017-12-31,rtt_waiting_list_total,271553.0,patients,Department of Health (NI)
Northern Ireland,NIR,2018-Q1,2018-03-31,rtt_waiting_list_total,269834.0,patients,Department of Health (NI)
Northern Ireland,NIR,2018-Q2,2018-06-30,rtt_waiting_list_total,275884.0,patients,Department of Health (NI)
Northern Ireland,NIR,2018-Q3,2018-09-30,rtt_waiting_list_total,283497.0,patients,Department of Health (NI)
Northern Ireland,NIR,2018-Q4,2018-12-31,rtt_waiting_list_total,281705.0,patients,Department of Health (NI)
Northern Ireland,NIR,2019-Q1,2019-03-31,rtt_waiting_list_total,288754.0,patients,Department of Health (NI)
Northern Ireland,NIR,2019-Q2,2019-06-30,rtt_waiting_list_total,300551.0,patients,Department of Health (NI)
Northern Ireland,NIR,2019-Q3,2019-09-30,rtt_waiting_list_total,307438.0,patients,Department of Health (NI)
Northern Ireland,NIR,2019-Q4,2019-12-31,rtt_waiting_list_total,306336.0,patients,Department of Health (NI)
Northern Ireland,NIR,2020-Q1,2020-03-31,rtt_waiting_list_total,308569.0,patients,Department of Health (NI)
Northern Ireland,NIR,2020-Q2,2020-06-30,rtt_waiting_list_total,311459.0,patients,Department of Health (NI)
Northern Ireland,NIR,2020-Q3,2020-09-30,rtt_waiting_list_total,329238.0,patients,Department of Health (NI)
Northern Ireland,NIR,2020-Q4,2020-12-31,rtt_waiting_list_total,336216.0,patients,Department of Health (NI)
Northern Ireland,NIR,2021-Q1,2021-03-31,rtt_waiting_list_total,347518.0,patients,Department of Health (NI)
Northern Ireland,NIR,2021-Q2,2021-06-30,rtt_waiting_list_total,362173.0,patients,Department of Health (NI)
Northern Ireland,NIR,2021-Q3,2021-09-30,rtt_waiting_list_total,372326.0,patients,Department of Health (NI)
Northern Ireland,NIR,2021-Q4,2021-12-31,rtt_waiting_list_total,369489.0,patients,Department of Health (NI)
Northern Ireland,NIR,2022-Q1,2022-03-31,rtt_waiting_list_total,374054.0,patients,Department of Health (NI)
Northern Ireland,NIR,2022-Q2,2022-06-30,rtt_waiting_list_total,377757.0,patients,Department of Health (NI)
Northern Ireland,NIR,2022-Q3,2022-09-30,rtt_waiting_list_total,392287.0,patients,Department of Health (NI)
Northern Ireland,NIR,2022-Q4,2022-12-31,rtt_waiting_list_total,394803.0,patients,Department of Health (NI)
Northern Ireland,NIR,2023-Q1,2023-03-31,rtt_waiting_list_total,401201.0,patients,Department of Health (NI)
Northern Ireland,NIR,2023-Q2,2023-06-30,rtt_waiting_list_total,406034.0,patients,Department of Health (NI)
Northern Ireland,NIR,2023-Q3,2023-09-30,rtt_waiting_list_total,428858.0,patients,Department of Health (NI)
Northern Ireland,NIR,2023-Q4,2023-12-31,rtt_waiting_list_total,438768.0,patients,Department of Health (NI)
Northern Ireland,NIR,2024-Q1,2024-03-31,rtt_waiting_list_total,462406.0,patients,Department of Health (NI)
Northern Ireland,NIR,2025-Q1,2025-03-31,rtt_waiting_list_total,529044.0,patients,Department of Health (NI)
Northern Ireland,NIR,2025-Q3,2025-09-30,rtt_waiting_list_total,542451.0,patients,Department of Health (NI)
Northern Ireland,NIR,2025-Q4,2025-12-31,rtt_waiting_list_total,527062.0,patients,Department of Health (NI)
Northern Ireland,NIR,2026-Q1,2026-03-31,rtt_waiting_list_total,510680.0,patients,Department of Health (NI)
Scotland,SCO,2012-10,2012-10-31,rtt_waiting_list_total,247124.0,patients,Public Health Scotland
Scotland,SCO,2012-11,2012-11-30,rtt_waiting_list_total,257033.0,patients,Public Health Scotland
Scotland,SCO,2012-12,2012-12-31,rtt_waiting_list_total,254703.0,patients,Public Health Scotland
Scotland,SCO,2013-01,2013-01-31,rtt_waiting_list_total,252286.0,patients,Public Health Scotland
Scotland,SCO,2013-02,2013-02-28,rtt_waiting_list_total,255739.0,patients,Public Health Scotland
Scotland,SCO,2013-03,2013-03-31,rtt_waiting_list_total,263418.0,patients,Public Health Scotland
Scotland,SCO,2013-04,2013-04-30,rtt_waiting_list_total,273830.0,patients,Public Health Scotland
Scotland,SCO,2013-05,2013-05-31,rtt_waiting_list_total,284237.0,patients,Public Health Scotland
Scotland,SCO,2013-06,2013-06-30,rtt_waiting_list_total,287728.0,patients,Public Health Scotland
Scotland,SCO,2013-07,2013-07-31,rtt_waiting_list_total,296837.0,patients,Public Health Scotland
Scotland,SCO,2013-08,2013-08-31,rtt_waiting_list_total,298023.0,patients,Public Health Scotland
Scotland,SCO,2013-09,2013-09-30,rtt_waiting_list_total,297160.0,patients,Public Health Scotland
Scotland,SCO,2013-10,2013-10-31,rtt_waiting_list_total,300038.0,patients,Public Health Scotland
Scotland,SCO,2013-11,2013-11-30,rtt_waiting_list_total,296212.0,patients,Public Health Scotland
Scotland,SCO,2013-12,2013-12-31,rtt_waiting_list_total,292838.0,patients,Public Health Scotland
Scotland,SCO,2014-01,2014-01-31,rtt_waiting_list_total,290154.0,patients,Public Health Scotland
Scotland,SCO,2014-02,2014-02-28,rtt_waiting_list_total,291135.0,patients,Public Health Scotland
Scotland,SCO,2014-03,2014-03-31,rtt_waiting_list_total,295566.0,patients,Public Health Scotland
Scotland,SCO,2014-04,2014-04-30,rtt_waiting_list_total,301760.0,patients,Public Health Scotland
Scotland,SCO,2014-05,2014-05-31,rtt_waiting_list_total,309000.0,patients,Public Health Scotland
Scotland,SCO,2014-06,2014-06-30,rtt_waiting_list_total,310012.0,patients,Public Health Scotland
Scotland,SCO,2014-07,2014-07-31,rtt_waiting_list_total,318783.0,patients,Public Health Scotland
Scotland,SCO,2014-08,2014-08-31,rtt_waiting_list_total,315331.0,patients,Public Health Scotland
Scotland,SCO,2014-09,2014-09-30,rtt_waiting_list_total,313819.0,patients,Public Health Scotland
Scotland,SCO,2014-10,2014-10-31,rtt_waiting_list_total,321630.0,patients,Public Health Scotland
Scotland,SCO,2014-11,2014-11-30,rtt_waiting_list_total,316402.0,patients,Public Health Scotland
Scotland,SCO,2014-12,2014-12-31,rtt_waiting_list_total,312006.0,patients,Public Health Scotland
Scotland,SCO,2015-01,2015-01-31,rtt_waiting_list_total,306358.0,patients,Public Health Scotland
Scotland,SCO,2015-02,2015-02-28,rtt_waiting_list_total,309176.0,patients,Public Health Scotland
Scotland,SCO,2015-03,2015-03-31,rtt_waiting_list_total,312883.0,patients,Public Health Scotland
Scotland,SCO,2015-04,2015-04-30,rtt_waiting_list_total,322476.0,patients,Public Health Scotland
Scotland,SCO,2015-05,2015-05-31,rtt_waiting_list_total,328965.0,patients,Public Health Scotland
Scotland,SCO,2015-06,2015-06-30,rtt_waiting_list_total,334882.0,patients,Public Health Scotland
Scotland,SCO,2015-07,2015-07-31,rtt_waiting_list_total,348189.0,patients,Public Health Scotland
Scotland,SCO,2015-08,2015-08-31,rtt_waiting_list_total,345830.0,patients,Public Health Scotland
Scotland,SCO,2015-09,2015-09-30,rtt_waiting_list_total,341887.0,patients,Public Health Scotland
Scotland,SCO,2015-10,2015-10-31,rtt_waiting_list_total,343439.0,patients,Public Health Scotland
Scotland,SCO,2015-11,2015-11-30,rtt_waiting_list_total,331588.0,patients,Public Health Scotland
Scotland,SCO,2015-12,2015-12-31,rtt_waiting_list_total,325474.0,patients,Public Health Scotland
Scotland,SCO,2016-01,2016-01-31,rtt_waiting_list_total,322065.0,patients,Public Health Scotland
Scotland,SCO,2016-02,2016-02-29,rtt_waiting_list_total,324613.0,patients,Public Health Scotland
Scotland,SCO,2016-03,2016-03-31,rtt_waiting_list_total,326156.0,patients,Public Health Scotland
Scotland,SCO,2016-04,2016-04-30,rtt_waiting_list_total,342223.0,patients,Public Health Scotland
Scotland,SCO,2016-05,2016-05-31,rtt_waiting_list_total,348795.0,patients,Public Health Scotland
Scotland,SCO,2016-06,2016-06-30,rtt_waiting_list_total,356553.0,patients,Public Health Scotland
Scotland,SCO,2016-07,2016-07-31,rtt_waiting_list_total,368744.0,patients,Public Health Scotland
Scotland,SCO,2016-08,2016-08-31,rtt_waiting_list_total,368170.0,patients,Public Health Scotland
Scotland,SCO,2016-09,2016-09-30,rtt_waiting_list_total,371604.0,patients,Public Health Scotland
Scotland,SCO,2016-10,2016-10-31,rtt_waiting_list_total,373914.0,patients,Public Health Scotland
Scotland,SCO,2016-11,2016-11-30,rtt_waiting_list_total,367445.0,patients,Public Health Scotland
Scotland,SCO,2016-12,2016-12-31,rtt_waiting_list_total,363631.0,patients,Public Health Scotland
Scotland,SCO,2017-01,2017-01-31,rtt_waiting_list_total,358561.0,patients,Public Health Scotland
Scotland,SCO,2017-02,2017-02-28,rtt_waiting_list_total,358694.0,patients,Public Health Scotland
Scotland,SCO,2017-03,2017-03-31,rtt_waiting_list_total,361938.0,patients,Public Health Scotland
Scotland,SCO,2019-01,2019-01-31,rtt_waiting_list_total,390756.0,patients,Public Health Scotland
Scotland,SCO,2019-02,2019-02-28,rtt_waiting_list_total,389793.0,patients,Public Health Scotland
Scotland,SCO,2019-03,2019-03-31,rtt_waiting_list_total,387654.0,patients,Public Health Scotland
Scotland,SCO,2019-04,2019-04-30,rtt_waiting_list_total,392136.0,patients,Public Health Scotland
Scotland,SCO,2019-05,2019-05-31,rtt_waiting_list_total,398859.0,patients,Public Health Scotland
Scotland,SCO,2019-06,2019-06-30,rtt_waiting_list_total,399414.0,patients,Public Health Scotland
Scotland,SCO,2019-07,2019-07-31,rtt_waiting_list_total,406120.0,patients,Public Health Scotland
Scotland,SCO,2019-08,2019-08-31,rtt_waiting_list_total,405490.0,patients,Public Health Scotland
Scotland,SCO,2019-09,2019-09-30,rtt_waiting_list_total,396212.0,patients,Public Health Scotland
Scotland,SCO,2019-10,2019-10-31,rtt_waiting_list_total,386384.0,patients,Public Health Scotland
Scotland,SCO,2019-11,2019-11-30,rtt_waiting_list_total,371591.0,patients,Public Health Scotland
Scotland,SCO,2019-12,2019-12-31,rtt_waiting_list_total,361555.0,patients,Public Health Scotland
Scotland,SCO,2020-01,2020-01-31,rtt_waiting_list_total,354833.0,patients,Public Health Scotland
Scotland,SCO,2020-02,2020-02-29,rtt_waiting_list_total,348247.0,patients,Public Health Scotland
Scotland,SCO,2020-03,2020-03-31,rtt_waiting_list_total,335140.0,patients,Public Health Scotland
Scotland,SCO,2020-04,2020-04-30,rtt_waiting_list_total,339208.0,patients,Public Health Scotland
Scotland,SCO,2020-05,2020-05-31,rtt_waiting_list_total,343845.0,patients,Public Health Scotland
Scotland,SCO,2020-06,2020-06-30,rtt_waiting_list_total,350215.0,patients,Public Health Scotland
Scotland,SCO,2020-07,2020-07-31,rtt_waiting_list_total,371082.0,patients,Public Health Scotland
Scotland,SCO,2020-08,2020-08-31,rtt_waiting_list_total,389059.0,patients,Public Health Scotland
Scotland,SCO,2020-09,2020-09-30,rtt_waiting_list_total,403231.0,patients,Public Health Scotland
Scotland,SCO,2020-10,2020-10-31,rtt_waiting_list_total,417617.0,patients,Public Health Scotland
Scotland,SCO,2020-11,2020-11-30,rtt_waiting_list_total,418024.0,patients,Public Health Scotland
Scotland,SCO,2020-12,2020-12-31,rtt_waiting_list_total,423544.0,patients,Public Health Scotland
Scotland,SCO,2021-01,2021-01-31,rtt_waiting_list_total,422320.0,patients,Public Health Scotland
Scotland,SCO,2021-02,2021-02-28,rtt_waiting_list_total,429037.0,patients,Public Health Scotland
Scotland,SCO,2021-03,2021-03-31,rtt_waiting_list_total,443739.0,patients,Public Health Scotland
Scotland,SCO,2021-04,2021-04-30,rtt_waiting_list_total,463685.0,patients,Public Health Scotland
Scotland,SCO,2021-05,2021-05-31,rtt_waiting_list_total,477133.0,patients,Public Health Scotland
Scotland,SCO,2021-06,2021-06-30,rtt_waiting_list_total,488635.0,patients,Public Health Scotland
Scotland,SCO,2021-07,2021-07-31,rtt_waiting_list_total,505948.0,patients,Public Health Scotland
Scotland,SCO,2021-08,2021-08-31,rtt_waiting_list_total,512705.0,patients,Public Health Scotland
Scotland,SCO,2021-09,2021-09-30,rtt_waiting_list_total,520874.0,patients,Public Health Scotland
Scotland,SCO,2021-10,2021-10-31,rtt_waiting_list_total,531330.0,patients,Public Health Scotland
Scotland,SCO,2021-11,2021-11-30,rtt_waiting_list_total,529125.0,patients,Public Health Scotland
Scotland,SCO,2021-12,2021-12-31,rtt_waiting_list_total,531168.0,patients,Public Health Scotland
Scotland,SCO,2022-01,2022-01-31,rtt_waiting_list_total,535901.0,patients,Public Health Scotland
Scotland,SCO,2022-02,2022-02-28,rtt_waiting_list_total,542017.0,patients,Public Health Scotland
Scotland,SCO,2022-03,2022-03-31,rtt_waiting_list_total,550150.0,patients,Public Health Scotland
Scotland,SCO,2022-04,2022-04-30,rtt_waiting_list_total,564913.0,patients,Public Health Scotland
Scotland,SCO,2022-05,2022-05-31,rtt_waiting_list_total,575707.0,patients,Public Health Scotland
Scotland,SCO,2022-06,2022-06-30,rtt_waiting_list_total,587542.0,patients,Public Health Scotland
Scotland,SCO,2022-07,2022-07-31,rtt_waiting_list_total,602527.0,patients,Public Health Scotland
Scotland,SCO,2022-08,2022-08-31,rtt_waiting_list_total,609911.0,patients,Public Health Scotland
Scotland,SCO,2022-09,2022-09-30,rtt_waiting_list_total,618715.0,patients,Public Health Scotland
Scotland,SCO,2022-10,2022-10-31,rtt_waiting_list_total,623346.0,patients,Public Health Scotland
Scotland,SCO,2022-11,2022-11-30,rtt_waiting_list_total,623117.0,patients,Public Health Scotland
Scotland,SCO,2022-12,2022-12-31,rtt_waiting_list_total,621941.0,patients,Public Health Scotland
Scotland,SCO,2023-01,2023-01-31,rtt_waiting_list_total,620270.0,patients,Public Health Scotland
Scotland,SCO,2023-02,2023-02-28,rtt_waiting_list_total,622477.0,patients,Public Health Scotland
Scotland,SCO,2023-03,2023-03-31,rtt_waiting_list_total,633583.0,patients,Public Health Scotland
Scotland,SCO,2023-04,2023-04-30,rtt_waiting_list_total,647548.0,patients,Public Health Scotland
Scotland,SCO,2023-05,2023-05-31,rtt_waiting_list_total,659034.0,patients,Public Health Scotland
Scotland,SCO,2023-06,2023-06-30,rtt_waiting_list_total,672679.0,patients,Public Health Scotland
Scotland,SCO,2023-07,2023-07-31,rtt_waiting_list_total,685336.0,patients,Public Health Scotland
Scotland,SCO,2023-08,2023-08-31,rtt_waiting_list_total,688265.0,patients,Public Health Scotland
Scotland,SCO,2023-09,2023-09-30,rtt_waiting_list_total,694637.0,patients,Public Health Scotland
Scotland,SCO,2023-10,2023-10-31,rtt_waiting_list_total,694578.0,patients,Public Health Scotland
Scotland,SCO,2023-11,2023-11-30,rtt_waiting_list_total,689857.0,patients,Public Health Scotland
Scotland,SCO,2023-12,2023-12-31,rtt_waiting_list_total,688553.0,patients,Public Health Scotland
Scotland,SCO,2024-01,2024-01-31,rtt_waiting_list_total,686608.0,patients,Public Health Scotland
Scotland,SCO,2024-02,2024-02-29,rtt_waiting_list_total,690589.0,patients,Public Health Scotland
Scotland,SCO,2024-03,2024-03-31,rtt_waiting_list_total,697127.0,patients,Public Health Scotland
Scotland,SCO,2024-04,2024-04-30,rtt_waiting_list_total,707575.0,patients,Public Health Scotland
Scotland,SCO,2024-05,2024-05-31,rtt_waiting_list_total,714825.0,patients,Public Health Scotland
Scotland,SCO,2024-06,2024-06-30,rtt_waiting_list_total,719788.0,patients,Public Health Scotland
Scotland,SCO,2024-07,2024-07-31,rtt_waiting_list_total,730192.0,patients,Public Health Scotland
Scotland,SCO,2024-08,2024-08-31,rtt_waiting_list_total,733363.0,patients,Public Health Scotland
Scotland,SCO,2024-09,2024-09-30,rtt_waiting_list_total,729162.0,patients,Public Health Scotland
Scotland,SCO,2024-10,2024-10-31,rtt_waiting_list_total,729526.0,patients,Public Health Scotland
Scotland,SCO,2024-11,2024-11-30,rtt_waiting_list_total,726508.0,patients,Public Health Scotland
Scotland,SCO,2024-12,2024-12-31,rtt_waiting_list_total,724150.0,patients,Public Health Scotland
Scotland,SCO,2025-01,2025-01-31,rtt_waiting_list_total,723217.0,patients,Public Health Scotland
Scotland,SCO,2025-02,2025-02-28,rtt_waiting_list_total,720671.0,patients,Public Health Scotland
Scotland,SCO,2025-03,2025-03-31,rtt_waiting_list_total,719025.0,patients,Public Health Scotland
Scotland,SCO,2025-04,2025-04-30,rtt_waiting_list_total,724869.0,patients,Public Health Scotland
Scotland,SCO,2025-05,2025-05-31,rtt_waiting_list_total,729353.0,patients,Public Health Scotland
Scotland,SCO,2025-06,2025-06-30,rtt_waiting_list_total,727987.0,patients,Public Health Scotland
Scotland,SCO,2025-07,2025-07-31,rtt_waiting_list_total,732053.0,patients,Public Health Scotland
Scotland,SCO,2025-08,2025-08-31,rtt_waiting_list_total,726562.0,patients,Public Health Scotland
Scotland,SCO,2025-09,2025-09-30,rtt_waiting_list_total,716775.0,patients,Public Health Scotland
Scotland,SCO,2025-10,2025-10-31,rtt_waiting_list_total,708216.0,patients,Public Health Scotland
Scotland,SCO,2025-11,2025-11-30,rtt_waiting_list_total,689915.0,patients,Public Health Scotland
Scotland,SCO,2025-12,2025-12-31,rtt_waiting_list_total,676610.0,patients,Public Health Scotland
Scotland,SCO,2026-01,2026-01-31,rtt_waiting_list_total,664101.0,patients,Public Health Scotland
Scotland,SCO,2026-02,2026-02-28,rtt_waiting_list_total,653022.0,patients,Public Health Scotland
Scotland,SCO,2026-03,2026-03-31,rtt_waiting_list_total,644823.0,patients,Public Health Scotland
Scotland,SCO,2026-04,2026-04-30,rtt_waiting_list_total,646289.0,patients,Public Health Scotland
Scotland,SCO,2026-05,2026-05-31,rtt_waiting_list_total,653106.0,patients,Public Health Scotland
Scotland,SCO,2026-06,2026-06-30,rtt_waiting_list_total,653540.0,patients,Public Health Scotland
Wales,WAL,2011-09,2011-09-30,rtt_waiting_list_total,392467.0,patients,StatsWales (Welsh Government)
Wales,WAL,2011-10,2011-10-31,rtt_waiting_list_total,389797.0,patients,StatsWales (Welsh Government)
Wales,WAL,2011-11,2011-11-30,rtt_waiting_list_total,386977.0,patients,StatsWales (Welsh Government)
Wales,WAL,2011-12,2011-12-31,rtt_waiting_list_total,383891.0,patients,StatsWales (Welsh Government)
Wales,WAL,2012-01,2012-01-31,rtt_waiting_list_total,375719.0,patients,StatsWales (Welsh Government)
Wales,WAL,2012-02,2012-02-29,rtt_waiting_list_total,376686.0,patients,StatsWales (Welsh Government)
Wales,WAL,2012-03,2012-03-31,rtt_waiting_list_total,390228.0,patients,StatsWales (Welsh Government)
Wales,WAL,2012-04,2012-04-30,rtt_waiting_list_total,396791.0,patients,StatsWales (Welsh Government)
Wales,WAL,2012-05,2012-05-31,rtt_waiting_list_total,398469.0,patients,StatsWales (Welsh Government)
Wales,WAL,2012-06,2012-06-30,rtt_waiting_list_total,404075.0,patients,StatsWales (Welsh Government)
Wales,WAL,2012-07,2012-07-31,rtt_waiting_list_total,403185.0,patients,StatsWales (Welsh Government)
Wales,WAL,2012-08,2012-08-31,rtt_waiting_list_total,406686.0,patients,StatsWales (Welsh Government)
Wales,WAL,2012-09,2012-09-30,rtt_waiting_list_total,400622.0,patients,StatsWales (Welsh Government)
Wales,WAL,2012-10,2012-10-31,rtt_waiting_list_total,400199.0,patients,StatsWales (Welsh Government)
Wales,WAL,2012-11,2012-11-30,rtt_waiting_list_total,393474.0,patients,StatsWales (Welsh Government)
Wales,WAL,2012-12,2012-12-31,rtt_waiting_list_total,389019.0,patients,StatsWales (Welsh Government)
Wales,WAL,2013-01,2013-01-31,rtt_waiting_list_total,382690.0,patients,StatsWales (Welsh Government)
Wales,WAL,2013-02,2013-02-28,rtt_waiting_list_total,385521.0,patients,StatsWales (Welsh Government)
Wales,WAL,2013-03,2013-03-31,rtt_waiting_list_total,389871.0,patients,StatsWales (Welsh Government)
Wales,WAL,2013-04,2013-04-30,rtt_waiting_list_total,396092.0,patients,StatsWales (Welsh Government)
Wales,WAL,2013-05,2013-05-31,rtt_waiting_list_total,405735.0,patients,StatsWales (Welsh Government)
Wales,WAL,2013-06,2013-06-30,rtt_waiting_list_total,410061.0,patients,StatsWales (Welsh Government)
Wales,WAL,2013-07,2013-07-31,rtt_waiting_list_total,416498.0,patients,StatsWales (Welsh Government)
Wales,WAL,2013-08,2013-08-31,rtt_waiting_list_total,418522.0,patients,StatsWales (Welsh Government)
Wales,WAL,2013-09,2013-09-30,rtt_waiting_list_total,416937.0,patients,StatsWales (Welsh Government)
Wales,WAL,2013-10,2013-10-31,rtt_waiting_list_total,416023.0,patients,StatsWales (Welsh Government)
Wales,WAL,2013-11,2013-11-30,rtt_waiting_list_total,414771.0,patients,StatsWales (Welsh Government)
Wales,WAL,2013-12,2013-12-31,rtt_waiting_list_total,415790.0,patients,StatsWales (Welsh Government)
Wales,WAL,2014-01,2014-01-31,rtt_waiting_list_total,412152.0,patients,StatsWales (Welsh Government)
Wales,WAL,2014-02,2014-02-28,rtt_waiting_list_total,414063.0,patients,StatsWales (Welsh Government)
Wales,WAL,2014-03,2014-03-31,rtt_waiting_list_total,418442.0,patients,StatsWales (Welsh Government)
Wales,WAL,2014-04,2014-04-30,rtt_waiting_list_total,424009.0,patients,StatsWales (Welsh Government)
Wales,WAL,2014-05,2014-05-31,rtt_waiting_list_total,430389.0,patients,StatsWales (Welsh Government)
Wales,WAL,2014-06,2014-06-30,rtt_waiting_list_total,434908.0,patients,StatsWales (Welsh Government)
Wales,WAL,2014-07,2014-07-31,rtt_waiting_list_total,433784.0,patients,StatsWales (Welsh Government)
Wales,WAL,2014-08,2014-08-31,rtt_waiting_list_total,438638.0,patients,StatsWales (Welsh Government)
Wales,WAL,2014-09,2014-09-30,rtt_waiting_list_total,432920.0,patients,StatsWales (Welsh Government)
Wales,WAL,2014-10,2014-10-31,rtt_waiting_list_total,431556.0,patients,StatsWales (Welsh Government)
Wales,WAL,2014-11,2014-11-30,rtt_waiting_list_total,423548.0,patients,StatsWales (Welsh Government)
Wales,WAL,2014-12,2014-12-31,rtt_waiting_list_total,420533.0,patients,StatsWales (Welsh Government)
Wales,WAL,2015-01,2015-01-31,rtt_waiting_list_total,414674.0,patients,StatsWales (Welsh Government)
Wales,WAL,2015-02,2015-02-28,rtt_waiting_list_total,415737.0,patients,StatsWales (Welsh Government)
Wales,WAL,2015-03,2015-03-31,rtt_waiting_list_total,418382.0,patients,StatsWales (Welsh Government)
Wales,WAL,2015-04,2015-04-30,rtt_waiting_list_total,428919.0,patients,StatsWales (Welsh Government)
Wales,WAL,2015-05,2015-05-31,rtt_waiting_list_total,435020.0,patients,StatsWales (Welsh Government)
Wales,WAL,2015-06,2015-06-30,rtt_waiting_list_total,439629.0,patients,StatsWales (Welsh Government)
Wales,WAL,2015-07,2015-07-31,rtt_waiting_list_total,443844.0,patients,StatsWales (Welsh Government)
Wales,WAL,2015-08,2015-08-31,rtt_waiting_list_total,444535.0,patients,StatsWales (Welsh Government)
Wales,WAL,2015-09,2015-09-30,rtt_waiting_list_total,442620.0,patients,StatsWales (Welsh Government)
Wales,WAL,2015-10,2015-10-31,rtt_waiting_list_total,443206.0,patients,StatsWales (Welsh Government)
Wales,WAL,2015-11,2015-11-30,rtt_waiting_list_total,438842.0,patients,StatsWales (Welsh Government)
Wales,WAL,2015-12,2015-12-31,rtt_waiting_list_total,438198.0,patients,StatsWales (Welsh Government)
Wales,WAL,2016-01,2016-01-31,rtt_waiting_list_total,432304.0,patients,StatsWales (Welsh Government)
Wales,WAL,2016-02,2016-02-29,rtt_waiting_list_total,428157.0,patients,StatsWales (Welsh Government)
Wales,WAL,2016-03,2016-03-31,rtt_waiting_list_total,427970.0,patients,StatsWales (Welsh Government)
Wales,WAL,2016-04,2016-04-30,rtt_waiting_list_total,434036.0,patients,StatsWales (Welsh Government)
Wales,WAL,2016-05,2016-05-31,rtt_waiting_list_total,434166.0,patients,StatsWales (Welsh Government)
Wales,WAL,2016-06,2016-06-30,rtt_waiting_list_total,434928.0,patients,StatsWales (Welsh Government)
Wales,WAL,2016-07,2016-07-31,rtt_waiting_list_total,441541.0,patients,StatsWales (Welsh Government)
Wales,WAL,2016-08,2016-08-31,rtt_waiting_list_total,442535.0,patients,StatsWales (Welsh Government)
Wales,WAL,2016-09,2016-09-30,rtt_waiting_list_total,443820.0,patients,StatsWales (Welsh Government)
Wales,WAL,2016-10,2016-10-31,rtt_waiting_list_total,441385.0,patients,StatsWales (Welsh Government)
Wales,WAL,2016-11,2016-11-30,rtt_waiting_list_total,438708.0,patients,StatsWales (Welsh Government)
Wales,WAL,2016-12,2016-12-31,rtt_waiting_list_total,436087.0,patients,StatsWales (Welsh Government)
Wales,WAL,2017-01,2017-01-31,rtt_waiting_list_total,429487.0,patients,StatsWales (Welsh Government)
Wales,WAL,2017-02,2017-02-28,rtt_waiting_list_total,430641.0,patients,StatsWales (Welsh Government)
Wales,WAL,2017-03,2017-03-31,rtt_waiting_list_total,434536.0,patients,StatsWales (Welsh Government)
Wales,WAL,2017-04,2017-04-30,rtt_waiting_list_total,441826.0,patients,StatsWales (Welsh Government)
Wales,WAL,2017-05,2017-05-31,rtt_waiting_list_total,448176.0,patients,StatsWales (Welsh Government)
Wales,WAL,2017-06,2017-06-30,rtt_waiting_list_total,451377.0,patients,StatsWales (Welsh Government)
Wales,WAL,2017-07,2017-07-31,rtt_waiting_list_total,452495.0,patients,StatsWales (Welsh Government)
Wales,WAL,2017-08,2017-08-31,rtt_waiting_list_total,454006.0,patients,StatsWales (Welsh Government)
Wales,WAL,2017-09,2017-09-30,rtt_waiting_list_total,451739.0,patients,StatsWales (Welsh Government)
Wales,WAL,2017-10,2017-10-31,rtt_waiting_list_total,448893.0,patients,StatsWales (Welsh Government)
Wales,WAL,2017-11,2017-11-30,rtt_waiting_list_total,441418.0,patients,StatsWales (Welsh Government)
Wales,WAL,2017-12,2017-12-31,rtt_waiting_list_total,435080.0,patients,StatsWales (Welsh Government)
Wales,WAL,2018-01,2018-01-31,rtt_waiting_list_total,420717.0,patients,StatsWales (Welsh Government)
Wales,WAL,2018-02,2018-02-28,rtt_waiting_list_total,419487.0,patients,StatsWales (Welsh Government)
Wales,WAL,2018-03,2018-03-31,rtt_waiting_list_total,421346.0,patients,StatsWales (Welsh Government)
Wales,WAL,2018-04,2018-04-30,rtt_waiting_list_total,431872.0,patients,StatsWales (Welsh Government)
Wales,WAL,2018-05,2018-05-31,rtt_waiting_list_total,436478.0,patients,StatsWales (Welsh Government)
Wales,WAL,2018-06,2018-06-30,rtt_waiting_list_total,438361.0,patients,StatsWales (Welsh Government)
Wales,WAL,2018-07,2018-07-31,rtt_waiting_list_total,443492.0,patients,StatsWales (Welsh Government)
Wales,WAL,2018-08,2018-08-31,rtt_waiting_list_total,449059.0,patients,StatsWales (Welsh Government)
Wales,WAL,2018-09,2018-09-30,rtt_waiting_list_total,443789.0,patients,StatsWales (Welsh Government)
Wales,WAL,2018-10,2018-10-31,rtt_waiting_list_total,441445.0,patients,StatsWales (Welsh Government)
Wales,WAL,2018-11,2018-11-30,rtt_waiting_list_total,435835.0,patients,StatsWales (Welsh Government)
Wales,WAL,2018-12,2018-12-31,rtt_waiting_list_total,437522.0,patients,StatsWales (Welsh Government)
Wales,WAL,2019-01,2019-01-31,rtt_waiting_list_total,432042.0,patients,StatsWales (Welsh Government)
Wales,WAL,2019-02,2019-02-28,rtt_waiting_list_total,437282.0,patients,StatsWales (Welsh Government)
Wales,WAL,2019-03,2019-03-31,rtt_waiting_list_total,441882.0,patients,StatsWales (Welsh Government)
Wales,WAL,2019-04,2019-04-30,rtt_waiting_list_total,447492.0,patients,StatsWales (Welsh Government)
Wales,WAL,2019-05,2019-05-31,rtt_waiting_list_total,455104.0,patients,StatsWales (Welsh Government)
Wales,WAL,2019-06,2019-06-30,rtt_waiting_list_total,457866.0,patients,StatsWales (Welsh Government)
Wales,WAL,2019-07,2019-07-31,rtt_waiting_list_total,462097.0,patients,StatsWales (Welsh Government)
Wales,WAL,2019-08,2019-08-31,rtt_waiting_list_total,468911.0,patients,StatsWales (Welsh Government)
Wales,WAL,2019-09,2019-09-30,rtt_waiting_list_total,468425.0,patients,StatsWales (Welsh Government)
Wales,WAL,2019-10,2019-10-31,rtt_waiting_list_total,468751.0,patients,StatsWales (Welsh Government)
Wales,WAL,2019-11,2019-11-30,rtt_waiting_list_total,464689.0,patients,StatsWales (Welsh Government)
Wales,WAL,2019-12,2019-12-31,rtt_waiting_list_total,463974.0,patients,StatsWales (Welsh Government)
Wales,WAL,2020-01,2020-01-31,rtt_waiting_list_total,463869.0,patients,StatsWales (Welsh Government)
Wales,WAL,2020-02,2020-02-29,rtt_waiting_list_total,463402.0,patients,StatsWales (Welsh Government)
Wales,WAL,2020-03,2020-03-31,rtt_waiting_list_total,458154.0,patients,StatsWales (Welsh Government)
Wales,WAL,2020-04,2020-04-30,rtt_waiting_list_total,442905.0,patients,StatsWales (Welsh Government)
Wales,WAL,2020-05,2020-05-31,rtt_waiting_list_total,453947.0,patients,StatsWales (Welsh Government)
Wales,WAL,2020-06,2020-06-30,rtt_waiting_list_total,462661.0,patients,StatsWales (Welsh Government)
Wales,WAL,2020-07,2020-07-31,rtt_waiting_list_total,480865.0,patients,StatsWales (Welsh Government)
Wales,WAL,2020-08,2020-08-31,rtt_waiting_list_total,500315.0,patients,StatsWales (Welsh Government)
Wales,WAL,2020-09,2020-09-30,rtt_waiting_list_total,518983.0,patients,StatsWales (Welsh Government)
Wales,WAL,2020-10,2020-10-31,rtt_waiting_list_total,526057.0,patients,StatsWales (Welsh Government)
Wales,WAL,2020-11,2020-11-30,rtt_waiting_list_total,530371.0,patients,StatsWales (Welsh Government)
Wales,WAL,2020-12,2020-12-31,rtt_waiting_list_total,539930.0,patients,StatsWales (Welsh Government)
Wales,WAL,2021-01,2021-01-31,rtt_waiting_list_total,542902.0,patients,StatsWales (Welsh Government)
Wales,WAL,2021-02,2021-02-28,rtt_waiting_list_total,550567.0,patients,StatsWales (Welsh Government)
Wales,WAL,2021-03,2021-03-31,rtt_waiting_list_total,569603.0,patients,StatsWales (Welsh Government)
Wales,WAL,2021-04,2021-04-30,rtt_waiting_list_total,597291.0,patients,StatsWales (Welsh Government)
Wales,WAL,2021-05,2021-05-31,rtt_waiting_list_total,608322.0,patients,StatsWales (Welsh Government)
Wales,WAL,2021-06,2021-06-30,rtt_waiting_list_total,626210.0,patients,StatsWales (Welsh Government)
Wales,WAL,2021-07,2021-07-31,rtt_waiting_list_total,644463.0,patients,StatsWales (Welsh Government)
Wales,WAL,2021-08,2021-08-31,rtt_waiting_list_total,658894.0,patients,StatsWales (Welsh Government)
Wales,WAL,2021-09,2021-09-30,rtt_waiting_list_total,670617.0,patients,StatsWales (Welsh Government)
Wales,WAL,2021-10,2021-10-31,rtt_waiting_list_total,681530.0,patients,StatsWales (Welsh Government)
Wales,WAL,2021-11,2021-11-30,rtt_waiting_list_total,684183.0,patients,StatsWales (Welsh Government)
Wales,WAL,2021-12,2021-12-31,rtt_waiting_list_total,685232.0,patients,StatsWales (Welsh Government)
Wales,WAL,2022-01,2022-01-31,rtt_waiting_list_total,688836.0,patients,StatsWales (Welsh Government)
Wales,WAL,2022-02,2022-02-28,rtt_waiting_list_total,691885.0,patients,StatsWales (Welsh Government)
Wales,WAL,2022-03,2022-03-31,rtt_waiting_list_total,701411.0,patients,StatsWales (Welsh Government)
Wales,WAL,2022-04,2022-04-30,rtt_waiting_list_total,707098.0,patients,StatsWales (Welsh Government)
Wales,WAL,2022-05,2022-05-31,rtt_waiting_list_total,722147.0,patients,StatsWales (Welsh Government)
Wales,WAL,2022-06,2022-06-30,rtt_waiting_list_total,732241.0,patients,StatsWales (Welsh Government)
Wales,WAL,2022-07,2022-07-31,rtt_waiting_list_total,743230.0,patients,StatsWales (Welsh Government)
Wales,WAL,2022-08,2022-08-31,rtt_waiting_list_total,750283.0,patients,StatsWales (Welsh Government)
Wales,WAL,2022-09,2022-09-30,rtt_waiting_list_total,754677.0,patients,StatsWales (Welsh Government)
Wales,WAL,2022-10,2022-10-31,rtt_waiting_list_total,753293.0,patients,StatsWales (Welsh Government)
Wales,WAL,2022-11,2022-11-30,rtt_waiting_list_total,748272.0,patients,StatsWales (Welsh Government)
Wales,WAL,2022-12,2022-12-31,rtt_waiting_list_total,735136.0,patients,StatsWales (Welsh Government)
Wales,WAL,2023-01,2023-01-31,rtt_waiting_list_total,734116.0,patients,StatsWales (Welsh Government)
Wales,WAL,2023-02,2023-02-28,rtt_waiting_list_total,731102.0,patients,StatsWales (Welsh Government)
Wales,WAL,2023-03,2023-03-31,rtt_waiting_list_total,734721.0,patients,StatsWales (Welsh Government)
Wales,WAL,2023-04,2023-04-30,rtt_waiting_list_total,743060.0,patients,StatsWales (Welsh Government)
Wales,WAL,2023-05,2023-05-31,rtt_waiting_list_total,748160.0,patients,StatsWales (Welsh Government)
Wales,WAL,2023-06,2023-06-30,rtt_waiting_list_total,754041.0,patients,StatsWales (Welsh Government)
Wales,WAL,2023-07,2023-07-31,rtt_waiting_list_total,757135.0,patients,StatsWales (Welsh Government)
Wales,WAL,2023-08,2023-08-31,rtt_waiting_list_total,760027.0,patients,StatsWales (Welsh Government)
Wales,WAL,2023-09,2023-09-30,rtt_waiting_list_total,760853.0,patients,StatsWales (Welsh Government)
Wales,WAL,2023-10,2023-10-31,rtt_waiting_list_total,764197.0,patients,StatsWales (Welsh Government)
Wales,WAL,2023-11,2023-11-30,rtt_waiting_list_total,758510.0,patients,StatsWales (Welsh Government)
Wales,WAL,2023-12,2023-12-31,rtt_waiting_list_total,756333.0,patients,StatsWales (Welsh Government)
Wales,WAL,2024-01,2024-01-31,rtt_waiting_list_total,754814.0,patients,StatsWales (Welsh Government)
Wales,WAL,2024-02,2024-02-29,rtt_waiting_list_total,762522.0,patients,StatsWales (Welsh Government)
Wales,WAL,2024-03,2024-03-31,rtt_waiting_list_total,768899.0,patients,StatsWales (Welsh Government)
Wales,WAL,2024-04,2024-04-30,rtt_waiting_list_total,775031.0,patients,StatsWales (Welsh Government)
Wales,WAL,2024-05,2024-05-31,rtt_waiting_list_total,787949.0,patients,StatsWales (Welsh Government)
Wales,WAL,2024-06,2024-06-30,rtt_waiting_list_total,791511.0,patients,StatsWales (Welsh Government)
Wales,WAL,2024-07,2024-07-31,rtt_waiting_list_total,796631.0,patients,StatsWales (Welsh Government)
Wales,WAL,2024-08,2024-08-31,rtt_waiting_list_total,800163.0,patients,StatsWales (Welsh Government)
Wales,WAL,2024-09,2024-09-30,rtt_waiting_list_total,801307.0,patients,StatsWales (Welsh Government)
Wales,WAL,2024-10,2024-10-31,rtt_waiting_list_total,802132.0,patients,StatsWales (Welsh Government)
Wales,WAL,2024-11,2024-11-30,rtt_waiting_list_total,802268.0,patients,StatsWales (Welsh Government)
Wales,WAL,2024-12,2024-12-31,rtt_waiting_list_total,800395.0,patients,StatsWales (Welsh Government)
Wales,WAL,2025-01,2025-01-31,rtt_waiting_list_total,796802.0,patients,StatsWales (Welsh Government)
Wales,WAL,2025-02,2025-02-28,rtt_waiting_list_total,793946.0,patients,StatsWales (Welsh Government)
Wales,WAL,2025-03,2025-03-31,rtt_waiting_list_total,790020.0,patients,StatsWales (Welsh Government)
Wales,WAL,2025-04,2025-04-30,rtt_waiting_list_total,791607.0,patients,StatsWales (Welsh Government)
Wales,WAL,2025-05,2025-05-31,rtt_waiting_list_total,798180.0,patients,StatsWales (Welsh Government)
Wales,WAL,2025-06,2025-06-30,rtt_waiting_list_total,796396.0,patients,StatsWales (Welsh Government)
Wales,WAL,2025-07,2025-07-31,rtt_waiting_list_total,795433.0,patients,StatsWales (Welsh Government)
Wales,WAL,2025-08,2025-08-31,rtt_waiting_list_total,795360.0,patients,StatsWales (Welsh Government)
Wales,WAL,2025-09,2025-09-30,rtt_waiting_list_total,790407.0,patients,StatsWales (Welsh Government)
Wales,WAL,2025-10,2025-10-31,rtt_waiting_list_total,781240.0,patients,StatsWales (Welsh Government)
Wales,WAL,2025-11,2025-11-30,rtt_waiting_list_total,757866.0,patients,StatsWales (Welsh Government)
Wales,WAL,2025-12,2025-12-31,rtt_waiting_list_total,740954.0,patients,StatsWales (Welsh Government)
Wales,WAL,2026-01,2026-01-31,rtt_waiting_list_total,713048.0,patients,StatsWales (Welsh Government)
Wales,WAL,2026-02,2026-02-28,rtt_waiting_list_total,687958.0,patients,StatsWales (Welsh Government)
Wales,WAL,2026-03,2026-03-31,rtt_waiting_list_total,666694.0,patients,StatsWales (Welsh Government)
Wales,WAL,2026-04,2026-04-30,rtt_waiting_list_total,680003.0,patients,StatsWales (Welsh Government)
Wales,WAL,2026-05,2026-05-31,rtt_waiting_list_total,689721.0,patients,StatsWales (Welsh Government)
